Workbook

Sheet Commulative
A1: Department of Agriculture
A2: REGIONAL FIELD OFFICE MIMAROPA
A3: Rice Program
A5: DRY SEASON 2026 Harvesting Report
A7: MUNICIPALITY / BARANGAY | B7: NO. OF FARMER HARVESTED | C7: IRRIGATED | U7: RAINFED | AV7: =A5 -> DRY SEASON 2026 Harvesting Report | BN7: REMARKS
C9: HYBRID SEEDS | F9: REGISTERED SEEDS | I9: CERTIFIED SEEDS | L9: GOOD QUALITY SEEDS | O9: FARMERS HOME SAVED SEEDS / GS | R9: TOTAL | U9: LOWLAND | AJ9: UPLAND | AS9: TOTAL | AV9: HYBRID SEEDS | AY9: REGISTERED SEEDS | BB9: CERTIFIED SEEDS | BE9: GOOD QUALITY SEEDS | BH9: FARMERS HOME SAVED SEEDS / GS | BK9: TOTAL
U10: HYBRID SEEDS | X10: REGISTERED SEEDS | AA10: CERTIFIED SEEDS | AD10: GOOD QUALITY SEEDS | AG10: FARMERS HOME SAVED SEEDS | AJ10: CERTIFIED SEEDS | AM10: GOOD QUALITY SEEDS | AP10: FARMERS HOME SAVED SEEDS / GS
C11: Area Harvested (ha) | D11: Ave. Yield (mt/ha) | E11: Production (mt) | F11: Area Harvested (ha) | G11: Ave. Yield (mt/ha) | H11: Production (mt) | I11: Area Harvested (ha) | J11: Ave. Yield (mt/ha) | K11: Production (mt) | L11: Area Harvested (ha) | M11: Ave. Yield (mt/ha) | N11: Production (mt) | O11: Area Harvested (ha) | P11: Ave. Yield (mt/ha) | Q11: Production (mt) | R11: Area Harvested (ha) | S11: Ave. Yield (mt/ha) | T11: Production (mt) | U11: Area Harvested (ha) | V11: Ave. Yield (mt/ha) | W11: Production (mt) | X11: Area Harvested (ha) | Y11: Ave. Yield (mt/ha) | Z11: Production (mt) | AA11: Area Harvested (ha) | AB11: Ave. Yield (mt/ha) | AC11: Production (mt) | AD11: Area Harvested (ha) | AE11: Ave. Yield (mt/ha) | AF11: Production (mt) | AG11: Area Harvested (ha) | AH11: Ave. Yield (mt/ha) | AI11: Production (mt) | AJ11: Area Harvested (ha) | AK11: Ave. Yield (mt/ha) | AL11: Production (mt) | AM11: Area Harvested (ha) | AN11: Ave. Yield (mt/ha) | AO11: Production (mt) | AP11: Area Harvested (ha) | AQ11: Ave. Yield (mt/ha) | AR11: Production (mt) | AS11: Area Harvested (ha) | AT11: Ave. Yield (mt/ha) | AU11: Production (mt) | AV11: Area Harvested (ha) | AW11: Ave. Yield (mt/ha) | AX11: Production (mt) | AY11: Area Harvested (ha) | AZ11: Ave. Yield (mt/ha) | BA11: Production (mt) | BB11: Area Harvested (ha) | BC11: Ave. Yield (mt/ha) | BD11: Production (mt) | BE11: Area Harvested (ha) | BF11: Ave. Yield (mt/ha) | BG11: Production (mt) | BH11: Area Harvested (ha) | BI11: Ave. Yield (mt/ha) | BJ11: Production (mt) | BK11: Area Harvested (ha) | BL11: Ave. Yield (mt/ha) | BM11: Production (mt)
A12: Rizal | B12: =SUM(B13:B24) -> 1219 | C12: =SUM(C13:C24) -> 669.8 | D12: =E12/C12 -> 5.3011048 | E12: =SUM(E13:E24) -> 3550.68 | F12: =SUM(F13:F24) -> 0 | G12: =H12/F12 -> #DIV/0! | H12: =SUM(H13:H24) -> 0 | I12: =SUM(I13:I24) -> 658.5 | J12: =K12/I12 -> 3.9415945 | K12: =SUM(K13:K24) -> 2595.54 | L12: =SUM(L13:L24) -> 0 | M12: =N12/L12 -> #DIV/0! | N12: =SUM(N13:N24) -> 0 | O12: =SUM(O13:O24) -> 116.5 | P12: =Q12/O12 -> 3.1237768 | Q12: =SUM(Q13:Q24) -> 363.92 | R12: =SUM(R13:R24) -> 234.1 | S12: =T12/R12 -> 3.9885092 | T12: =SUM(T13:T24) -> 933.71 | U12: =SUM(U13:U24) -> 277 | V12: =W12/U12 -> 4.8083393 | W12: =SUM(W13:W24) -> 1331.91 | X12: =SUM(X13:X24) -> 0 | Y12: =Z12/X12 -> #DIV/0! | Z12: =SUM(Z13:Z24) -> 0 | AA12: =SUM(AA13:AA24) -> 471.5 | AB12: =AC12/AA12 -> 3.8280382 | AC12: =SUM(AC13:AC24) -> 1804.92 | AD12: =SUM(AD13:AD24) -> 0 | AE12: =AF12/AD12 -> #DIV/0! | AF12: =SUM(AF13:AF24) -> 0 | AG12: =SUM(AG13:AG24) -> 117.8 | AH12: =AI12/AG12 -> 3.0916808 | AI12: =SUM(AI13:AI24) -> 364.2 | AJ12: =SUM(AJ13:AJ24) -> 0 | AK12: =AL12/AJ12 -> #DIV/0! | AL12: =SUM(AL13:AL24) -> 0 | AM12: =SUM(AM13:AM24) -> 0 | AN12: =AO12/AM12 -> #DIV/0! | AO12: =SUM(AO13:AO24) -> 0 | AP12: =SUM(AP13:AP24) -> 0 | AQ12: =AR12/AP12 -> #DIV/0! | AR12: =SUM(AR13:AR24) -> 0 | AS12: =SUM(AS13:AS24) -> 866.3 | AT12: =AU12/AS12 -> 4.0413598 | AU12: =SUM(AU13:AU24) -> 3501.03 | AV12: =SUM(AV13:AV24) -> 946.8 | AW12: =AX12/AV12 -> 5.1569392 | AX12: =SUM(AX13:AX24) -> 4882.59 | AY12: =SUM(AY13:AY24) -> 0 | AZ12: =BA12/AY12 -> #DIV/0! | BA12: =SUM(BA13:BA24) -> 0 | BB12: =SUM(BB13:BB24) -> 1130 | BC12: =BD12/BB12 -> 3.8942124 | BD12: =SUM(BD13:BD24) -> 4400.46 | BE12: =SUM(BE13:BE24) -> 0 | BF12: =BG12/BE12 -> #DIV/0! | BG12: =SUM(BG13:BG24) -> 0 | BH12: =SUM(BH13:BH24) -> 234.3 | BI12: =BJ12/BH12 -> 3.1076398 | BJ12: =SUM(BJ13:BJ24) -> 728.12 | BK12: =SUM(BK13:BK24) -> 2311.1 | BL12: =BM12/BK12 -> 4.3317771 | BM12: =SUM(BM13:BM24) -> 10011.17
A13: Bunog | B13: =SUM('Jan 1-15'!B13,'Jan 16-31'!B13,'Feb 1-15'!B13,'Feb 16-29'!B13,'Mar 1-15'!B13,'Mar 16-31'!B13,'Apr 1-15'!B13,'Apr 16-30'!B13,'May 1-15'!B13,'May 16-31'!B13,'Jun 1-15'!B13,'Jun 16-30'!B13) -> 116 | C13: =SUM('Jan 1-15'!C13,'Jan 16-31'!C13,'Feb 1-15'!C13,'Feb 16-29'!C13,'Mar 1-15'!C13,'Mar 16-31'!C13,'Apr 1-15'!C13,'Apr 16-30'!C13,'May 1-15'!C13,'May 16-31'!C13,'Jun 1-15'!C13,'Jun 16-30'!C13) -> 6.9 | D13: =E13/C13 -> 5 | E13: =SUM('Jan 1-15'!E13,'Jan 16-31'!E13,'Feb 1-15'!E13,'Feb 16-29'!E13,'Mar 1-15'!E13,'Mar 16-31'!E13,'Apr 1-15'!E13,'Apr 16-30'!E13,'May 1-15'!E13,'May 16-31'!E13,'Jun 1-15'!E13,'Jun 16-30'!E13) -> 34.5 | F13: =SUM('Jan 1-15'!F13,'Jan 16-31'!F13,'Feb 1-15'!F13,'Feb 16-29'!F13,'Mar 1-15'!F13,'Mar 16-31'!F13,'Apr 1-15'!F13,'Apr 16-30'!F13,'May 1-15'!F13,'May 16-31'!F13,'Jun 1-15'!F13,'Jun 16-30'!F13) -> 0 | G13: =H13/F13 -> #DIV/0! | H13: =SUM('Jan 1-15'!H13,'Jan 16-31'!H13,'Feb 1-15'!H13,'Feb 16-29'!H13,'Mar 1-15'!H13,'Mar 16-31'!H13,'Apr 1-15'!H13,'Apr 16-30'!H13,'May 1-15'!H13,'May 16-31'!H13,'Jun 1-15'!H13,'Jun 16-30'!H13) -> 0 | I13: =SUM('Jan 1-15'!I13,'Jan 16-31'!I13,'Feb 1-15'!I13,'Feb 16-29'!I13,'Mar 1-15'!I13,'Mar 16-31'!I13,'Apr 1-15'!I13,'Apr 16-30'!I13,'May 1-15'!I13,'May 16-31'!I13,'Jun 1-15'!I13,'Jun 16-30'!I13) -> 11.5 | J13: =K13/I13 -> 3.9 | K13: =SUM('Jan 1-15'!K13,'Jan 16-31'!K13,'Feb 1-15'!K13,'Feb 16-29'!K13,'Mar 1-15'!K13,'Mar 16-31'!K13,'Apr 1-15'!K13,'Apr 16-30'!K13,'May 1-15'!K13,'May 16-31'!K13,'Jun 1-15'!K13,'Jun 16-30'!K13) -> 44.85 | L13: =SUM('Jan 1-15'!L13,'Jan 16-31'!L13,'Feb 1-15'!L13,'Feb 16-29'!L13,'Mar 1-15'!L13,'Mar 16-31'!L13,'Apr 1-15'!L13,'Apr 16-30'!L13,'May 1-15'!L13,'May 16-31'!L13,'Jun 1-15'!L13,'Jun 16-30'!L13) -> 0 | M13: =N13/L13 -> #DIV/0! | N13: =SUM('Jan 1-15'!N13,'Jan 16-31'!N13,'Feb 1-15'!N13,'Feb 16-29'!N13,'Mar 1-15'!N13,'Mar 16-31'!N13,'Apr 1-15'!N13,'Apr 16-30'!N13,'May 1-15'!N13,'May 16-31'!N13,'Jun 1-15'!N13,'Jun 16-30'!N13) -> 0 | O13: =SUM('Jan 1-15'!O13,'Jan 16-31'!O13,'Feb 1-15'!O13,'Feb 16-29'!O13,'Mar 1-15'!O13,'Mar 16-31'!O13,'Apr 1-15'!O13,'Apr 16-30'!O13,'May 1-15'!O13,'May 16-31'!O13,'Jun 1-15'!O13,'Jun 16-30'!O13) -> 15.1 | P13: =Q13/O13 -> 3.2 | Q13: =SUM('Jan 1-15'!Q13,'Jan 16-31'!Q13,'Feb 1-15'!Q13,'Feb 16-29'!Q13,'Mar 1-15'!Q13,'Mar 16-31'!Q13,'Apr 1-15'!Q13,'Apr 16-30'!Q13,'May 1-15'!Q13,'May 16-31'!Q13,'Jun 1-15'!Q13,'Jun 16-30'!Q13) -> 48.32 | R13: =SUM('Jan 1-15'!R13,'Jan 16-31'!R13,'Feb 1-15'!R13,'Feb 16-29'!R13,'Mar 1-15'!R13,'Mar 16-31'!R13,'Apr 1-15'!R13,'Apr 16-30'!R13,'May 1-15'!R13,'May 16-31'!R13,'Jun 1-15'!R13,'Jun 16-30'!R13) -> 1.8 | S13: =T13/R13 -> 4.4 | T13: =SUM('Jan 1-15'!T13,'Jan 16-31'!T13,'Feb 1-15'!T13,'Feb 16-29'!T13,'Mar 1-15'!T13,'Mar 16-31'!T13,'Apr 1-15'!T13,'Apr 16-30'!T13,'May 1-15'!T13,'May 16-31'!T13,'Jun 1-15'!T13,'Jun 16-30'!T13) -> 7.92 | U13: =SUM('Jan 1-15'!U13,'Jan 16-31'!U13,'Feb 1-15'!U13,'Feb 16-29'!U13,'Mar 1-15'!U13,'Mar 16-31'!U13,'Apr 1-15'!U13,'Apr 16-30'!U13,'May 1-15'!U13,'May 16-31'!U13,'Jun 1-15'!U13,'Jun 16-30'!U13) -> 18.4 | V13: =W13/U13 -> 5.023913 | W13: =SUM('Jan 1-15'!W13,'Jan 16-31'!W13,'Feb 1-15'!W13,'Feb 16-29'!W13,'Mar 1-15'!W13,'Mar 16-31'!W13,'Apr 1-15'!W13,'Apr 16-30'!W13,'May 1-15'!W13,'May 16-31'!W13,'Jun 1-15'!W13,'Jun 16-30'!W13) -> 92.44 | X13: =SUM('Jan 1-15'!X13,'Jan 16-31'!X13,'Feb 1-15'!X13,'Feb 16-29'!X13,'Mar 1-15'!X13,'Mar 16-31'!X13,'Apr 1-15'!X13,'Apr 16-30'!X13,'May 1-15'!X13,'May 16-31'!X13,'Jun 1-15'!X13,'Jun 16-30'!X13) -> 0 | Y13: =Z13/X13 -> #DIV/0! | Z13: =SUM('Jan 1-15'!Z13,'Jan 16-31'!Z13,'Feb 1-15'!Z13,'Feb 16-29'!Z13,'Mar 1-15'!Z13,'Mar 16-31'!Z13,'Apr 1-15'!Z13,'Apr 16-30'!Z13,'May 1-15'!Z13,'May 16-31'!Z13,'Jun 1-15'!Z13,'Jun 16-30'!Z13) -> 0 | AA13: =SUM('Jan 1-15'!AA13,'Jan 16-31'!AA13,'Feb 1-15'!AA13,'Feb 16-29'!AA13,'Mar 1-15'!AA13,'Mar 16-31'!AA13,'Apr 1-15'!AA13,'Apr 16-30'!AA13,'May 1-15'!AA13,'May 16-31'!AA13,'Jun 1-15'!AA13,'Jun 16-30'!AA13) -> 41.9 | AB13: =AC13/AA13 -> 3.6565632 | AC13: =SUM('Jan 1-15'!AC13,'Jan 16-31'!AC13,'Feb 1-15'!AC13,'Feb 16-29'!AC13,'Mar 1-15'!AC13,'Mar 16-31'!AC13,'Apr 1-15'!AC13,'Apr 16-30'!AC13,'May 1-15'!AC13,'May 16-31'!AC13,'Jun 1-15'!AC13,'Jun 16-30'!AC13) -> 153.21 | AD13: =SUM('Jan 1-15'!AD13,'Jan 16-31'!AD13,'Feb 1-15'!AD13,'Feb 16-29'!AD13,'Mar 1-15'!AD13,'Mar 16-31'!AD13,'Apr 1-15'!AD13,'Apr 16-30'!AD13,'May 1-15'!AD13,'May 16-31'!AD13,'Jun 1-15'!AD13,'Jun 16-30'!AD13) -> 0 | AE13: =AF13/AD13 -> #DIV/0! | AF13: =SUM('Jan 1-15'!AF13,'Jan 16-31'!AF13,'Feb 1-15'!AF13,'Feb 16-29'!AF13,'Mar 1-15'!AF13,'Mar 16-31'!AF13,'Apr 1-15'!AF13,'Apr 16-30'!AF13,'May 1-15'!AF13,'May 16-31'!AF13,'Jun 1-15'!AF13,'Jun 16-30'!AF13) -> 0 | AG13: =SUM('Jan 1-15'!AG13,'Jan 16-31'!AG13,'Feb 1-15'!AG13,'Feb 16-29'!AG13,'Mar 1-15'!AG13,'Mar 16-31'!AG13,'Apr 1-15'!AG13,'Apr 16-30'!AG13,'May 1-15'!AG13,'May 16-31'!AG13,'Jun 1-15'!AG13,'Jun 16-30'!AG13) -> 47.4 | AH13: =AI13/AG13 -> 3 | AI13: =SUM('Jan 1-15'!AI13,'Jan 16-31'!AI13,'Feb 1-15'!AI13,'Feb 16-29'!AI13,'Mar 1-15'!AI13,'Mar 16-31'!AI13,'Apr 1-15'!AI13,'Apr 16-30'!AI13,'May 1-15'!AI13,'May 16-31'!AI13,'Jun 1-15'!AI13,'Jun 16-30'!AI13) -> 142.2 | AJ13: =SUM('Jan 1-15'!AJ13,'Jan 16-31'!AJ13,'Feb 1-15'!AJ13,'Feb 16-29'!AJ13,'Mar 1-15'!AJ13,'Mar 16-31'!AJ13,'Apr 1-15'!AJ13,'Apr 16-30'!AJ13,'May 1-15'!AJ13,'May 16-31'!AJ13,'Jun 1-15'!AJ13,'Jun 16-30'!AJ13) -> 0 | AK13: =AL13/AJ13 -> #DIV/0! | AL13: =SUM('Jan 1-15'!AL13,'Jan 16-31'!AL13,'Feb 1-15'!AL13,'Feb 16-29'!AL13,'Mar 1-15'!AL13,'Mar 16-31'!AL13,'Apr 1-15'!AL13,'Apr 16-30'!AL13,'May 1-15'!AL13,'May 16-31'!AL13,'Jun 1-15'!AL13,'Jun 16-30'!AL13) -> 0 | AM13: =SUM('Jan 1-15'!AM13,'Jan 16-31'!AM13,'Feb 1-15'!AM13,'Feb 16-29'!AM13,'Mar 1-15'!AM13,'Mar 16-31'!AM13,'Apr 1-15'!AM13,'Apr 16-30'!AM13,'May 1-15'!AM13,'May 16-31'!AM13,'Jun 1-15'!AM13,'Jun 16-30'!AM13) -> 0 | AN13: =AO13/AM13 -> #DIV/0! | AO13: =SUM('Jan 1-15'!AO13,'Jan 16-31'!AO13,'Feb 1-15'!AO13,'Feb 16-29'!AO13,'Mar 1-15'!AO13,'Mar 16-31'!AO13,'Apr 1-15'!AO13,'Apr 16-30'!AO13,'May 1-15'!AO13,'May 16-31'!AO13,'Jun 1-15'!AO13,'Jun 16-30'!AO13) -> 0 | AP13: =SUM('Jan 1-15'!AP13,'Jan 16-31'!AP13,'Feb 1-15'!AP13,'Feb 16-29'!AP13,'Mar 1-15'!AP13,'Mar 16-31'!AP13,'Apr 1-15'!AP13,'Apr 16-30'!AP13,'May 1-15'!AP13,'May 16-31'!AP13,'Jun 1-15'!AP13,'Jun 16-30'!AP13) -> 0 | AQ13: =AR13/AP13 -> #DIV/0! | AR13: =SUM('Jan 1-15'!AR13,'Jan 16-31'!AR13,'Feb 1-15'!AR13,'Feb 16-29'!AR13,'Mar 1-15'!AR13,'Mar 16-31'!AR13,'Apr 1-15'!AR13,'Apr 16-30'!AR13,'May 1-15'!AR13,'May 16-31'!AR13,'Jun 1-15'!AR13,'Jun 16-30'!AR13) -> 0 | AS13: =U13+X13+AA13+AD13+AG13+AJ13+AM13+AP13 -> 107.7 | AT13: =AU13/AS13 -> 3.6012071 | AU13: =W13+Z13+AC13+AF13+AI13+AL13+AO13+AR13 -> 387.85 | AV13: =C13+U13 -> 25.3 | AW13: =AX13/AV13 -> 5.0173913 | AX13: =E13+W13 -> 126.94 | AY13: =F13+X13 -> 0 | AZ13: =BA13/AY13 -> #DIV/0! | BA13: =H13+Z13 -> 0 | BB13: =AJ13+AA13+I13 -> 53.4 | BC13: =BD13/BB13 -> 3.7089888 | BD13: =AL13+AC13+K13 -> 198.06 | BE13: =AM13+AD13+L13 -> 0 | BF13: =BG13/BE13 -> #DIV/0! | BG13: =AO13+AF13+N13 -> 0 | BH13: =AP13+AG13+O13 -> 62.5 | BI13: =BJ13/BH13 -> 3.04832 | BJ13: =AR13+AI13+Q13 -> 190.52 | BK13: =AV13+AY13+BB13+BE13+BH13 -> 141.2 | BL13: =BM13/BK13 -> 3.6509915 | BM13: =AX13+BA13+BD13+BG13+BJ13 -> 515.52
A14: Campong Ulay | B14: =SUM('Jan 1-15'!B14,'Jan 16-31'!B14,'Feb 1-15'!B14,'Feb 16-29'!B14,'Mar 1-15'!B14,'Mar 16-31'!B14,'Apr 1-15'!B14,'Apr 16-30'!B14,'May 1-15'!B14,'May 16-31'!B14,'Jun 1-15'!B14,'Jun 16-30'!B14) -> 88 | C14: =SUM('Jan 1-15'!C14,'Jan 16-31'!C14,'Feb 1-15'!C14,'Feb 16-29'!C14,'Mar 1-15'!C14,'Mar 16-31'!C14,'Apr 1-15'!C14,'Apr 16-30'!C14,'May 1-15'!C14,'May 16-31'!C14,'Jun 1-15'!C14,'Jun 16-30'!C14) -> 37.3 | D14: =E14/C14 -> 4.919571 | E14: =SUM('Jan 1-15'!E14,'Jan 16-31'!E14,'Feb 1-15'!E14,'Feb 16-29'!E14,'Mar 1-15'!E14,'Mar 16-31'!E14,'Apr 1-15'!E14,'Apr 16-30'!E14,'May 1-15'!E14,'May 16-31'!E14,'Jun 1-15'!E14,'Jun 16-30'!E14) -> 183.5 | F14: =SUM('Jan 1-15'!F14,'Jan 16-31'!F14,'Feb 1-15'!F14,'Feb 16-29'!F14,'Mar 1-15'!F14,'Mar 16-31'!F14,'Apr 1-15'!F14,'Apr 16-30'!F14,'May 1-15'!F14,'May 16-31'!F14,'Jun 1-15'!F14,'Jun 16-30'!F14) -> 0 | G14: =H14/F14 -> #DIV/0! | H14: =SUM('Jan 1-15'!H14,'Jan 16-31'!H14,'Feb 1-15'!H14,'Feb 16-29'!H14,'Mar 1-15'!H14,'Mar 16-31'!H14,'Apr 1-15'!H14,'Apr 16-30'!H14,'May 1-15'!H14,'May 16-31'!H14,'Jun 1-15'!H14,'Jun 16-30'!H14) -> 0 | I14: =SUM('Jan 1-15'!I14,'Jan 16-31'!I14,'Feb 1-15'!I14,'Feb 16-29'!I14,'Mar 1-15'!I14,'Mar 16-31'!I14,'Apr 1-15'!I14,'Apr 16-30'!I14,'May 1-15'!I14,'May 16-31'!I14,'Jun 1-15'!I14,'Jun 16-30'!I14) -> 66.2 | J14: =K14/I14 -> 3.9803625 | K14: =SUM('Jan 1-15'!K14,'Jan 16-31'!K14,'Feb 1-15'!K14,'Feb 16-29'!K14,'Mar 1-15'!K14,'Mar 16-31'!K14,'Apr 1-15'!K14,'Apr 16-30'!K14,'May 1-15'!K14,'May 16-31'!K14,'Jun 1-15'!K14,'Jun 16-30'!K14) -> 263.5 | L14: =SUM('Jan 1-15'!L14,'Jan 16-31'!L14,'Feb 1-15'!L14,'Feb 16-29'!L14,'Mar 1-15'!L14,'Mar 16-31'!L14,'Apr 1-15'!L14,'Apr 16-30'!L14,'May 1-15'!L14,'May 16-31'!L14,'Jun 1-15'!L14,'Jun 16-30'!L14) -> 0 | M14: =N14/L14 -> #DIV/0! | N14: =SUM('Jan 1-15'!N14,'Jan 16-31'!N14,'Feb 1-15'!N14,'Feb 16-29'!N14,'Mar 1-15'!N14,'Mar 16-31'!N14,'Apr 1-15'!N14,'Apr 16-30'!N14,'May 1-15'!N14,'May 16-31'!N14,'Jun 1-15'!N14,'Jun 16-30'!N14) -> 0 | O14: =SUM('Jan 1-15'!O14,'Jan 16-31'!O14,'Feb 1-15'!O14,'Feb 16-29'!O14,'Mar 1-15'!O14,'Mar 16-31'!O14,'Apr 1-15'!O14,'Apr 16-30'!O14,'May 1-15'!O14,'May 16-31'!O14,'Jun 1-15'!O14,'Jun 16-30'!O14) -> 25.5 | P14: =Q14/O14 -> 3.1607843 | Q14: =SUM('Jan 1-15'!Q14,'Jan 16-31'!Q14,'Feb 1-15'!Q14,'Feb 16-29'!Q14,'Mar 1-15'!Q14,'Mar 16-31'!Q14,'Apr 1-15'!Q14,'Apr 16-30'!Q14,'May 1-15'!Q14,'May 16-31'!Q14,'Jun 1-15'!Q14,'Jun 16-30'!Q14) -> 80.6 | R14: =SUM('Jan 1-15'!R14,'Jan 16-31'!R14,'Feb 1-15'!R14,'Feb 16-29'!R14,'Mar 1-15'!R14,'Mar 16-31'!R14,'Apr 1-15'!R14,'Apr 16-30'!R14,'May 1-15'!R14,'May 16-31'!R14,'Jun 1-15'!R14,'Jun 16-30'!R14) -> 29.5 | S14: =T14/R14 -> 4.1322034 | T14: =SUM('Jan 1-15'!T14,'Jan 16-31'!T14,'Feb 1-15'!T14,'Feb 16-29'!T14,'Mar 1-15'!T14,'Mar 16-31'!T14,'Apr 1-15'!T14,'Apr 16-30'!T14,'May 1-15'!T14,'May 16-31'!T14,'Jun 1-15'!T14,'Jun 16-30'!T14) -> 121.9 | U14: =SUM('Jan 1-15'!U14,'Jan 16-31'!U14,'Feb 1-15'!U14,'Feb 16-29'!U14,'Mar 1-15'!U14,'Mar 16-31'!U14,'Apr 1-15'!U14,'Apr 16-30'!U14,'May 1-15'!U14,'May 16-31'!U14,'Jun 1-15'!U14,'Jun 16-30'!U14) -> 0 | V14: =W14/U14 -> #DIV/0! | W14: =SUM('Jan 1-15'!W14,'Jan 16-31'!W14,'Feb 1-15'!W14,'Feb 16-29'!W14,'Mar 1-15'!W14,'Mar 16-31'!W14,'Apr 1-15'!W14,'Apr 16-30'!W14,'May 1-15'!W14,'May 16-31'!W14,'Jun 1-15'!W14,'Jun 16-30'!W14) -> 0 | X14: =SUM('Jan 1-15'!X14,'Jan 16-31'!X14,'Feb 1-15'!X14,'Feb 16-29'!X14,'Mar 1-15'!X14,'Mar 16-31'!X14,'Apr 1-15'!X14,'Apr 16-30'!X14,'May 1-15'!X14,'May 16-31'!X14,'Jun 1-15'!X14,'Jun 16-30'!X14) -> 0 | Y14: =Z14/X14 -> #DIV/0! | Z14: =SUM('Jan 1-15'!Z14,'Jan 16-31'!Z14,'Feb 1-15'!Z14,'Feb 16-29'!Z14,'Mar 1-15'!Z14,'Mar 16-31'!Z14,'Apr 1-15'!Z14,'Apr 16-30'!Z14,'May 1-15'!Z14,'May 16-31'!Z14,'Jun 1-15'!Z14,'Jun 16-30'!Z14) -> 0 | AA14: =SUM('Jan 1-15'!AA14,'Jan 16-31'!AA14,'Feb 1-15'!AA14,'Feb 16-29'!AA14,'Mar 1-15'!AA14,'Mar 16-31'!AA14,'Apr 1-15'!AA14,'Apr 16-30'!AA14,'May 1-15'!AA14,'May 16-31'!AA14,'Jun 1-15'!AA14,'Jun 16-30'!AA14) -> 8 | AB14: =AC14/AA14 -> 3.98125 | AC14: =SUM('Jan 1-15'!AC14,'Jan 16-31'!AC14,'Feb 1-15'!AC14,'Feb 16-29'!AC14,'Mar 1-15'!AC14,'Mar 16-31'!AC14,'Apr 1-15'!AC14,'Apr 16-30'!AC14,'May 1-15'!AC14,'May 16-31'!AC14,'Jun 1-15'!AC14,'Jun 16-30'!AC14) -> 31.85 | AD14: =SUM('Jan 1-15'!AD14,'Jan 16-31'!AD14,'Feb 1-15'!AD14,'Feb 16-29'!AD14,'Mar 1-15'!AD14,'Mar 16-31'!AD14,'Apr 1-15'!AD14,'Apr 16-30'!AD14,'May 1-15'!AD14,'May 16-31'!AD14,'Jun 1-15'!AD14,'Jun 16-30'!AD14) -> 0 | AE14: =AF14/AD14 -> #DIV/0! | AF14: =SUM('Jan 1-15'!AF14,'Jan 16-31'!AF14,'Feb 1-15'!AF14,'Feb 16-29'!AF14,'Mar 1-15'!AF14,'Mar 16-31'!AF14,'Apr 1-15'!AF14,'Apr 16-30'!AF14,'May 1-15'!AF14,'May 16-31'!AF14,'Jun 1-15'!AF14,'Jun 16-30'!AF14) -> 0 | AG14: =SUM('Jan 1-15'!AG14,'Jan 16-31'!AG14,'Feb 1-15'!AG14,'Feb 16-29'!AG14,'Mar 1-15'!AG14,'Mar 16-31'!AG14,'Apr 1-15'!AG14,'Apr 16-30'!AG14,'May 1-15'!AG14,'May 16-31'!AG14,'Jun 1-15'!AG14,'Jun 16-30'!AG14) -> 0 | AH14: =AI14/AG14 -> #DIV/0! | AI14: =SUM('Jan 1-15'!AI14,'Jan 16-31'!AI14,'Feb 1-15'!AI14,'Feb 16-29'!AI14,'Mar 1-15'!AI14,'Mar 16-31'!AI14,'Apr 1-15'!AI14,'Apr 16-30'!AI14,'May 1-15'!AI14,'May 16-31'!AI14,'Jun 1-15'!AI14,'Jun 16-30'!AI14) -> 0 | AJ14: =SUM('Jan 1-15'!AJ14,'Jan 16-31'!AJ14,'Feb 1-15'!AJ14,'Feb 16-29'!AJ14,'Mar 1-15'!AJ14,'Mar 16-31'!AJ14,'Apr 1-15'!AJ14,'Apr 16-30'!AJ14,'May 1-15'!AJ14,'May 16-31'!AJ14,'Jun 1-15'!AJ14,'Jun 16-30'!AJ14) -> 0 | AK14: =AL14/AJ14 -> #DIV/0! | AL14: =SUM('Jan 1-15'!AL14,'Jan 16-31'!AL14,'Feb 1-15'!AL14,'Feb 16-29'!AL14,'Mar 1-15'!AL14,'Mar 16-31'!AL14,'Apr 1-15'!AL14,'Apr 16-30'!AL14,'May 1-15'!AL14,'May 16-31'!AL14,'Jun 1-15'!AL14,'Jun 16-30'!AL14) -> 0 | AM14: =SUM('Jan 1-15'!AM14,'Jan 16-31'!AM14,'Feb 1-15'!AM14,'Feb 16-29'!AM14,'Mar 1-15'!AM14,'Mar 16-31'!AM14,'Apr 1-15'!AM14,'Apr 16-30'!AM14,'May 1-15'!AM14,'May 16-31'!AM14,'Jun 1-15'!AM14,'Jun 16-30'!AM14) -> 0 | AN14: =AO14/AM14 -> #DIV/0! | AO14: =SUM('Jan 1-15'!AO14,'Jan 16-31'!AO14,'Feb 1-15'!AO14,'Feb 16-29'!AO14,'Mar 1-15'!AO14,'Mar 16-31'!AO14,'Apr 1-15'!AO14,'Apr 16-30'!AO14,'May 1-15'!AO14,'May 16-31'!AO14,'Jun 1-15'!AO14,'Jun 16-30'!AO14) -> 0 | AP14: =SUM('Jan 1-15'!AP14,'Jan 16-31'!AP14,'Feb 1-15'!AP14,'Feb 16-29'!AP14,'Mar 1-15'!AP14,'Mar 16-31'!AP14,'Apr 1-15'!AP14,'Apr 16-30'!AP14,'May 1-15'!AP14,'May 16-31'!AP14,'Jun 1-15'!AP14,'Jun 16-30'!AP14) -> 0 | AQ14: =AR14/AP14 -> #DIV/0! | AR14: =SUM('Jan 1-15'!AR14,'Jan 16-31'!AR14,'Feb 1-15'!AR14,'Feb 16-29'!AR14,'Mar 1-15'!AR14,'Mar 16-31'!AR14,'Apr 1-15'!AR14,'Apr 16-30'!AR14,'May 1-15'!AR14,'May 16-31'!AR14,'Jun 1-15'!AR14,'Jun 16-30'!AR14) -> 0 | AS14: =U14+X14+AA14+AD14+AG14+AJ14+AM14+AP14 -> 8 | AT14: =AU14/AS14 -> 3.98125 | AU14: =W14+Z14+AC14+AF14+AI14+AL14+AO14+AR14 -> 31.85 | AV14: =C14+U14 -> 37.3 | AW14: =AX14/AV14 -> 4.919571 | AX14: =E14+W14 -> 183.5 | AY14: =F14+X14 -> 0 | AZ14: =BA14/AY14 -> #DIV/0! | BA14: =H14+Z14 -> 0 | BB14: =AJ14+AA14+I14 -> 74.2 | BC14: =BD14/BB14 -> 3.9804582 | BD14: =AL14+AC14+K14 -> 295.35 | BE14: =AM14+AD14+L14 -> 0 | BF14: =BG14/BE14 -> #DIV/0! | BG14: =AO14+AF14+N14 -> 0 | BH14: =AP14+AG14+O14 -> 25.5 | BI14: =BJ14/BH14 -> 3.1607843 | BJ14: =AR14+AI14+Q14 -> 80.6 | BK14: =AV14+AY14+BB14+BE14+BH14 -> 137 | BL14: =BM14/BK14 -> 4.0835766 | BM14: =AX14+BA14+BD14+BG14+BJ14 -> 559.45
A15: Candawaga | B15: =SUM('Jan 1-15'!B15,'Jan 16-31'!B15,'Feb 1-15'!B15,'Feb 16-29'!B15,'Mar 1-15'!B15,'Mar 16-31'!B15,'Apr 1-15'!B15,'Apr 16-30'!B15,'May 1-15'!B15,'May 16-31'!B15,'Jun 1-15'!B15,'Jun 16-30'!B15) -> 198 | C15: =SUM('Jan 1-15'!C15,'Jan 16-31'!C15,'Feb 1-15'!C15,'Feb 16-29'!C15,'Mar 1-15'!C15,'Mar 16-31'!C15,'Apr 1-15'!C15,'Apr 16-30'!C15,'May 1-15'!C15,'May 16-31'!C15,'Jun 1-15'!C15,'Jun 16-30'!C15) -> 322.3 | D15: =E15/C15 -> 5.2808253 | E15: =SUM('Jan 1-15'!E15,'Jan 16-31'!E15,'Feb 1-15'!E15,'Feb 16-29'!E15,'Mar 1-15'!E15,'Mar 16-31'!E15,'Apr 1-15'!E15,'Apr 16-30'!E15,'May 1-15'!E15,'May 16-31'!E15,'Jun 1-15'!E15,'Jun 16-30'!E15) -> 1702.01 | F15: =SUM('Jan 1-15'!F15,'Jan 16-31'!F15,'Feb 1-15'!F15,'Feb 16-29'!F15,'Mar 1-15'!F15,'Mar 16-31'!F15,'Apr 1-15'!F15,'Apr 16-30'!F15,'May 1-15'!F15,'May 16-31'!F15,'Jun 1-15'!F15,'Jun 16-30'!F15) -> 0 | G15: =H15/F15 -> #DIV/0! | H15: =SUM('Jan 1-15'!H15,'Jan 16-31'!H15,'Feb 1-15'!H15,'Feb 16-29'!H15,'Mar 1-15'!H15,'Mar 16-31'!H15,'Apr 1-15'!H15,'Apr 16-30'!H15,'May 1-15'!H15,'May 16-31'!H15,'Jun 1-15'!H15,'Jun 16-30'!H15) -> 0 | I15: =SUM('Jan 1-15'!I15,'Jan 16-31'!I15,'Feb 1-15'!I15,'Feb 16-29'!I15,'Mar 1-15'!I15,'Mar 16-31'!I15,'Apr 1-15'!I15,'Apr 16-30'!I15,'May 1-15'!I15,'May 16-31'!I15,'Jun 1-15'!I15,'Jun 16-30'!I15) -> 78.4 | J15: =K15/I15 -> 4.2 | K15: =SUM('Jan 1-15'!K15,'Jan 16-31'!K15,'Feb 1-15'!K15,'Feb 16-29'!K15,'Mar 1-15'!K15,'Mar 16-31'!K15,'Apr 1-15'!K15,'Apr 16-30'!K15,'May 1-15'!K15,'May 16-31'!K15,'Jun 1-15'!K15,'Jun 16-30'!K15) -> 329.28 | L15: =SUM('Jan 1-15'!L15,'Jan 16-31'!L15,'Feb 1-15'!L15,'Feb 16-29'!L15,'Mar 1-15'!L15,'Mar 16-31'!L15,'Apr 1-15'!L15,'Apr 16-30'!L15,'May 1-15'!L15,'May 16-31'!L15,'Jun 1-15'!L15,'Jun 16-30'!L15) -> 0 | M15: =N15/L15 -> #DIV/0! | N15: =SUM('Jan 1-15'!N15,'Jan 16-31'!N15,'Feb 1-15'!N15,'Feb 16-29'!N15,'Mar 1-15'!N15,'Mar 16-31'!N15,'Apr 1-15'!N15,'Apr 16-30'!N15,'May 1-15'!N15,'May 16-31'!N15,'Jun 1-15'!N15,'Jun 16-30'!N15) -> 0 | O15: =SUM('Jan 1-15'!O15,'Jan 16-31'!O15,'Feb 1-15'!O15,'Feb 16-29'!O15,'Mar 1-15'!O15,'Mar 16-31'!O15,'Apr 1-15'!O15,'Apr 16-30'!O15,'May 1-15'!O15,'May 16-31'!O15,'Jun 1-15'!O15,'Jun 16-30'!O15) -> 0 | P15: =Q15/O15 -> #DIV/0! | Q15: =SUM('Jan 1-15'!Q15,'Jan 16-31'!Q15,'Feb 1-15'!Q15,'Feb 16-29'!Q15,'Mar 1-15'!Q15,'Mar 16-31'!Q15,'Apr 1-15'!Q15,'Apr 16-30'!Q15,'May 1-15'!Q15,'May 16-31'!Q15,'Jun 1-15'!Q15,'Jun 16-30'!Q15) -> 0 | R15: =SUM('Jan 1-15'!R15,'Jan 16-31'!R15,'Feb 1-15'!R15,'Feb 16-29'!R15,'Mar 1-15'!R15,'Mar 16-31'!R15,'Apr 1-15'!R15,'Apr 16-30'!R15,'May 1-15'!R15,'May 16-31'!R15,'Jun 1-15'!R15,'Jun 16-30'!R15) -> 31.6 | S15: =T15/R15 -> 4.721519 | T15: =SUM('Jan 1-15'!T15,'Jan 16-31'!T15,'Feb 1-15'!T15,'Feb 16-29'!T15,'Mar 1-15'!T15,'Mar 16-31'!T15,'Apr 1-15'!T15,'Apr 16-30'!T15,'May 1-15'!T15,'May 16-31'!T15,'Jun 1-15'!T15,'Jun 16-30'!T15) -> 149.2 | U15: =SUM('Jan 1-15'!U15,'Jan 16-31'!U15,'Feb 1-15'!U15,'Feb 16-29'!U15,'Mar 1-15'!U15,'Mar 16-31'!U15,'Apr 1-15'!U15,'Apr 16-30'!U15,'May 1-15'!U15,'May 16-31'!U15,'Jun 1-15'!U15,'Jun 16-30'!U15) -> 29.3 | V15: =W15/U15 -> 5.2 | W15: =SUM('Jan 1-15'!W15,'Jan 16-31'!W15,'Feb 1-15'!W15,'Feb 16-29'!W15,'Mar 1-15'!W15,'Mar 16-31'!W15,'Apr 1-15'!W15,'Apr 16-30'!W15,'May 1-15'!W15,'May 16-31'!W15,'Jun 1-15'!W15,'Jun 16-30'!W15) -> 152.36 | X15: =SUM('Jan 1-15'!X15,'Jan 16-31'!X15,'Feb 1-15'!X15,'Feb 16-29'!X15,'Mar 1-15'!X15,'Mar 16-31'!X15,'Apr 1-15'!X15,'Apr 16-30'!X15,'May 1-15'!X15,'May 16-31'!X15,'Jun 1-15'!X15,'Jun 16-30'!X15) -> 0 | Y15: =Z15/X15 -> #DIV/0! | Z15: =SUM('Jan 1-15'!Z15,'Jan 16-31'!Z15,'Feb 1-15'!Z15,'Feb 16-29'!Z15,'Mar 1-15'!Z15,'Mar 16-31'!Z15,'Apr 1-15'!Z15,'Apr 16-30'!Z15,'May 1-15'!Z15,'May 16-31'!Z15,'Jun 1-15'!Z15,'Jun 16-30'!Z15) -> 0 | AA15: =SUM('Jan 1-15'!AA15,'Jan 16-31'!AA15,'Feb 1-15'!AA15,'Feb 16-29'!AA15,'Mar 1-15'!AA15,'Mar 16-31'!AA15,'Apr 1-15'!AA15,'Apr 16-30'!AA15,'May 1-15'!AA15,'May 16-31'!AA15,'Jun 1-15'!AA15,'Jun 16-30'!AA15) -> 26.9 | AB15: =AC15/AA15 -> 4 | AC15: =SUM('Jan 1-15'!AC15,'Jan 16-31'!AC15,'Feb 1-15'!AC15,'Feb 16-29'!AC15,'Mar 1-15'!AC15,'Mar 16-31'!AC15,'Apr 1-15'!AC15,'Apr 16-30'!AC15,'May 1-15'!AC15,'May 16-31'!AC15,'Jun 1-15'!AC15,'Jun 16-30'!AC15) -> 107.6 | AD15: =SUM('Jan 1-15'!AD15,'Jan 16-31'!AD15,'Feb 1-15'!AD15,'Feb 16-29'!AD15,'Mar 1-15'!AD15,'Mar 16-31'!AD15,'Apr 1-15'!AD15,'Apr 16-30'!AD15,'May 1-15'!AD15,'May 16-31'!AD15,'Jun 1-15'!AD15,'Jun 16-30'!AD15) -> 0 | AE15: =AF15/AD15 -> #DIV/0! | AF15: =SUM('Jan 1-15'!AF15,'Jan 16-31'!AF15,'Feb 1-15'!AF15,'Feb 16-29'!AF15,'Mar 1-15'!AF15,'Mar 16-31'!AF15,'Apr 1-15'!AF15,'Apr 16-30'!AF15,'May 1-15'!AF15,'May 16-31'!AF15,'Jun 1-15'!AF15,'Jun 16-30'!AF15) -> 0 | AG15: =SUM('Jan 1-15'!AG15,'Jan 16-31'!AG15,'Feb 1-15'!AG15,'Feb 16-29'!AG15,'Mar 1-15'!AG15,'Mar 16-31'!AG15,'Apr 1-15'!AG15,'Apr 16-30'!AG15,'May 1-15'!AG15,'May 16-31'!AG15,'Jun 1-15'!AG15,'Jun 16-30'!AG15) -> 3 | AH15: =AI15/AG15 -> 3.2 | AI15: =SUM('Jan 1-15'!AI15,'Jan 16-31'!AI15,'Feb 1-15'!AI15,'Feb 16-29'!AI15,'Mar 1-15'!AI15,'Mar 16-31'!AI15,'Apr 1-15'!AI15,'Apr 16-30'!AI15,'May 1-15'!AI15,'May 16-31'!AI15,'Jun 1-15'!AI15,'Jun 16-30'!AI15) -> 9.6 | AJ15: =SUM('Jan 1-15'!AJ15,'Jan 16-31'!AJ15,'Feb 1-15'!AJ15,'Feb 16-29'!AJ15,'Mar 1-15'!AJ15,'Mar 16-31'!AJ15,'Apr 1-15'!AJ15,'Apr 16-30'!AJ15,'May 1-15'!AJ15,'May 16-31'!AJ15,'Jun 1-15'!AJ15,'Jun 16-30'!AJ15) -> 0 | AK15: =AL15/AJ15 -> #DIV/0! | AL15: =SUM('Jan 1-15'!AL15,'Jan 16-31'!AL15,'Feb 1-15'!AL15,'Feb 16-29'!AL15,'Mar 1-15'!AL15,'Mar 16-31'!AL15,'Apr 1-15'!AL15,'Apr 16-30'!AL15,'May 1-15'!AL15,'May 16-31'!AL15,'Jun 1-15'!AL15,'Jun 16-30'!AL15) -> 0 | AM15: =SUM('Jan 1-15'!AM15,'Jan 16-31'!AM15,'Feb 1-15'!AM15,'Feb 16-29'!AM15,'Mar 1-15'!AM15,'Mar 16-31'!AM15,'Apr 1-15'!AM15,'Apr 16-30'!AM15,'May 1-15'!AM15,'May 16-31'!AM15,'Jun 1-15'!AM15,'Jun 16-30'!AM15) -> 0 | AN15: =AO15/AM15 -> #DIV/0! | AO15: =SUM('Jan 1-15'!AO15,'Jan 16-31'!AO15,'Feb 1-15'!AO15,'Feb 16-29'!AO15,'Mar 1-15'!AO15,'Mar 16-31'!AO15,'Apr 1-15'!AO15,'Apr 16-30'!AO15,'May 1-15'!AO15,'May 16-31'!AO15,'Jun 1-15'!AO15,'Jun 16-30'!AO15) -> 0 | AP15: =SUM('Jan 1-15'!AP15,'Jan 16-31'!AP15,'Feb 1-15'!AP15,'Feb 16-29'!AP15,'Mar 1-15'!AP15,'Mar 16-31'!AP15,'Apr 1-15'!AP15,'Apr 16-30'!AP15,'May 1-15'!AP15,'May 16-31'!AP15,'Jun 1-15'!AP15,'Jun 16-30'!AP15) -> 0 | AQ15: =AR15/AP15 -> #DIV/0! | AR15: =SUM('Jan 1-15'!AR15,'Jan 16-31'!AR15,'Feb 1-15'!AR15,'Feb 16-29'!AR15,'Mar 1-15'!AR15,'Mar 16-31'!AR15,'Apr 1-15'!AR15,'Apr 16-30'!AR15,'May 1-15'!AR15,'May 16-31'!AR15,'Jun 1-15'!AR15,'Jun 16-30'!AR15) -> 0 | AS15: =U15+X15+AA15+AD15+AG15+AJ15+AM15+AP15 -> 59.2 | AT15: =AU15/AS15 -> 4.5533784 | AU15: =W15+Z15+AC15+AF15+AI15+AL15+AO15+AR15 -> 269.56 | AV15: =C15+U15 -> 351.6 | AW15: =AX15/AV15 -> 5.2740899 | AX15: =E15+W15 -> 1854.37 | AY15: =F15+X15 -> 0 | AZ15: =BA15/AY15 -> #DIV/0! | BA15: =H15+Z15 -> 0 | BB15: =AJ15+AA15+I15 -> 105.3 | BC15: =BD15/BB15 -> 4.1489079 | BD15: =AL15+AC15+K15 -> 436.88 | BE15: =AM15+AD15+L15 -> 0 | BF15: =BG15/BE15 -> #DIV/0! | BG15: =AO15+AF15+N15 -> 0 | BH15: =AP15+AG15+O15 -> 3 | BI15: =BJ15/BH15 -> 3.2 | BJ15: =AR15+AI15+Q15 -> 9.6 | BK15: =AV15+AY15+BB15+BE15+BH15 -> 459.9 | BL15: =BM15/BK15 -> 5.0029354 | BM15: =AX15+BA15+BD15+BG15+BJ15 -> 2300.85
A16: Canipaan | B16: =SUM('Jan 1-15'!B16,'Jan 16-31'!B16,'Feb 1-15'!B16,'Feb 16-29'!B16,'Mar 1-15'!B16,'Mar 16-31'!B16,'Apr 1-15'!B16,'Apr 16-30'!B16,'May 1-15'!B16,'May 16-31'!B16,'Jun 1-15'!B16,'Jun 16-30'!B16) -> 99 | C16: =SUM('Jan 1-15'!C16,'Jan 16-31'!C16,'Feb 1-15'!C16,'Feb 16-29'!C16,'Mar 1-15'!C16,'Mar 16-31'!C16,'Apr 1-15'!C16,'Apr 16-30'!C16,'May 1-15'!C16,'May 16-31'!C16,'Jun 1-15'!C16,'Jun 16-30'!C16) -> 5.8 | D16: =E16/C16 -> 5 | E16: =SUM('Jan 1-15'!E16,'Jan 16-31'!E16,'Feb 1-15'!E16,'Feb 16-29'!E16,'Mar 1-15'!E16,'Mar 16-31'!E16,'Apr 1-15'!E16,'Apr 16-30'!E16,'May 1-15'!E16,'May 16-31'!E16,'Jun 1-15'!E16,'Jun 16-30'!E16) -> 29 | F16: =SUM('Jan 1-15'!F16,'Jan 16-31'!F16,'Feb 1-15'!F16,'Feb 16-29'!F16,'Mar 1-15'!F16,'Mar 16-31'!F16,'Apr 1-15'!F16,'Apr 16-30'!F16,'May 1-15'!F16,'May 16-31'!F16,'Jun 1-15'!F16,'Jun 16-30'!F16) -> 0 | G16: =H16/F16 -> #DIV/0! | H16: =SUM('Jan 1-15'!H16,'Jan 16-31'!H16,'Feb 1-15'!H16,'Feb 16-29'!H16,'Mar 1-15'!H16,'Mar 16-31'!H16,'Apr 1-15'!H16,'Apr 16-30'!H16,'May 1-15'!H16,'May 16-31'!H16,'Jun 1-15'!H16,'Jun 16-30'!H16) -> 0 | I16: =SUM('Jan 1-15'!I16,'Jan 16-31'!I16,'Feb 1-15'!I16,'Feb 16-29'!I16,'Mar 1-15'!I16,'Mar 16-31'!I16,'Apr 1-15'!I16,'Apr 16-30'!I16,'May 1-15'!I16,'May 16-31'!I16,'Jun 1-15'!I16,'Jun 16-30'!I16) -> 33 | J16: =K16/I16 -> 3.9 | K16: =SUM('Jan 1-15'!K16,'Jan 16-31'!K16,'Feb 1-15'!K16,'Feb 16-29'!K16,'Mar 1-15'!K16,'Mar 16-31'!K16,'Apr 1-15'!K16,'Apr 16-30'!K16,'May 1-15'!K16,'May 16-31'!K16,'Jun 1-15'!K16,'Jun 16-30'!K16) -> 128.7 | L16: =SUM('Jan 1-15'!L16,'Jan 16-31'!L16,'Feb 1-15'!L16,'Feb 16-29'!L16,'Mar 1-15'!L16,'Mar 16-31'!L16,'Apr 1-15'!L16,'Apr 16-30'!L16,'May 1-15'!L16,'May 16-31'!L16,'Jun 1-15'!L16,'Jun 16-30'!L16) -> 0 | M16: =N16/L16 -> #DIV/0! | N16: =SUM('Jan 1-15'!N16,'Jan 16-31'!N16,'Feb 1-15'!N16,'Feb 16-29'!N16,'Mar 1-15'!N16,'Mar 16-31'!N16,'Apr 1-15'!N16,'Apr 16-30'!N16,'May 1-15'!N16,'May 16-31'!N16,'Jun 1-15'!N16,'Jun 16-30'!N16) -> 0 | O16: =SUM('Jan 1-15'!O16,'Jan 16-31'!O16,'Feb 1-15'!O16,'Feb 16-29'!O16,'Mar 1-15'!O16,'Mar 16-31'!O16,'Apr 1-15'!O16,'Apr 16-30'!O16,'May 1-15'!O16,'May 16-31'!O16,'Jun 1-15'!O16,'Jun 16-30'!O16) -> 2.8 | P16: =Q16/O16 -> 3.2 | Q16: =SUM('Jan 1-15'!Q16,'Jan 16-31'!Q16,'Feb 1-15'!Q16,'Feb 16-29'!Q16,'Mar 1-15'!Q16,'Mar 16-31'!Q16,'Apr 1-15'!Q16,'Apr 16-30'!Q16,'May 1-15'!Q16,'May 16-31'!Q16,'Jun 1-15'!Q16,'Jun 16-30'!Q16) -> 8.96 | R16: =SUM('Jan 1-15'!R16,'Jan 16-31'!R16,'Feb 1-15'!R16,'Feb 16-29'!R16,'Mar 1-15'!R16,'Mar 16-31'!R16,'Apr 1-15'!R16,'Apr 16-30'!R16,'May 1-15'!R16,'May 16-31'!R16,'Jun 1-15'!R16,'Jun 16-30'!R16) -> 11.3 | S16: =T16/R16 -> 4.1725664 | T16: =SUM('Jan 1-15'!T16,'Jan 16-31'!T16,'Feb 1-15'!T16,'Feb 16-29'!T16,'Mar 1-15'!T16,'Mar 16-31'!T16,'Apr 1-15'!T16,'Apr 16-30'!T16,'May 1-15'!T16,'May 16-31'!T16,'Jun 1-15'!T16,'Jun 16-30'!T16) -> 47.15 | U16: =SUM('Jan 1-15'!U16,'Jan 16-31'!U16,'Feb 1-15'!U16,'Feb 16-29'!U16,'Mar 1-15'!U16,'Mar 16-31'!U16,'Apr 1-15'!U16,'Apr 16-30'!U16,'May 1-15'!U16,'May 16-31'!U16,'Jun 1-15'!U16,'Jun 16-30'!U16) -> 24 | V16: =W16/U16 -> 4.84 | W16: =SUM('Jan 1-15'!W16,'Jan 16-31'!W16,'Feb 1-15'!W16,'Feb 16-29'!W16,'Mar 1-15'!W16,'Mar 16-31'!W16,'Apr 1-15'!W16,'Apr 16-30'!W16,'May 1-15'!W16,'May 16-31'!W16,'Jun 1-15'!W16,'Jun 16-30'!W16) -> 116.16 | X16: =SUM('Jan 1-15'!X16,'Jan 16-31'!X16,'Feb 1-15'!X16,'Feb 16-29'!X16,'Mar 1-15'!X16,'Mar 16-31'!X16,'Apr 1-15'!X16,'Apr 16-30'!X16,'May 1-15'!X16,'May 16-31'!X16,'Jun 1-15'!X16,'Jun 16-30'!X16) -> 0 | Y16: =Z16/X16 -> #DIV/0! | Z16: =SUM('Jan 1-15'!Z16,'Jan 16-31'!Z16,'Feb 1-15'!Z16,'Feb 16-29'!Z16,'Mar 1-15'!Z16,'Mar 16-31'!Z16,'Apr 1-15'!Z16,'Apr 16-30'!Z16,'May 1-15'!Z16,'May 16-31'!Z16,'Jun 1-15'!Z16,'Jun 16-30'!Z16) -> 0 | AA16: =SUM('Jan 1-15'!AA16,'Jan 16-31'!AA16,'Feb 1-15'!AA16,'Feb 16-29'!AA16,'Mar 1-15'!AA16,'Mar 16-31'!AA16,'Apr 1-15'!AA16,'Apr 16-30'!AA16,'May 1-15'!AA16,'May 16-31'!AA16,'Jun 1-15'!AA16,'Jun 16-30'!AA16) -> 143.7 | AB16: =AC16/AA16 -> 3.7432846 | AC16: =SUM('Jan 1-15'!AC16,'Jan 16-31'!AC16,'Feb 1-15'!AC16,'Feb 16-29'!AC16,'Mar 1-15'!AC16,'Mar 16-31'!AC16,'Apr 1-15'!AC16,'Apr 16-30'!AC16,'May 1-15'!AC16,'May 16-31'!AC16,'Jun 1-15'!AC16,'Jun 16-30'!AC16) -> 537.91 | AD16: =SUM('Jan 1-15'!AD16,'Jan 16-31'!AD16,'Feb 1-15'!AD16,'Feb 16-29'!AD16,'Mar 1-15'!AD16,'Mar 16-31'!AD16,'Apr 1-15'!AD16,'Apr 16-30'!AD16,'May 1-15'!AD16,'May 16-31'!AD16,'Jun 1-15'!AD16,'Jun 16-30'!AD16) -> 0 | AE16: =AF16/AD16 -> #DIV/0! | AF16: =SUM('Jan 1-15'!AF16,'Jan 16-31'!AF16,'Feb 1-15'!AF16,'Feb 16-29'!AF16,'Mar 1-15'!AF16,'Mar 16-31'!AF16,'Apr 1-15'!AF16,'Apr 16-30'!AF16,'May 1-15'!AF16,'May 16-31'!AF16,'Jun 1-15'!AF16,'Jun 16-30'!AF16) -> 0 | AG16: =SUM('Jan 1-15'!AG16,'Jan 16-31'!AG16,'Feb 1-15'!AG16,'Feb 16-29'!AG16,'Mar 1-15'!AG16,'Mar 16-31'!AG16,'Apr 1-15'!AG16,'Apr 16-30'!AG16,'May 1-15'!AG16,'May 16-31'!AG16,'Jun 1-15'!AG16,'Jun 16-30'!AG16) -> 20.5 | AH16: =AI16/AG16 -> 3.2 | AI16: =SUM('Jan 1-15'!AI16,'Jan 16-31'!AI16,'Feb 1-15'!AI16,'Feb 16-29'!AI16,'Mar 1-15'!AI16,'Mar 16-31'!AI16,'Apr 1-15'!AI16,'Apr 16-30'!AI16,'May 1-15'!AI16,'May 16-31'!AI16,'Jun 1-15'!AI16,'Jun 16-30'!AI16) -> 65.6 | AJ16: =SUM('Jan 1-15'!AJ16,'Jan 16-31'!AJ16,'Feb 1-15'!AJ16,'Feb 16-29'!AJ16,'Mar 1-15'!AJ16,'Mar 16-31'!AJ16,'Apr 1-15'!AJ16,'Apr 16-30'!AJ16,'May 1-15'!AJ16,'May 16-31'!AJ16,'Jun 1-15'!AJ16,'Jun 16-30'!AJ16) -> 0 | AK16: =AL16/AJ16 -> #DIV/0! | AL16: =SUM('Jan 1-15'!AL16,'Jan 16-31'!AL16,'Feb 1-15'!AL16,'Feb 16-29'!AL16,'Mar 1-15'!AL16,'Mar 16-31'!AL16,'Apr 1-15'!AL16,'Apr 16-30'!AL16,'May 1-15'!AL16,'May 16-31'!AL16,'Jun 1-15'!AL16,'Jun 16-30'!AL16) -> 0 | AM16: =SUM('Jan 1-15'!AM16,'Jan 16-31'!AM16,'Feb 1-15'!AM16,'Feb 16-29'!AM16,'Mar 1-15'!AM16,'Mar 16-31'!AM16,'Apr 1-15'!AM16,'Apr 16-30'!AM16,'May 1-15'!AM16,'May 16-31'!AM16,'Jun 1-15'!AM16,'Jun 16-30'!AM16) -> 0 | AN16: =AO16/AM16 -> #DIV/0! | AO16: =SUM('Jan 1-15'!AO16,'Jan 16-31'!AO16,'Feb 1-15'!AO16,'Feb 16-29'!AO16,'Mar 1-15'!AO16,'Mar 16-31'!AO16,'Apr 1-15'!AO16,'Apr 16-30'!AO16,'May 1-15'!AO16,'May 16-31'!AO16,'Jun 1-15'!AO16,'Jun 16-30'!AO16) -> 0 | AP16: =SUM('Jan 1-15'!AP16,'Jan 16-31'!AP16,'Feb 1-15'!AP16,'Feb 16-29'!AP16,'Mar 1-15'!AP16,'Mar 16-31'!AP16,'Apr 1-15'!AP16,'Apr 16-30'!AP16,'May 1-15'!AP16,'May 16-31'!AP16,'Jun 1-15'!AP16,'Jun 16-30'!AP16) -> 0 | AQ16: =AR16/AP16 -> #DIV/0! | AR16: =SUM('Jan 1-15'!AR16,'Jan 16-31'!AR16,'Feb 1-15'!AR16,'Feb 16-29'!AR16,'Mar 1-15'!AR16,'Mar 16-31'!AR16,'Apr 1-15'!AR16,'Apr 16-30'!AR16,'May 1-15'!AR16,'May 16-31'!AR16,'Jun 1-15'!AR16,'Jun 16-30'!AR16) -> 0 | AS16: =U16+X16+AA16+AD16+AG16+AJ16+AM16+AP16 -> 188.2 | AT16: =AU16/AS16 -> 3.8239639 | AU16: =W16+Z16+AC16+AF16+AI16+AL16+AO16+AR16 -> 719.67 | AV16: =C16+U16 -> 29.8 | AW16: =AX16/AV16 -> 4.8711409 | AX16: =E16+W16 -> 145.16 | AY16: =F16+X16 -> 0 | AZ16: =BA16/AY16 -> #DIV/0! | BA16: =H16+Z16 -> 0 | BB16: =AJ16+AA16+I16 -> 176.7 | BC16: =BD16/BB16 -> 3.7725523 | BD16: =AL16+AC16+K16 -> 666.61 | BE16: =AM16+AD16+L16 -> 0 | BF16: =BG16/BE16 -> #DIV/0! | BG16: =AO16+AF16+N16 -> 0 | BH16: =AP16+AG16+O16 -> 23.3 | BI16: =BJ16/BH16 -> 3.2 | BJ16: =AR16+AI16+Q16 -> 74.56 | BK16: =AV16+AY16+BB16+BE16+BH16 -> 229.8 | BL16: =BM16/BK16 -> 3.8569626 | BM16: =AX16+BA16+BD16+BG16+BJ16 -> 886.33
A17: Culasian | B17: =SUM('Jan 1-15'!B17,'Jan 16-31'!B17,'Feb 1-15'!B17,'Feb 16-29'!B17,'Mar 1-15'!B17,'Mar 16-31'!B17,'Apr 1-15'!B17,'Apr 16-30'!B17,'May 1-15'!B17,'May 16-31'!B17,'Jun 1-15'!B17,'Jun 16-30'!B17) -> 27 | C17: =SUM('Jan 1-15'!C17,'Jan 16-31'!C17,'Feb 1-15'!C17,'Feb 16-29'!C17,'Mar 1-15'!C17,'Mar 16-31'!C17,'Apr 1-15'!C17,'Apr 16-30'!C17,'May 1-15'!C17,'May 16-31'!C17,'Jun 1-15'!C17,'Jun 16-30'!C17) -> 7 | D17: =E17/C17 -> 5 | E17: =SUM('Jan 1-15'!E17,'Jan 16-31'!E17,'Feb 1-15'!E17,'Feb 16-29'!E17,'Mar 1-15'!E17,'Mar 16-31'!E17,'Apr 1-15'!E17,'Apr 16-30'!E17,'May 1-15'!E17,'May 16-31'!E17,'Jun 1-15'!E17,'Jun 16-30'!E17) -> 35 | F17: =SUM('Jan 1-15'!F17,'Jan 16-31'!F17,'Feb 1-15'!F17,'Feb 16-29'!F17,'Mar 1-15'!F17,'Mar 16-31'!F17,'Apr 1-15'!F17,'Apr 16-30'!F17,'May 1-15'!F17,'May 16-31'!F17,'Jun 1-15'!F17,'Jun 16-30'!F17) -> 0 | G17: =H17/F17 -> #DIV/0! | H17: =SUM('Jan 1-15'!H17,'Jan 16-31'!H17,'Feb 1-15'!H17,'Feb 16-29'!H17,'Mar 1-15'!H17,'Mar 16-31'!H17,'Apr 1-15'!H17,'Apr 16-30'!H17,'May 1-15'!H17,'May 16-31'!H17,'Jun 1-15'!H17,'Jun 16-30'!H17) -> 0 | I17: =SUM('Jan 1-15'!I17,'Jan 16-31'!I17,'Feb 1-15'!I17,'Feb 16-29'!I17,'Mar 1-15'!I17,'Mar 16-31'!I17,'Apr 1-15'!I17,'Apr 16-30'!I17,'May 1-15'!I17,'May 16-31'!I17,'Jun 1-15'!I17,'Jun 16-30'!I17) -> 18.9 | J17: =K17/I17 -> 3.721164 | K17: =SUM('Jan 1-15'!K17,'Jan 16-31'!K17,'Feb 1-15'!K17,'Feb 16-29'!K17,'Mar 1-15'!K17,'Mar 16-31'!K17,'Apr 1-15'!K17,'Apr 16-30'!K17,'May 1-15'!K17,'May 16-31'!K17,'Jun 1-15'!K17,'Jun 16-30'!K17) -> 70.33 | L17: =SUM('Jan 1-15'!L17,'Jan 16-31'!L17,'Feb 1-15'!L17,'Feb 16-29'!L17,'Mar 1-15'!L17,'Mar 16-31'!L17,'Apr 1-15'!L17,'Apr 16-30'!L17,'May 1-15'!L17,'May 16-31'!L17,'Jun 1-15'!L17,'Jun 16-30'!L17) -> 0 | M17: =N17/L17 -> #DIV/0! | N17: =SUM('Jan 1-15'!N17,'Jan 16-31'!N17,'Feb 1-15'!N17,'Feb 16-29'!N17,'Mar 1-15'!N17,'Mar 16-31'!N17,'Apr 1-15'!N17,'Apr 16-30'!N17,'May 1-15'!N17,'May 16-31'!N17,'Jun 1-15'!N17,'Jun 16-30'!N17) -> 0 | O17: =SUM('Jan 1-15'!O17,'Jan 16-31'!O17,'Feb 1-15'!O17,'Feb 16-29'!O17,'Mar 1-15'!O17,'Mar 16-31'!O17,'Apr 1-15'!O17,'Apr 16-30'!O17,'May 1-15'!O17,'May 16-31'!O17,'Jun 1-15'!O17,'Jun 16-30'!O17) -> 6 | P17: =Q17/O17 -> 3.2 | Q17: =SUM('Jan 1-15'!Q17,'Jan 16-31'!Q17,'Feb 1-15'!Q17,'Feb 16-29'!Q17,'Mar 1-15'!Q17,'Mar 16-31'!Q17,'Apr 1-15'!Q17,'Apr 16-30'!Q17,'May 1-15'!Q17,'May 16-31'!Q17,'Jun 1-15'!Q17,'Jun 16-30'!Q17) -> 19.2 | R17: =SUM('Jan 1-15'!R17,'Jan 16-31'!R17,'Feb 1-15'!R17,'Feb 16-29'!R17,'Mar 1-15'!R17,'Mar 16-31'!R17,'Apr 1-15'!R17,'Apr 16-30'!R17,'May 1-15'!R17,'May 16-31'!R17,'Jun 1-15'!R17,'Jun 16-30'!R17) -> 10.4 | S17: =T17/R17 -> 3.7384615 | T17: =SUM('Jan 1-15'!T17,'Jan 16-31'!T17,'Feb 1-15'!T17,'Feb 16-29'!T17,'Mar 1-15'!T17,'Mar 16-31'!T17,'Apr 1-15'!T17,'Apr 16-30'!T17,'May 1-15'!T17,'May 16-31'!T17,'Jun 1-15'!T17,'Jun 16-30'!T17) -> 38.88 | U17: =SUM('Jan 1-15'!U17,'Jan 16-31'!U17,'Feb 1-15'!U17,'Feb 16-29'!U17,'Mar 1-15'!U17,'Mar 16-31'!U17,'Apr 1-15'!U17,'Apr 16-30'!U17,'May 1-15'!U17,'May 16-31'!U17,'Jun 1-15'!U17,'Jun 16-30'!U17) -> 0 | V17: =W17/U17 -> #DIV/0! | W17: =SUM('Jan 1-15'!W17,'Jan 16-31'!W17,'Feb 1-15'!W17,'Feb 16-29'!W17,'Mar 1-15'!W17,'Mar 16-31'!W17,'Apr 1-15'!W17,'Apr 16-30'!W17,'May 1-15'!W17,'May 16-31'!W17,'Jun 1-15'!W17,'Jun 16-30'!W17) -> 0 | X17: =SUM('Jan 1-15'!X17,'Jan 16-31'!X17,'Feb 1-15'!X17,'Feb 16-29'!X17,'Mar 1-15'!X17,'Mar 16-31'!X17,'Apr 1-15'!X17,'Apr 16-30'!X17,'May 1-15'!X17,'May 16-31'!X17,'Jun 1-15'!X17,'Jun 16-30'!X17) -> 0 | Y17: =Z17/X17 -> #DIV/0! | Z17: =SUM('Jan 1-15'!Z17,'Jan 16-31'!Z17,'Feb 1-15'!Z17,'Feb 16-29'!Z17,'Mar 1-15'!Z17,'Mar 16-31'!Z17,'Apr 1-15'!Z17,'Apr 16-30'!Z17,'May 1-15'!Z17,'May 16-31'!Z17,'Jun 1-15'!Z17,'Jun 16-30'!Z17) -> 0 | AA17: =SUM('Jan 1-15'!AA17,'Jan 16-31'!AA17,'Feb 1-15'!AA17,'Feb 16-29'!AA17,'Mar 1-15'!AA17,'Mar 16-31'!AA17,'Apr 1-15'!AA17,'Apr 16-30'!AA17,'May 1-15'!AA17,'May 16-31'!AA17,'Jun 1-15'!AA17,'Jun 16-30'!AA17) -> 22.2 | AB17: =AC17/AA17 -> 3.9 | AC17: =SUM('Jan 1-15'!AC17,'Jan 16-31'!AC17,'Feb 1-15'!AC17,'Feb 16-29'!AC17,'Mar 1-15'!AC17,'Mar 16-31'!AC17,'Apr 1-15'!AC17,'Apr 16-30'!AC17,'May 1-15'!AC17,'May 16-31'!AC17,'Jun 1-15'!AC17,'Jun 16-30'!AC17) -> 86.58 | AD17: =SUM('Jan 1-15'!AD17,'Jan 16-31'!AD17,'Feb 1-15'!AD17,'Feb 16-29'!AD17,'Mar 1-15'!AD17,'Mar 16-31'!AD17,'Apr 1-15'!AD17,'Apr 16-30'!AD17,'May 1-15'!AD17,'May 16-31'!AD17,'Jun 1-15'!AD17,'Jun 16-30'!AD17) -> 0 | AE17: =AF17/AD17 -> #DIV/0! | AF17: =SUM('Jan 1-15'!AF17,'Jan 16-31'!AF17,'Feb 1-15'!AF17,'Feb 16-29'!AF17,'Mar 1-15'!AF17,'Mar 16-31'!AF17,'Apr 1-15'!AF17,'Apr 16-30'!AF17,'May 1-15'!AF17,'May 16-31'!AF17,'Jun 1-15'!AF17,'Jun 16-30'!AF17) -> 0 | AG17: =SUM('Jan 1-15'!AG17,'Jan 16-31'!AG17,'Feb 1-15'!AG17,'Feb 16-29'!AG17,'Mar 1-15'!AG17,'Mar 16-31'!AG17,'Apr 1-15'!AG17,'Apr 16-30'!AG17,'May 1-15'!AG17,'May 16-31'!AG17,'Jun 1-15'!AG17,'Jun 16-30'!AG17) -> 2.9 | AH17: =AI17/AG17 -> 3.2 | AI17: =SUM('Jan 1-15'!AI17,'Jan 16-31'!AI17,'Feb 1-15'!AI17,'Feb 16-29'!AI17,'Mar 1-15'!AI17,'Mar 16-31'!AI17,'Apr 1-15'!AI17,'Apr 16-30'!AI17,'May 1-15'!AI17,'May 16-31'!AI17,'Jun 1-15'!AI17,'Jun 16-30'!AI17) -> 9.28 | AJ17: =SUM('Jan 1-15'!AJ17,'Jan 16-31'!AJ17,'Feb 1-15'!AJ17,'Feb 16-29'!AJ17,'Mar 1-15'!AJ17,'Mar 16-31'!AJ17,'Apr 1-15'!AJ17,'Apr 16-30'!AJ17,'May 1-15'!AJ17,'May 16-31'!AJ17,'Jun 1-15'!AJ17,'Jun 16-30'!AJ17) -> 0 | AK17: =AL17/AJ17 -> #DIV/0! | AL17: =SUM('Jan 1-15'!AL17,'Jan 16-31'!AL17,'Feb 1-15'!AL17,'Feb 16-29'!AL17,'Mar 1-15'!AL17,'Mar 16-31'!AL17,'Apr 1-15'!AL17,'Apr 16-30'!AL17,'May 1-15'!AL17,'May 16-31'!AL17,'Jun 1-15'!AL17,'Jun 16-30'!AL17) -> 0 | AM17: =SUM('Jan 1-15'!AM17,'Jan 16-31'!AM17,'Feb 1-15'!AM17,'Feb 16-29'!AM17,'Mar 1-15'!AM17,'Mar 16-31'!AM17,'Apr 1-15'!AM17,'Apr 16-30'!AM17,'May 1-15'!AM17,'May 16-31'!AM17,'Jun 1-15'!AM17,'Jun 16-30'!AM17) -> 0 | AN17: =AO17/AM17 -> #DIV/0! | AO17: =SUM('Jan 1-15'!AO17,'Jan 16-31'!AO17,'Feb 1-15'!AO17,'Feb 16-29'!AO17,'Mar 1-15'!AO17,'Mar 16-31'!AO17,'Apr 1-15'!AO17,'Apr 16-30'!AO17,'May 1-15'!AO17,'May 16-31'!AO17,'Jun 1-15'!AO17,'Jun 16-30'!AO17) -> 0 | AP17: =SUM('Jan 1-15'!AP17,'Jan 16-31'!AP17,'Feb 1-15'!AP17,'Feb 16-29'!AP17,'Mar 1-15'!AP17,'Mar 16-31'!AP17,'Apr 1-15'!AP17,'Apr 16-30'!AP17,'May 1-15'!AP17,'May 16-31'!AP17,'Jun 1-15'!AP17,'Jun 16-30'!AP17) -> 0 | AQ17: =AR17/AP17 -> #DIV/0! | AR17: =SUM('Jan 1-15'!AR17,'Jan 16-31'!AR17,'Feb 1-15'!AR17,'Feb 16-29'!AR17,'Mar 1-15'!AR17,'Mar 16-31'!AR17,'Apr 1-15'!AR17,'Apr 16-30'!AR17,'May 1-15'!AR17,'May 16-31'!AR17,'Jun 1-15'!AR17,'Jun 16-30'!AR17) -> 0 | AS17: =U17+X17+AA17+AD17+AG17+AJ17+AM17+AP17 -> 25.1 | AT17: =AU17/AS17 -> 3.8191235 | AU17: =W17+Z17+AC17+AF17+AI17+AL17+AO17+AR17 -> 95.86 | AV17: =C17+U17 -> 7 | AW17: =AX17/AV17 -> 5 | AX17: =E17+W17 -> 35 | AY17: =F17+X17 -> 0 | AZ17: =BA17/AY17 -> #DIV/0! | BA17: =H17+Z17 -> 0 | BB17: =AJ17+AA17+I17 -> 41.1 | BC17: =BD17/BB17 -> 3.8177616 | BD17: =AL17+AC17+K17 -> 156.91 | BE17: =AM17+AD17+L17 -> 0 | BF17: =BG17/BE17 -> #DIV/0! | BG17: =AO17+AF17+N17 -> 0 | BH17: =AP17+AG17+O17 -> 8.9 | BI17: =BJ17/BH17 -> 3.2 | BJ17: =AR17+AI17+Q17 -> 28.48 | BK17: =AV17+AY17+BB17+BE17+BH17 -> 57 | BL17: =BM17/BK17 -> 3.8664912 | BM17: =AX17+BA17+BD17+BG17+BJ17 -> 220.39
A18: Iraan | B18: =SUM('Jan 1-15'!B18,'Jan 16-31'!B18,'Feb 1-15'!B18,'Feb 16-29'!B18,'Mar 1-15'!B18,'Mar 16-31'!B18,'Apr 1-15'!B18,'Apr 16-30'!B18,'May 1-15'!B18,'May 16-31'!B18,'Jun 1-15'!B18,'Jun 16-30'!B18) -> 171 | C18: =SUM('Jan 1-15'!C18,'Jan 16-31'!C18,'Feb 1-15'!C18,'Feb 16-29'!C18,'Mar 1-15'!C18,'Mar 16-31'!C18,'Apr 1-15'!C18,'Apr 16-30'!C18,'May 1-15'!C18,'May 16-31'!C18,'Jun 1-15'!C18,'Jun 16-30'!C18) -> 11.3 | D18: =E18/C18 -> 4.9911504 | E18: =SUM('Jan 1-15'!E18,'Jan 16-31'!E18,'Feb 1-15'!E18,'Feb 16-29'!E18,'Mar 1-15'!E18,'Mar 16-31'!E18,'Apr 1-15'!E18,'Apr 16-30'!E18,'May 1-15'!E18,'May 16-31'!E18,'Jun 1-15'!E18,'Jun 16-30'!E18) -> 56.4 | F18: =SUM('Jan 1-15'!F18,'Jan 16-31'!F18,'Feb 1-15'!F18,'Feb 16-29'!F18,'Mar 1-15'!F18,'Mar 16-31'!F18,'Apr 1-15'!F18,'Apr 16-30'!F18,'May 1-15'!F18,'May 16-31'!F18,'Jun 1-15'!F18,'Jun 16-30'!F18) -> 0 | G18: =H18/F18 -> #DIV/0! | H18: =SUM('Jan 1-15'!H18,'Jan 16-31'!H18,'Feb 1-15'!H18,'Feb 16-29'!H18,'Mar 1-15'!H18,'Mar 16-31'!H18,'Apr 1-15'!H18,'Apr 16-30'!H18,'May 1-15'!H18,'May 16-31'!H18,'Jun 1-15'!H18,'Jun 16-30'!H18) -> 0 | I18: =SUM('Jan 1-15'!I18,'Jan 16-31'!I18,'Feb 1-15'!I18,'Feb 16-29'!I18,'Mar 1-15'!I18,'Mar 16-31'!I18,'Apr 1-15'!I18,'Apr 16-30'!I18,'May 1-15'!I18,'May 16-31'!I18,'Jun 1-15'!I18,'Jun 16-30'!I18) -> 134.2 | J18: =K18/I18 -> 3.9678838 | K18: =SUM('Jan 1-15'!K18,'Jan 16-31'!K18,'Feb 1-15'!K18,'Feb 16-29'!K18,'Mar 1-15'!K18,'Mar 16-31'!K18,'Apr 1-15'!K18,'Apr 16-30'!K18,'May 1-15'!K18,'May 16-31'!K18,'Jun 1-15'!K18,'Jun 16-30'!K18) -> 532.49 | L18: =SUM('Jan 1-15'!L18,'Jan 16-31'!L18,'Feb 1-15'!L18,'Feb 16-29'!L18,'Mar 1-15'!L18,'Mar 16-31'!L18,'Apr 1-15'!L18,'Apr 16-30'!L18,'May 1-15'!L18,'May 16-31'!L18,'Jun 1-15'!L18,'Jun 16-30'!L18) -> 0 | M18: =N18/L18 -> #DIV/0! | N18: =SUM('Jan 1-15'!N18,'Jan 16-31'!N18,'Feb 1-15'!N18,'Feb 16-29'!N18,'Mar 1-15'!N18,'Mar 16-31'!N18,'Apr 1-15'!N18,'Apr 16-30'!N18,'May 1-15'!N18,'May 16-31'!N18,'Jun 1-15'!N18,'Jun 16-30'!N18) -> 0 | O18: =SUM('Jan 1-15'!O18,'Jan 16-31'!O18,'Feb 1-15'!O18,'Feb 16-29'!O18,'Mar 1-15'!O18,'Mar 16-31'!O18,'Apr 1-15'!O18,'Apr 16-30'!O18,'May 1-15'!O18,'May 16-31'!O18,'Jun 1-15'!O18,'Jun 16-30'!O18) -> 38.5 | P18: =Q18/O18 -> 3.0711688 | Q18: =SUM('Jan 1-15'!Q18,'Jan 16-31'!Q18,'Feb 1-15'!Q18,'Feb 16-29'!Q18,'Mar 1-15'!Q18,'Mar 16-31'!Q18,'Apr 1-15'!Q18,'Apr 16-30'!Q18,'May 1-15'!Q18,'May 16-31'!Q18,'Jun 1-15'!Q18,'Jun 16-30'!Q18) -> 118.24 | R18: =SUM('Jan 1-15'!R18,'Jan 16-31'!R18,'Feb 1-15'!R18,'Feb 16-29'!R18,'Mar 1-15'!R18,'Mar 16-31'!R18,'Apr 1-15'!R18,'Apr 16-30'!R18,'May 1-15'!R18,'May 16-31'!R18,'Jun 1-15'!R18,'Jun 16-30'!R18) -> 55.1 | S18: =T18/R18 -> 3.7784029 | T18: =SUM('Jan 1-15'!T18,'Jan 16-31'!T18,'Feb 1-15'!T18,'Feb 16-29'!T18,'Mar 1-15'!T18,'Mar 16-31'!T18,'Apr 1-15'!T18,'Apr 16-30'!T18,'May 1-15'!T18,'May 16-31'!T18,'Jun 1-15'!T18,'Jun 16-30'!T18) -> 208.19 | U18: =SUM('Jan 1-15'!U18,'Jan 16-31'!U18,'Feb 1-15'!U18,'Feb 16-29'!U18,'Mar 1-15'!U18,'Mar 16-31'!U18,'Apr 1-15'!U18,'Apr 16-30'!U18,'May 1-15'!U18,'May 16-31'!U18,'Jun 1-15'!U18,'Jun 16-30'!U18) -> 15 | V18: =W18/U18 -> 4.78 | W18: =SUM('Jan 1-15'!W18,'Jan 16-31'!W18,'Feb 1-15'!W18,'Feb 16-29'!W18,'Mar 1-15'!W18,'Mar 16-31'!W18,'Apr 1-15'!W18,'Apr 16-30'!W18,'May 1-15'!W18,'May 16-31'!W18,'Jun 1-15'!W18,'Jun 16-30'!W18) -> 71.7 | X18: =SUM('Jan 1-15'!X18,'Jan 16-31'!X18,'Feb 1-15'!X18,'Feb 16-29'!X18,'Mar 1-15'!X18,'Mar 16-31'!X18,'Apr 1-15'!X18,'Apr 16-30'!X18,'May 1-15'!X18,'May 16-31'!X18,'Jun 1-15'!X18,'Jun 16-30'!X18) -> 0 | Y18: =Z18/X18 -> #DIV/0! | Z18: =SUM('Jan 1-15'!Z18,'Jan 16-31'!Z18,'Feb 1-15'!Z18,'Feb 16-29'!Z18,'Mar 1-15'!Z18,'Mar 16-31'!Z18,'Apr 1-15'!Z18,'Apr 16-30'!Z18,'May 1-15'!Z18,'May 16-31'!Z18,'Jun 1-15'!Z18,'Jun 16-30'!Z18) -> 0 | AA18: =SUM('Jan 1-15'!AA18,'Jan 16-31'!AA18,'Feb 1-15'!AA18,'Feb 16-29'!AA18,'Mar 1-15'!AA18,'Mar 16-31'!AA18,'Apr 1-15'!AA18,'Apr 16-30'!AA18,'May 1-15'!AA18,'May 16-31'!AA18,'Jun 1-15'!AA18,'Jun 16-30'!AA18) -> 47.5 | AB18: =AC18/AA18 -> 3.7745263 | AC18: =SUM('Jan 1-15'!AC18,'Jan 16-31'!AC18,'Feb 1-15'!AC18,'Feb 16-29'!AC18,'Mar 1-15'!AC18,'Mar 16-31'!AC18,'Apr 1-15'!AC18,'Apr 16-30'!AC18,'May 1-15'!AC18,'May 16-31'!AC18,'Jun 1-15'!AC18,'Jun 16-30'!AC18) -> 179.29 | AD18: =SUM('Jan 1-15'!AD18,'Jan 16-31'!AD18,'Feb 1-15'!AD18,'Feb 16-29'!AD18,'Mar 1-15'!AD18,'Mar 16-31'!AD18,'Apr 1-15'!AD18,'Apr 16-30'!AD18,'May 1-15'!AD18,'May 16-31'!AD18,'Jun 1-15'!AD18,'Jun 16-30'!AD18) -> 0 | AE18: =AF18/AD18 -> #DIV/0! | AF18: =SUM('Jan 1-15'!AF18,'Jan 16-31'!AF18,'Feb 1-15'!AF18,'Feb 16-29'!AF18,'Mar 1-15'!AF18,'Mar 16-31'!AF18,'Apr 1-15'!AF18,'Apr 16-30'!AF18,'May 1-15'!AF18,'May 16-31'!AF18,'Jun 1-15'!AF18,'Jun 16-30'!AF18) -> 0 | AG18: =SUM('Jan 1-15'!AG18,'Jan 16-31'!AG18,'Feb 1-15'!AG18,'Feb 16-29'!AG18,'Mar 1-15'!AG18,'Mar 16-31'!AG18,'Apr 1-15'!AG18,'Apr 16-30'!AG18,'May 1-15'!AG18,'May 16-31'!AG18,'Jun 1-15'!AG18,'Jun 16-30'!AG18) -> 35.5 | AH18: =AI18/AG18 -> 3.1076056 | AI18: =SUM('Jan 1-15'!AI18,'Jan 16-31'!AI18,'Feb 1-15'!AI18,'Feb 16-29'!AI18,'Mar 1-15'!AI18,'Mar 16-31'!AI18,'Apr 1-15'!AI18,'Apr 16-30'!AI18,'May 1-15'!AI18,'May 16-31'!AI18,'Jun 1-15'!AI18,'Jun 16-30'!AI18) -> 110.32 | AJ18: =SUM('Jan 1-15'!AJ18,'Jan 16-31'!AJ18,'Feb 1-15'!AJ18,'Feb 16-29'!AJ18,'Mar 1-15'!AJ18,'Mar 16-31'!AJ18,'Apr 1-15'!AJ18,'Apr 16-30'!AJ18,'May 1-15'!AJ18,'May 16-31'!AJ18,'Jun 1-15'!AJ18,'Jun 16-30'!AJ18) -> 0 | AK18: =AL18/AJ18 -> #DIV/0! | AL18: =SUM('Jan 1-15'!AL18,'Jan 16-31'!AL18,'Feb 1-15'!AL18,'Feb 16-29'!AL18,'Mar 1-15'!AL18,'Mar 16-31'!AL18,'Apr 1-15'!AL18,'Apr 16-30'!AL18,'May 1-15'!AL18,'May 16-31'!AL18,'Jun 1-15'!AL18,'Jun 16-30'!AL18) -> 0 | AM18: =SUM('Jan 1-15'!AM18,'Jan 16-31'!AM18,'Feb 1-15'!AM18,'Feb 16-29'!AM18,'Mar 1-15'!AM18,'Mar 16-31'!AM18,'Apr 1-15'!AM18,'Apr 16-30'!AM18,'May 1-15'!AM18,'May 16-31'!AM18,'Jun 1-15'!AM18,'Jun 16-30'!AM18) -> 0 | AN18: =AO18/AM18 -> #DIV/0! | AO18: =SUM('Jan 1-15'!AO18,'Jan 16-31'!AO18,'Feb 1-15'!AO18,'Feb 16-29'!AO18,'Mar 1-15'!AO18,'Mar 16-31'!AO18,'Apr 1-15'!AO18,'Apr 16-30'!AO18,'May 1-15'!AO18,'May 16-31'!AO18,'Jun 1-15'!AO18,'Jun 16-30'!AO18) -> 0 | AP18: =SUM('Jan 1-15'!AP18,'Jan 16-31'!AP18,'Feb 1-15'!AP18,'Feb 16-29'!AP18,'Mar 1-15'!AP18,'Mar 16-31'!AP18,'Apr 1-15'!AP18,'Apr 16-30'!AP18,'May 1-15'!AP18,'May 16-31'!AP18,'Jun 1-15'!AP18,'Jun 16-30'!AP18) -> 0 | AQ18: =AR18/AP18 -> #DIV/0! | AR18: =SUM('Jan 1-15'!AR18,'Jan 16-31'!AR18,'Feb 1-15'!AR18,'Feb 16-29'!AR18,'Mar 1-15'!AR18,'Mar 16-31'!AR18,'Apr 1-15'!AR18,'Apr 16-30'!AR18,'May 1-15'!AR18,'May 16-31'!AR18,'Jun 1-15'!AR18,'Jun 16-30'!AR18) -> 0 | AS18: =U18+X18+AA18+AD18+AG18+AJ18+AM18+AP18 -> 98 | AT18: =AU18/AS18 -> 3.6868367 | AU18: =W18+Z18+AC18+AF18+AI18+AL18+AO18+AR18 -> 361.31 | AV18: =C18+U18 -> 26.3 | AW18: =AX18/AV18 -> 4.8707224 | AX18: =E18+W18 -> 128.1 | AY18: =F18+X18 -> 0 | AZ18: =BA18/AY18 -> #DIV/0! | BA18: =H18+Z18 -> 0 | BB18: =AJ18+AA18+I18 -> 181.7 | BC18: =BD18/BB18 -> 3.9173363 | BD18: =AL18+AC18+K18 -> 711.78 | BE18: =AM18+AD18+L18 -> 0 | BF18: =BG18/BE18 -> #DIV/0! | BG18: =AO18+AF18+N18 -> 0 | BH18: =AP18+AG18+O18 -> 74 | BI18: =BJ18/BH18 -> 3.0886486 | BJ18: =AR18+AI18+Q18 -> 228.56 | BK18: =AV18+AY18+BB18+BE18+BH18 -> 282 | BL18: =BM18/BK18 -> 3.7887943 | BM18: =AX18+BA18+BD18+BG18+BJ18 -> 1068.44
A19: Latud | B19: =SUM('Jan 1-15'!B19,'Jan 16-31'!B19,'Feb 1-15'!B19,'Feb 16-29'!B19,'Mar 1-15'!B19,'Mar 16-31'!B19,'Apr 1-15'!B19,'Apr 16-30'!B19,'May 1-15'!B19,'May 16-31'!B19,'Jun 1-15'!B19,'Jun 16-30'!B19) -> 27 | C19: =SUM('Jan 1-15'!C19,'Jan 16-31'!C19,'Feb 1-15'!C19,'Feb 16-29'!C19,'Mar 1-15'!C19,'Mar 16-31'!C19,'Apr 1-15'!C19,'Apr 16-30'!C19,'May 1-15'!C19,'May 16-31'!C19,'Jun 1-15'!C19,'Jun 16-30'!C19) -> 0 | D19: =E19/C19 -> #DIV/0! | E19: =SUM('Jan 1-15'!E19,'Jan 16-31'!E19,'Feb 1-15'!E19,'Feb 16-29'!E19,'Mar 1-15'!E19,'Mar 16-31'!E19,'Apr 1-15'!E19,'Apr 16-30'!E19,'May 1-15'!E19,'May 16-31'!E19,'Jun 1-15'!E19,'Jun 16-30'!E19) -> 0 | F19: =SUM('Jan 1-15'!F19,'Jan 16-31'!F19,'Feb 1-15'!F19,'Feb 16-29'!F19,'Mar 1-15'!F19,'Mar 16-31'!F19,'Apr 1-15'!F19,'Apr 16-30'!F19,'May 1-15'!F19,'May 16-31'!F19,'Jun 1-15'!F19,'Jun 16-30'!F19) -> 0 | G19: =H19/F19 -> #DIV/0! | H19: =SUM('Jan 1-15'!H19,'Jan 16-31'!H19,'Feb 1-15'!H19,'Feb 16-29'!H19,'Mar 1-15'!H19,'Mar 16-31'!H19,'Apr 1-15'!H19,'Apr 16-30'!H19,'May 1-15'!H19,'May 16-31'!H19,'Jun 1-15'!H19,'Jun 16-30'!H19) -> 0 | I19: =SUM('Jan 1-15'!I19,'Jan 16-31'!I19,'Feb 1-15'!I19,'Feb 16-29'!I19,'Mar 1-15'!I19,'Mar 16-31'!I19,'Apr 1-15'!I19,'Apr 16-30'!I19,'May 1-15'!I19,'May 16-31'!I19,'Jun 1-15'!I19,'Jun 16-30'!I19) -> 0 | J19: =K19/I19 -> #DIV/0! | K19: =SUM('Jan 1-15'!K19,'Jan 16-31'!K19,'Feb 1-15'!K19,'Feb 16-29'!K19,'Mar 1-15'!K19,'Mar 16-31'!K19,'Apr 1-15'!K19,'Apr 16-30'!K19,'May 1-15'!K19,'May 16-31'!K19,'Jun 1-15'!K19,'Jun 16-30'!K19) -> 0 | L19: =SUM('Jan 1-15'!L19,'Jan 16-31'!L19,'Feb 1-15'!L19,'Feb 16-29'!L19,'Mar 1-15'!L19,'Mar 16-31'!L19,'Apr 1-15'!L19,'Apr 16-30'!L19,'May 1-15'!L19,'May 16-31'!L19,'Jun 1-15'!L19,'Jun 16-30'!L19) -> 0 | M19: =N19/L19 -> #DIV/0! | N19: =SUM('Jan 1-15'!N19,'Jan 16-31'!N19,'Feb 1-15'!N19,'Feb 16-29'!N19,'Mar 1-15'!N19,'Mar 16-31'!N19,'Apr 1-15'!N19,'Apr 16-30'!N19,'May 1-15'!N19,'May 16-31'!N19,'Jun 1-15'!N19,'Jun 16-30'!N19) -> 0 | O19: =SUM('Jan 1-15'!O19,'Jan 16-31'!O19,'Feb 1-15'!O19,'Feb 16-29'!O19,'Mar 1-15'!O19,'Mar 16-31'!O19,'Apr 1-15'!O19,'Apr 16-30'!O19,'May 1-15'!O19,'May 16-31'!O19,'Jun 1-15'!O19,'Jun 16-30'!O19) -> 0 | P19: =Q19/O19 -> #DIV/0! | Q19: =SUM('Jan 1-15'!Q19,'Jan 16-31'!Q19,'Feb 1-15'!Q19,'Feb 16-29'!Q19,'Mar 1-15'!Q19,'Mar 16-31'!Q19,'Apr 1-15'!Q19,'Apr 16-30'!Q19,'May 1-15'!Q19,'May 16-31'!Q19,'Jun 1-15'!Q19,'Jun 16-30'!Q19) -> 0 | R19: =SUM('Jan 1-15'!R19,'Jan 16-31'!R19,'Feb 1-15'!R19,'Feb 16-29'!R19,'Mar 1-15'!R19,'Mar 16-31'!R19,'Apr 1-15'!R19,'Apr 16-30'!R19,'May 1-15'!R19,'May 16-31'!R19,'Jun 1-15'!R19,'Jun 16-30'!R19) -> 0 | S19: =T19/R19 -> #DIV/0! | T19: =SUM('Jan 1-15'!T19,'Jan 16-31'!T19,'Feb 1-15'!T19,'Feb 16-29'!T19,'Mar 1-15'!T19,'Mar 16-31'!T19,'Apr 1-15'!T19,'Apr 16-30'!T19,'May 1-15'!T19,'May 16-31'!T19,'Jun 1-15'!T19,'Jun 16-30'!T19) -> 0 | U19: =SUM('Jan 1-15'!U19,'Jan 16-31'!U19,'Feb 1-15'!U19,'Feb 16-29'!U19,'Mar 1-15'!U19,'Mar 16-31'!U19,'Apr 1-15'!U19,'Apr 16-30'!U19,'May 1-15'!U19,'May 16-31'!U19,'Jun 1-15'!U19,'Jun 16-30'!U19) -> 40.3 | V19: =W19/U19 -> 4.5 | W19: =SUM('Jan 1-15'!W19,'Jan 16-31'!W19,'Feb 1-15'!W19,'Feb 16-29'!W19,'Mar 1-15'!W19,'Mar 16-31'!W19,'Apr 1-15'!W19,'Apr 16-30'!W19,'May 1-15'!W19,'May 16-31'!W19,'Jun 1-15'!W19,'Jun 16-30'!W19) -> 181.35 | X19: =SUM('Jan 1-15'!X19,'Jan 16-31'!X19,'Feb 1-15'!X19,'Feb 16-29'!X19,'Mar 1-15'!X19,'Mar 16-31'!X19,'Apr 1-15'!X19,'Apr 16-30'!X19,'May 1-15'!X19,'May 16-31'!X19,'Jun 1-15'!X19,'Jun 16-30'!X19) -> 0 | Y19: =Z19/X19 -> #DIV/0! | Z19: =SUM('Jan 1-15'!Z19,'Jan 16-31'!Z19,'Feb 1-15'!Z19,'Feb 16-29'!Z19,'Mar 1-15'!Z19,'Mar 16-31'!Z19,'Apr 1-15'!Z19,'Apr 16-30'!Z19,'May 1-15'!Z19,'May 16-31'!Z19,'Jun 1-15'!Z19,'Jun 16-30'!Z19) -> 0 | AA19: =SUM('Jan 1-15'!AA19,'Jan 16-31'!AA19,'Feb 1-15'!AA19,'Feb 16-29'!AA19,'Mar 1-15'!AA19,'Mar 16-31'!AA19,'Apr 1-15'!AA19,'Apr 16-30'!AA19,'May 1-15'!AA19,'May 16-31'!AA19,'Jun 1-15'!AA19,'Jun 16-30'!AA19) -> 0 | AB19: =AC19/AA19 -> #DIV/0! | AC19: =SUM('Jan 1-15'!AC19,'Jan 16-31'!AC19,'Feb 1-15'!AC19,'Feb 16-29'!AC19,'Mar 1-15'!AC19,'Mar 16-31'!AC19,'Apr 1-15'!AC19,'Apr 16-30'!AC19,'May 1-15'!AC19,'May 16-31'!AC19,'Jun 1-15'!AC19,'Jun 16-30'!AC19) -> 0 | AD19: =SUM('Jan 1-15'!AD19,'Jan 16-31'!AD19,'Feb 1-15'!AD19,'Feb 16-29'!AD19,'Mar 1-15'!AD19,'Mar 16-31'!AD19,'Apr 1-15'!AD19,'Apr 16-30'!AD19,'May 1-15'!AD19,'May 16-31'!AD19,'Jun 1-15'!AD19,'Jun 16-30'!AD19) -> 0 | AE19: =AF19/AD19 -> #DIV/0! | AF19: =SUM('Jan 1-15'!AF19,'Jan 16-31'!AF19,'Feb 1-15'!AF19,'Feb 16-29'!AF19,'Mar 1-15'!AF19,'Mar 16-31'!AF19,'Apr 1-15'!AF19,'Apr 16-30'!AF19,'May 1-15'!AF19,'May 16-31'!AF19,'Jun 1-15'!AF19,'Jun 16-30'!AF19) -> 0 | AG19: =SUM('Jan 1-15'!AG19,'Jan 16-31'!AG19,'Feb 1-15'!AG19,'Feb 16-29'!AG19,'Mar 1-15'!AG19,'Mar 16-31'!AG19,'Apr 1-15'!AG19,'Apr 16-30'!AG19,'May 1-15'!AG19,'May 16-31'!AG19,'Jun 1-15'!AG19,'Jun 16-30'!AG19) -> 0 | AH19: =AI19/AG19 -> #DIV/0! | AI19: =SUM('Jan 1-15'!AI19,'Jan 16-31'!AI19,'Feb 1-15'!AI19,'Feb 16-29'!AI19,'Mar 1-15'!AI19,'Mar 16-31'!AI19,'Apr 1-15'!AI19,'Apr 16-30'!AI19,'May 1-15'!AI19,'May 16-31'!AI19,'Jun 1-15'!AI19,'Jun 16-30'!AI19) -> 0 | AJ19: =SUM('Jan 1-15'!AJ19,'Jan 16-31'!AJ19,'Feb 1-15'!AJ19,'Feb 16-29'!AJ19,'Mar 1-15'!AJ19,'Mar 16-31'!AJ19,'Apr 1-15'!AJ19,'Apr 16-30'!AJ19,'May 1-15'!AJ19,'May 16-31'!AJ19,'Jun 1-15'!AJ19,'Jun 16-30'!AJ19) -> 0 | AK19: =AL19/AJ19 -> #DIV/0! | AL19: =SUM('Jan 1-15'!AL19,'Jan 16-31'!AL19,'Feb 1-15'!AL19,'Feb 16-29'!AL19,'Mar 1-15'!AL19,'Mar 16-31'!AL19,'Apr 1-15'!AL19,'Apr 16-30'!AL19,'May 1-15'!AL19,'May 16-31'!AL19,'Jun 1-15'!AL19,'Jun 16-30'!AL19) -> 0 | AM19: =SUM('Jan 1-15'!AM19,'Jan 16-31'!AM19,'Feb 1-15'!AM19,'Feb 16-29'!AM19,'Mar 1-15'!AM19,'Mar 16-31'!AM19,'Apr 1-15'!AM19,'Apr 16-30'!AM19,'May 1-15'!AM19,'May 16-31'!AM19,'Jun 1-15'!AM19,'Jun 16-30'!AM19) -> 0 | AN19: =AO19/AM19 -> #DIV/0! | AO19: =SUM('Jan 1-15'!AO19,'Jan 16-31'!AO19,'Feb 1-15'!AO19,'Feb 16-29'!AO19,'Mar 1-15'!AO19,'Mar 16-31'!AO19,'Apr 1-15'!AO19,'Apr 16-30'!AO19,'May 1-15'!AO19,'May 16-31'!AO19,'Jun 1-15'!AO19,'Jun 16-30'!AO19) -> 0 | AP19: =SUM('Jan 1-15'!AP19,'Jan 16-31'!AP19,'Feb 1-15'!AP19,'Feb 16-29'!AP19,'Mar 1-15'!AP19,'Mar 16-31'!AP19,'Apr 1-15'!AP19,'Apr 16-30'!AP19,'May 1-15'!AP19,'May 16-31'!AP19,'Jun 1-15'!AP19,'Jun 16-30'!AP19) -> 0 | AQ19: =AR19/AP19 -> #DIV/0! | AR19: =SUM('Jan 1-15'!AR19,'Jan 16-31'!AR19,'Feb 1-15'!AR19,'Feb 16-29'!AR19,'Mar 1-15'!AR19,'Mar 16-31'!AR19,'Apr 1-15'!AR19,'Apr 16-30'!AR19,'May 1-15'!AR19,'May 16-31'!AR19,'Jun 1-15'!AR19,'Jun 16-30'!AR19) -> 0 | AS19: =U19+X19+AA19+AD19+AG19+AJ19+AM19+AP19 -> 40.3 | AT19: =AU19/AS19 -> 4.5 | AU19: =W19+Z19+AC19+AF19+AI19+AL19+AO19+AR19 -> 181.35 | AV19: =C19+U19 -> 40.3 | AW19: =AX19/AV19 -> 4.5 | AX19: =E19+W19 -> 181.35 | AY19: =F19+X19 -> 0 | AZ19: =BA19/AY19 -> #DIV/0! | BA19: =H19+Z19 -> 0 | BB19: =AJ19+AA19+I19 -> 0 | BC19: =BD19/BB19 -> #DIV/0! | BD19: =AL19+AC19+K19 -> 0 | BE19: =AM19+AD19+L19 -> 0 | BF19: =BG19/BE19 -> #DIV/0! | BG19: =AO19+AF19+N19 -> 0 | BH19: =AP19+AG19+O19 -> 0 | BI19: =BJ19/BH19 -> #DIV/0! | BJ19: =AR19+AI19+Q19 -> 0 | BK19: =AV19+AY19+BB19+BE19+BH19 -> 40.3 | BL19: =BM19/BK19 -> 4.5 | BM19: =AX19+BA19+BD19+BG19+BJ19 -> 181.35
A20: Panalingaan | B20: =SUM('Jan 1-15'!B20,'Jan 16-31'!B20,'Feb 1-15'!B20,'Feb 16-29'!B20,'Mar 1-15'!B20,'Mar 16-31'!B20,'Apr 1-15'!B20,'Apr 16-30'!B20,'May 1-15'!B20,'May 16-31'!B20,'Jun 1-15'!B20,'Jun 16-30'!B20) -> 123 | C20: =SUM('Jan 1-15'!C20,'Jan 16-31'!C20,'Feb 1-15'!C20,'Feb 16-29'!C20,'Mar 1-15'!C20,'Mar 16-31'!C20,'Apr 1-15'!C20,'Apr 16-30'!C20,'May 1-15'!C20,'May 16-31'!C20,'Jun 1-15'!C20,'Jun 16-30'!C20) -> 25.3 | D20: =E20/C20 -> 5.1280632 | E20: =SUM('Jan 1-15'!E20,'Jan 16-31'!E20,'Feb 1-15'!E20,'Feb 16-29'!E20,'Mar 1-15'!E20,'Mar 16-31'!E20,'Apr 1-15'!E20,'Apr 16-30'!E20,'May 1-15'!E20,'May 16-31'!E20,'Jun 1-15'!E20,'Jun 16-30'!E20) -> 129.74 | F20: =SUM('Jan 1-15'!F20,'Jan 16-31'!F20,'Feb 1-15'!F20,'Feb 16-29'!F20,'Mar 1-15'!F20,'Mar 16-31'!F20,'Apr 1-15'!F20,'Apr 16-30'!F20,'May 1-15'!F20,'May 16-31'!F20,'Jun 1-15'!F20,'Jun 16-30'!F20) -> 0 | G20: =H20/F20 -> #DIV/0! | H20: =SUM('Jan 1-15'!H20,'Jan 16-31'!H20,'Feb 1-15'!H20,'Feb 16-29'!H20,'Mar 1-15'!H20,'Mar 16-31'!H20,'Apr 1-15'!H20,'Apr 16-30'!H20,'May 1-15'!H20,'May 16-31'!H20,'Jun 1-15'!H20,'Jun 16-30'!H20) -> 0 | I20: =SUM('Jan 1-15'!I20,'Jan 16-31'!I20,'Feb 1-15'!I20,'Feb 16-29'!I20,'Mar 1-15'!I20,'Mar 16-31'!I20,'Apr 1-15'!I20,'Apr 16-30'!I20,'May 1-15'!I20,'May 16-31'!I20,'Jun 1-15'!I20,'Jun 16-30'!I20) -> 101.9 | J20: =K20/I20 -> 3.9803729 | K20: =SUM('Jan 1-15'!K20,'Jan 16-31'!K20,'Feb 1-15'!K20,'Feb 16-29'!K20,'Mar 1-15'!K20,'Mar 16-31'!K20,'Apr 1-15'!K20,'Apr 16-30'!K20,'May 1-15'!K20,'May 16-31'!K20,'Jun 1-15'!K20,'Jun 16-30'!K20) -> 405.6 | L20: =SUM('Jan 1-15'!L20,'Jan 16-31'!L20,'Feb 1-15'!L20,'Feb 16-29'!L20,'Mar 1-15'!L20,'Mar 16-31'!L20,'Apr 1-15'!L20,'Apr 16-30'!L20,'May 1-15'!L20,'May 16-31'!L20,'Jun 1-15'!L20,'Jun 16-30'!L20) -> 0 | M20: =N20/L20 -> #DIV/0! | N20: =SUM('Jan 1-15'!N20,'Jan 16-31'!N20,'Feb 1-15'!N20,'Feb 16-29'!N20,'Mar 1-15'!N20,'Mar 16-31'!N20,'Apr 1-15'!N20,'Apr 16-30'!N20,'May 1-15'!N20,'May 16-31'!N20,'Jun 1-15'!N20,'Jun 16-30'!N20) -> 0 | O20: =SUM('Jan 1-15'!O20,'Jan 16-31'!O20,'Feb 1-15'!O20,'Feb 16-29'!O20,'Mar 1-15'!O20,'Mar 16-31'!O20,'Apr 1-15'!O20,'Apr 16-30'!O20,'May 1-15'!O20,'May 16-31'!O20,'Jun 1-15'!O20,'Jun 16-30'!O20) -> 13.9 | P20: =Q20/O20 -> 3.2 | Q20: =SUM('Jan 1-15'!Q20,'Jan 16-31'!Q20,'Feb 1-15'!Q20,'Feb 16-29'!Q20,'Mar 1-15'!Q20,'Mar 16-31'!Q20,'Apr 1-15'!Q20,'Apr 16-30'!Q20,'May 1-15'!Q20,'May 16-31'!Q20,'Jun 1-15'!Q20,'Jun 16-30'!Q20) -> 44.48 | R20: =SUM('Jan 1-15'!R20,'Jan 16-31'!R20,'Feb 1-15'!R20,'Feb 16-29'!R20,'Mar 1-15'!R20,'Mar 16-31'!R20,'Apr 1-15'!R20,'Apr 16-30'!R20,'May 1-15'!R20,'May 16-31'!R20,'Jun 1-15'!R20,'Jun 16-30'!R20) -> 26.2 | S20: =T20/R20 -> 3.8167939 | T20: =SUM('Jan 1-15'!T20,'Jan 16-31'!T20,'Feb 1-15'!T20,'Feb 16-29'!T20,'Mar 1-15'!T20,'Mar 16-31'!T20,'Apr 1-15'!T20,'Apr 16-30'!T20,'May 1-15'!T20,'May 16-31'!T20,'Jun 1-15'!T20,'Jun 16-30'!T20) -> 100 | U20: =SUM('Jan 1-15'!U20,'Jan 16-31'!U20,'Feb 1-15'!U20,'Feb 16-29'!U20,'Mar 1-15'!U20,'Mar 16-31'!U20,'Apr 1-15'!U20,'Apr 16-30'!U20,'May 1-15'!U20,'May 16-31'!U20,'Jun 1-15'!U20,'Jun 16-30'!U20) -> 22 | V20: =W20/U20 -> 5.0909091 | W20: =SUM('Jan 1-15'!W20,'Jan 16-31'!W20,'Feb 1-15'!W20,'Feb 16-29'!W20,'Mar 1-15'!W20,'Mar 16-31'!W20,'Apr 1-15'!W20,'Apr 16-30'!W20,'May 1-15'!W20,'May 16-31'!W20,'Jun 1-15'!W20,'Jun 16-30'!W20) -> 112 | X20: =SUM('Jan 1-15'!X20,'Jan 16-31'!X20,'Feb 1-15'!X20,'Feb 16-29'!X20,'Mar 1-15'!X20,'Mar 16-31'!X20,'Apr 1-15'!X20,'Apr 16-30'!X20,'May 1-15'!X20,'May 16-31'!X20,'Jun 1-15'!X20,'Jun 16-30'!X20) -> 0 | Y20: =Z20/X20 -> #DIV/0! | Z20: =SUM('Jan 1-15'!Z20,'Jan 16-31'!Z20,'Feb 1-15'!Z20,'Feb 16-29'!Z20,'Mar 1-15'!Z20,'Mar 16-31'!Z20,'Apr 1-15'!Z20,'Apr 16-30'!Z20,'May 1-15'!Z20,'May 16-31'!Z20,'Jun 1-15'!Z20,'Jun 16-30'!Z20) -> 0 | AA20: =SUM('Jan 1-15'!AA20,'Jan 16-31'!AA20,'Feb 1-15'!AA20,'Feb 16-29'!AA20,'Mar 1-15'!AA20,'Mar 16-31'!AA20,'Apr 1-15'!AA20,'Apr 16-30'!AA20,'May 1-15'!AA20,'May 16-31'!AA20,'Jun 1-15'!AA20,'Jun 16-30'!AA20) -> 47.5 | AB20: =AC20/AA20 -> 3.9296842 | AC20: =SUM('Jan 1-15'!AC20,'Jan 16-31'!AC20,'Feb 1-15'!AC20,'Feb 16-29'!AC20,'Mar 1-15'!AC20,'Mar 16-31'!AC20,'Apr 1-15'!AC20,'Apr 16-30'!AC20,'May 1-15'!AC20,'May 16-31'!AC20,'Jun 1-15'!AC20,'Jun 16-30'!AC20) -> 186.66 | AD20: =SUM('Jan 1-15'!AD20,'Jan 16-31'!AD20,'Feb 1-15'!AD20,'Feb 16-29'!AD20,'Mar 1-15'!AD20,'Mar 16-31'!AD20,'Apr 1-15'!AD20,'Apr 16-30'!AD20,'May 1-15'!AD20,'May 16-31'!AD20,'Jun 1-15'!AD20,'Jun 16-30'!AD20) -> 0 | AE20: =AF20/AD20 -> #DIV/0! | AF20: =SUM('Jan 1-15'!AF20,'Jan 16-31'!AF20,'Feb 1-15'!AF20,'Feb 16-29'!AF20,'Mar 1-15'!AF20,'Mar 16-31'!AF20,'Apr 1-15'!AF20,'Apr 16-30'!AF20,'May 1-15'!AF20,'May 16-31'!AF20,'Jun 1-15'!AF20,'Jun 16-30'!AF20) -> 0 | AG20: =SUM('Jan 1-15'!AG20,'Jan 16-31'!AG20,'Feb 1-15'!AG20,'Feb 16-29'!AG20,'Mar 1-15'!AG20,'Mar 16-31'!AG20,'Apr 1-15'!AG20,'Apr 16-30'!AG20,'May 1-15'!AG20,'May 16-31'!AG20,'Jun 1-15'!AG20,'Jun 16-30'!AG20) -> 8.5 | AH20: =AI20/AG20 -> 3.2 | AI20: =SUM('Jan 1-15'!AI20,'Jan 16-31'!AI20,'Feb 1-15'!AI20,'Feb 16-29'!AI20,'Mar 1-15'!AI20,'Mar 16-31'!AI20,'Apr 1-15'!AI20,'Apr 16-30'!AI20,'May 1-15'!AI20,'May 16-31'!AI20,'Jun 1-15'!AI20,'Jun 16-30'!AI20) -> 27.2 | AJ20: =SUM('Jan 1-15'!AJ20,'Jan 16-31'!AJ20,'Feb 1-15'!AJ20,'Feb 16-29'!AJ20,'Mar 1-15'!AJ20,'Mar 16-31'!AJ20,'Apr 1-15'!AJ20,'Apr 16-30'!AJ20,'May 1-15'!AJ20,'May 16-31'!AJ20,'Jun 1-15'!AJ20,'Jun 16-30'!AJ20) -> 0 | AK20: =AL20/AJ20 -> #DIV/0! | AL20: =SUM('Jan 1-15'!AL20,'Jan 16-31'!AL20,'Feb 1-15'!AL20,'Feb 16-29'!AL20,'Mar 1-15'!AL20,'Mar 16-31'!AL20,'Apr 1-15'!AL20,'Apr 16-30'!AL20,'May 1-15'!AL20,'May 16-31'!AL20,'Jun 1-15'!AL20,'Jun 16-30'!AL20) -> 0 | AM20: =SUM('Jan 1-15'!AM20,'Jan 16-31'!AM20,'Feb 1-15'!AM20,'Feb 16-29'!AM20,'Mar 1-15'!AM20,'Mar 16-31'!AM20,'Apr 1-15'!AM20,'Apr 16-30'!AM20,'May 1-15'!AM20,'May 16-31'!AM20,'Jun 1-15'!AM20,'Jun 16-30'!AM20) -> 0 | AN20: =AO20/AM20 -> #DIV/0! | AO20: =SUM('Jan 1-15'!AO20,'Jan 16-31'!AO20,'Feb 1-15'!AO20,'Feb 16-29'!AO20,'Mar 1-15'!AO20,'Mar 16-31'!AO20,'Apr 1-15'!AO20,'Apr 16-30'!AO20,'May 1-15'!AO20,'May 16-31'!AO20,'Jun 1-15'!AO20,'Jun 16-30'!AO20) -> 0 | AP20: =SUM('Jan 1-15'!AP20,'Jan 16-31'!AP20,'Feb 1-15'!AP20,'Feb 16-29'!AP20,'Mar 1-15'!AP20,'Mar 16-31'!AP20,'Apr 1-15'!AP20,'Apr 16-30'!AP20,'May 1-15'!AP20,'May 16-31'!AP20,'Jun 1-15'!AP20,'Jun 16-30'!AP20) -> 0 | AQ20: =AR20/AP20 -> #DIV/0! | AR20: =SUM('Jan 1-15'!AR20,'Jan 16-31'!AR20,'Feb 1-15'!AR20,'Feb 16-29'!AR20,'Mar 1-15'!AR20,'Mar 16-31'!AR20,'Apr 1-15'!AR20,'Apr 16-30'!AR20,'May 1-15'!AR20,'May 16-31'!AR20,'Jun 1-15'!AR20,'Jun 16-30'!AR20) -> 0 | AS20: =U20+X20+AA20+AD20+AG20+AJ20+AM20+AP20 -> 78 | AT20: =AU20/AS20 -> 4.1776923 | AU20: =W20+Z20+AC20+AF20+AI20+AL20+AO20+AR20 -> 325.86 | AV20: =C20+U20 -> 47.3 | AW20: =AX20/AV20 -> 5.1107822 | AX20: =E20+W20 -> 241.74 | AY20: =F20+X20 -> 0 | AZ20: =BA20/AY20 -> #DIV/0! | BA20: =H20+Z20 -> 0 | BB20: =AJ20+AA20+I20 -> 149.4 | BC20: =BD20/BB20 -> 3.964257 | BD20: =AL20+AC20+K20 -> 592.26 | BE20: =AM20+AD20+L20 -> 0 | BF20: =BG20/BE20 -> #DIV/0! | BG20: =AO20+AF20+N20 -> 0 | BH20: =AP20+AG20+O20 -> 22.4 | BI20: =BJ20/BH20 -> 3.2 | BJ20: =AR20+AI20+Q20 -> 71.68 | BK20: =AV20+AY20+BB20+BE20+BH20 -> 219.1 | BL20: =BM20/BK20 -> 4.1336376 | BM20: =AX20+BA20+BD20+BG20+BJ20 -> 905.68
A21: Punta Baja | B21: =SUM('Jan 1-15'!B21,'Jan 16-31'!B21,'Feb 1-15'!B21,'Feb 16-29'!B21,'Mar 1-15'!B21,'Mar 16-31'!B21,'Apr 1-15'!B21,'Apr 16-30'!B21,'May 1-15'!B21,'May 16-31'!B21,'Jun 1-15'!B21,'Jun 16-30'!B21) -> 160 | C21: =SUM('Jan 1-15'!C21,'Jan 16-31'!C21,'Feb 1-15'!C21,'Feb 16-29'!C21,'Mar 1-15'!C21,'Mar 16-31'!C21,'Apr 1-15'!C21,'Apr 16-30'!C21,'May 1-15'!C21,'May 16-31'!C21,'Jun 1-15'!C21,'Jun 16-30'!C21) -> 236.1 | D21: =E21/C21 -> 5.480432 | E21: =SUM('Jan 1-15'!E21,'Jan 16-31'!E21,'Feb 1-15'!E21,'Feb 16-29'!E21,'Mar 1-15'!E21,'Mar 16-31'!E21,'Apr 1-15'!E21,'Apr 16-30'!E21,'May 1-15'!E21,'May 16-31'!E21,'Jun 1-15'!E21,'Jun 16-30'!E21) -> 1293.93 | F21: =SUM('Jan 1-15'!F21,'Jan 16-31'!F21,'Feb 1-15'!F21,'Feb 16-29'!F21,'Mar 1-15'!F21,'Mar 16-31'!F21,'Apr 1-15'!F21,'Apr 16-30'!F21,'May 1-15'!F21,'May 16-31'!F21,'Jun 1-15'!F21,'Jun 16-30'!F21) -> 0 | G21: =H21/F21 -> #DIV/0! | H21: =SUM('Jan 1-15'!H21,'Jan 16-31'!H21,'Feb 1-15'!H21,'Feb 16-29'!H21,'Mar 1-15'!H21,'Mar 16-31'!H21,'Apr 1-15'!H21,'Apr 16-30'!H21,'May 1-15'!H21,'May 16-31'!H21,'Jun 1-15'!H21,'Jun 16-30'!H21) -> 0 | I21: =SUM('Jan 1-15'!I21,'Jan 16-31'!I21,'Feb 1-15'!I21,'Feb 16-29'!I21,'Mar 1-15'!I21,'Mar 16-31'!I21,'Apr 1-15'!I21,'Apr 16-30'!I21,'May 1-15'!I21,'May 16-31'!I21,'Jun 1-15'!I21,'Jun 16-30'!I21) -> 153.7 | J21: =K21/I21 -> 3.8 | K21: =SUM('Jan 1-15'!K21,'Jan 16-31'!K21,'Feb 1-15'!K21,'Feb 16-29'!K21,'Mar 1-15'!K21,'Mar 16-31'!K21,'Apr 1-15'!K21,'Apr 16-30'!K21,'May 1-15'!K21,'May 16-31'!K21,'Jun 1-15'!K21,'Jun 16-30'!K21) -> 584.06 | L21: =SUM('Jan 1-15'!L21,'Jan 16-31'!L21,'Feb 1-15'!L21,'Feb 16-29'!L21,'Mar 1-15'!L21,'Mar 16-31'!L21,'Apr 1-15'!L21,'Apr 16-30'!L21,'May 1-15'!L21,'May 16-31'!L21,'Jun 1-15'!L21,'Jun 16-30'!L21) -> 0 | M21: =N21/L21 -> #DIV/0! | N21: =SUM('Jan 1-15'!N21,'Jan 16-31'!N21,'Feb 1-15'!N21,'Feb 16-29'!N21,'Mar 1-15'!N21,'Mar 16-31'!N21,'Apr 1-15'!N21,'Apr 16-30'!N21,'May 1-15'!N21,'May 16-31'!N21,'Jun 1-15'!N21,'Jun 16-30'!N21) -> 0 | O21: =SUM('Jan 1-15'!O21,'Jan 16-31'!O21,'Feb 1-15'!O21,'Feb 16-29'!O21,'Mar 1-15'!O21,'Mar 16-31'!O21,'Apr 1-15'!O21,'Apr 16-30'!O21,'May 1-15'!O21,'May 16-31'!O21,'Jun 1-15'!O21,'Jun 16-30'!O21) -> 9.3 | P21: =Q21/O21 -> 2.8860215 | Q21: =SUM('Jan 1-15'!Q21,'Jan 16-31'!Q21,'Feb 1-15'!Q21,'Feb 16-29'!Q21,'Mar 1-15'!Q21,'Mar 16-31'!Q21,'Apr 1-15'!Q21,'Apr 16-30'!Q21,'May 1-15'!Q21,'May 16-31'!Q21,'Jun 1-15'!Q21,'Jun 16-30'!Q21) -> 26.84 | R21: =SUM('Jan 1-15'!R21,'Jan 16-31'!R21,'Feb 1-15'!R21,'Feb 16-29'!R21,'Mar 1-15'!R21,'Mar 16-31'!R21,'Apr 1-15'!R21,'Apr 16-30'!R21,'May 1-15'!R21,'May 16-31'!R21,'Jun 1-15'!R21,'Jun 16-30'!R21) -> 45.8 | S21: =T21/R21 -> 3.799345 | T21: =SUM('Jan 1-15'!T21,'Jan 16-31'!T21,'Feb 1-15'!T21,'Feb 16-29'!T21,'Mar 1-15'!T21,'Mar 16-31'!T21,'Apr 1-15'!T21,'Apr 16-30'!T21,'May 1-15'!T21,'May 16-31'!T21,'Jun 1-15'!T21,'Jun 16-30'!T21) -> 174.01 | U21: =SUM('Jan 1-15'!U21,'Jan 16-31'!U21,'Feb 1-15'!U21,'Feb 16-29'!U21,'Mar 1-15'!U21,'Mar 16-31'!U21,'Apr 1-15'!U21,'Apr 16-30'!U21,'May 1-15'!U21,'May 16-31'!U21,'Jun 1-15'!U21,'Jun 16-30'!U21) -> 9.5 | V21: =W21/U21 -> 4.9 | W21: =SUM('Jan 1-15'!W21,'Jan 16-31'!W21,'Feb 1-15'!W21,'Feb 16-29'!W21,'Mar 1-15'!W21,'Mar 16-31'!W21,'Apr 1-15'!W21,'Apr 16-30'!W21,'May 1-15'!W21,'May 16-31'!W21,'Jun 1-15'!W21,'Jun 16-30'!W21) -> 46.55 | X21: =SUM('Jan 1-15'!X21,'Jan 16-31'!X21,'Feb 1-15'!X21,'Feb 16-29'!X21,'Mar 1-15'!X21,'Mar 16-31'!X21,'Apr 1-15'!X21,'Apr 16-30'!X21,'May 1-15'!X21,'May 16-31'!X21,'Jun 1-15'!X21,'Jun 16-30'!X21) -> 0 | Y21: =Z21/X21 -> #DIV/0! | Z21: =SUM('Jan 1-15'!Z21,'Jan 16-31'!Z21,'Feb 1-15'!Z21,'Feb 16-29'!Z21,'Mar 1-15'!Z21,'Mar 16-31'!Z21,'Apr 1-15'!Z21,'Apr 16-30'!Z21,'May 1-15'!Z21,'May 16-31'!Z21,'Jun 1-15'!Z21,'Jun 16-30'!Z21) -> 0 | AA21: =SUM('Jan 1-15'!AA21,'Jan 16-31'!AA21,'Feb 1-15'!AA21,'Feb 16-29'!AA21,'Mar 1-15'!AA21,'Mar 16-31'!AA21,'Apr 1-15'!AA21,'Apr 16-30'!AA21,'May 1-15'!AA21,'May 16-31'!AA21,'Jun 1-15'!AA21,'Jun 16-30'!AA21) -> 16.7 | AB21: =AC21/AA21 -> 3.9 | AC21: =SUM('Jan 1-15'!AC21,'Jan 16-31'!AC21,'Feb 1-15'!AC21,'Feb 16-29'!AC21,'Mar 1-15'!AC21,'Mar 16-31'!AC21,'Apr 1-15'!AC21,'Apr 16-30'!AC21,'May 1-15'!AC21,'May 16-31'!AC21,'Jun 1-15'!AC21,'Jun 16-30'!AC21) -> 65.13 | AD21: =SUM('Jan 1-15'!AD21,'Jan 16-31'!AD21,'Feb 1-15'!AD21,'Feb 16-29'!AD21,'Mar 1-15'!AD21,'Mar 16-31'!AD21,'Apr 1-15'!AD21,'Apr 16-30'!AD21,'May 1-15'!AD21,'May 16-31'!AD21,'Jun 1-15'!AD21,'Jun 16-30'!AD21) -> 0 | AE21: =AF21/AD21 -> #DIV/0! | AF21: =SUM('Jan 1-15'!AF21,'Jan 16-31'!AF21,'Feb 1-15'!AF21,'Feb 16-29'!AF21,'Mar 1-15'!AF21,'Mar 16-31'!AF21,'Apr 1-15'!AF21,'Apr 16-30'!AF21,'May 1-15'!AF21,'May 16-31'!AF21,'Jun 1-15'!AF21,'Jun 16-30'!AF21) -> 0 | AG21: =SUM('Jan 1-15'!AG21,'Jan 16-31'!AG21,'Feb 1-15'!AG21,'Feb 16-29'!AG21,'Mar 1-15'!AG21,'Mar 16-31'!AG21,'Apr 1-15'!AG21,'Apr 16-30'!AG21,'May 1-15'!AG21,'May 16-31'!AG21,'Jun 1-15'!AG21,'Jun 16-30'!AG21) -> 0 | AH21: =AI21/AG21 -> #DIV/0! | AI21: =SUM('Jan 1-15'!AI21,'Jan 16-31'!AI21,'Feb 1-15'!AI21,'Feb 16-29'!AI21,'Mar 1-15'!AI21,'Mar 16-31'!AI21,'Apr 1-15'!AI21,'Apr 16-30'!AI21,'May 1-15'!AI21,'May 16-31'!AI21,'Jun 1-15'!AI21,'Jun 16-30'!AI21) -> 0 | AJ21: =SUM('Jan 1-15'!AJ21,'Jan 16-31'!AJ21,'Feb 1-15'!AJ21,'Feb 16-29'!AJ21,'Mar 1-15'!AJ21,'Mar 16-31'!AJ21,'Apr 1-15'!AJ21,'Apr 16-30'!AJ21,'May 1-15'!AJ21,'May 16-31'!AJ21,'Jun 1-15'!AJ21,'Jun 16-30'!AJ21) -> 0 | AK21: =AL21/AJ21 -> #DIV/0! | AL21: =SUM('Jan 1-15'!AL21,'Jan 16-31'!AL21,'Feb 1-15'!AL21,'Feb 16-29'!AL21,'Mar 1-15'!AL21,'Mar 16-31'!AL21,'Apr 1-15'!AL21,'Apr 16-30'!AL21,'May 1-15'!AL21,'May 16-31'!AL21,'Jun 1-15'!AL21,'Jun 16-30'!AL21) -> 0 | AM21: =SUM('Jan 1-15'!AM21,'Jan 16-31'!AM21,'Feb 1-15'!AM21,'Feb 16-29'!AM21,'Mar 1-15'!AM21,'Mar 16-31'!AM21,'Apr 1-15'!AM21,'Apr 16-30'!AM21,'May 1-15'!AM21,'May 16-31'!AM21,'Jun 1-15'!AM21,'Jun 16-30'!AM21) -> 0 | AN21: =AO21/AM21 -> #DIV/0! | AO21: =SUM('Jan 1-15'!AO21,'Jan 16-31'!AO21,'Feb 1-15'!AO21,'Feb 16-29'!AO21,'Mar 1-15'!AO21,'Mar 16-31'!AO21,'Apr 1-15'!AO21,'Apr 16-30'!AO21,'May 1-15'!AO21,'May 16-31'!AO21,'Jun 1-15'!AO21,'Jun 16-30'!AO21) -> 0 | AP21: =SUM('Jan 1-15'!AP21,'Jan 16-31'!AP21,'Feb 1-15'!AP21,'Feb 16-29'!AP21,'Mar 1-15'!AP21,'Mar 16-31'!AP21,'Apr 1-15'!AP21,'Apr 16-30'!AP21,'May 1-15'!AP21,'May 16-31'!AP21,'Jun 1-15'!AP21,'Jun 16-30'!AP21) -> 0 | AQ21: =AR21/AP21 -> #DIV/0! | AR21: =SUM('Jan 1-15'!AR21,'Jan 16-31'!AR21,'Feb 1-15'!AR21,'Feb 16-29'!AR21,'Mar 1-15'!AR21,'Mar 16-31'!AR21,'Apr 1-15'!AR21,'Apr 16-30'!AR21,'May 1-15'!AR21,'May 16-31'!AR21,'Jun 1-15'!AR21,'Jun 16-30'!AR21) -> 0 | AS21: =U21+X21+AA21+AD21+AG21+AJ21+AM21+AP21 -> 26.2 | AT21: =AU21/AS21 -> 4.2625954 | AU21: =W21+Z21+AC21+AF21+AI21+AL21+AO21+AR21 -> 111.68 | AV21: =C21+U21 -> 245.6 | AW21: =AX21/AV21 -> 5.4579805 | AX21: =E21+W21 -> 1340.48 | AY21: =F21+X21 -> 0 | AZ21: =BA21/AY21 -> #DIV/0! | BA21: =H21+Z21 -> 0 | BB21: =AJ21+AA21+I21 -> 170.4 | BC21: =BD21/BB21 -> 3.8098005 | BD21: =AL21+AC21+K21 -> 649.19 | BE21: =AM21+AD21+L21 -> 0 | BF21: =BG21/BE21 -> #DIV/0! | BG21: =AO21+AF21+N21 -> 0 | BH21: =AP21+AG21+O21 -> 9.3 | BI21: =BJ21/BH21 -> 2.8860215 | BJ21: =AR21+AI21+Q21 -> 26.84 | BK21: =AV21+AY21+BB21+BE21+BH21 -> 425.3 | BL21: =BM21/BK21 -> 4.7413826 | BM21: =AX21+BA21+BD21+BG21+BJ21 -> 2016.51
A22: Ransang | B22: =SUM('Jan 1-15'!B22,'Jan 16-31'!B22,'Feb 1-15'!B22,'Feb 16-29'!B22,'Mar 1-15'!B22,'Mar 16-31'!B22,'Apr 1-15'!B22,'Apr 16-30'!B22,'May 1-15'!B22,'May 16-31'!B22,'Jun 1-15'!B22,'Jun 16-30'!B22) -> 35 | C22: =SUM('Jan 1-15'!C22,'Jan 16-31'!C22,'Feb 1-15'!C22,'Feb 16-29'!C22,'Mar 1-15'!C22,'Mar 16-31'!C22,'Apr 1-15'!C22,'Apr 16-30'!C22,'May 1-15'!C22,'May 16-31'!C22,'Jun 1-15'!C22,'Jun 16-30'!C22) -> 4.8 | D22: =E22/C22 -> 4.5 | E22: =SUM('Jan 1-15'!E22,'Jan 16-31'!E22,'Feb 1-15'!E22,'Feb 16-29'!E22,'Mar 1-15'!E22,'Mar 16-31'!E22,'Apr 1-15'!E22,'Apr 16-30'!E22,'May 1-15'!E22,'May 16-31'!E22,'Jun 1-15'!E22,'Jun 16-30'!E22) -> 21.6 | F22: =SUM('Jan 1-15'!F22,'Jan 16-31'!F22,'Feb 1-15'!F22,'Feb 16-29'!F22,'Mar 1-15'!F22,'Mar 16-31'!F22,'Apr 1-15'!F22,'Apr 16-30'!F22,'May 1-15'!F22,'May 16-31'!F22,'Jun 1-15'!F22,'Jun 16-30'!F22) -> 0 | G22: =H22/F22 -> #DIV/0! | H22: =SUM('Jan 1-15'!H22,'Jan 16-31'!H22,'Feb 1-15'!H22,'Feb 16-29'!H22,'Mar 1-15'!H22,'Mar 16-31'!H22,'Apr 1-15'!H22,'Apr 16-30'!H22,'May 1-15'!H22,'May 16-31'!H22,'Jun 1-15'!H22,'Jun 16-30'!H22) -> 0 | I22: =SUM('Jan 1-15'!I22,'Jan 16-31'!I22,'Feb 1-15'!I22,'Feb 16-29'!I22,'Mar 1-15'!I22,'Mar 16-31'!I22,'Apr 1-15'!I22,'Apr 16-30'!I22,'May 1-15'!I22,'May 16-31'!I22,'Jun 1-15'!I22,'Jun 16-30'!I22) -> 13.4 | J22: =K22/I22 -> 3.9 | K22: =SUM('Jan 1-15'!K22,'Jan 16-31'!K22,'Feb 1-15'!K22,'Feb 16-29'!K22,'Mar 1-15'!K22,'Mar 16-31'!K22,'Apr 1-15'!K22,'Apr 16-30'!K22,'May 1-15'!K22,'May 16-31'!K22,'Jun 1-15'!K22,'Jun 16-30'!K22) -> 52.26 | L22: =SUM('Jan 1-15'!L22,'Jan 16-31'!L22,'Feb 1-15'!L22,'Feb 16-29'!L22,'Mar 1-15'!L22,'Mar 16-31'!L22,'Apr 1-15'!L22,'Apr 16-30'!L22,'May 1-15'!L22,'May 16-31'!L22,'Jun 1-15'!L22,'Jun 16-30'!L22) -> 0 | M22: =N22/L22 -> #DIV/0! | N22: =SUM('Jan 1-15'!N22,'Jan 16-31'!N22,'Feb 1-15'!N22,'Feb 16-29'!N22,'Mar 1-15'!N22,'Mar 16-31'!N22,'Apr 1-15'!N22,'Apr 16-30'!N22,'May 1-15'!N22,'May 16-31'!N22,'Jun 1-15'!N22,'Jun 16-30'!N22) -> 0 | O22: =SUM('Jan 1-15'!O22,'Jan 16-31'!O22,'Feb 1-15'!O22,'Feb 16-29'!O22,'Mar 1-15'!O22,'Mar 16-31'!O22,'Apr 1-15'!O22,'Apr 16-30'!O22,'May 1-15'!O22,'May 16-31'!O22,'Jun 1-15'!O22,'Jun 16-30'!O22) -> 5.4 | P22: =Q22/O22 -> 3.2 | Q22: =SUM('Jan 1-15'!Q22,'Jan 16-31'!Q22,'Feb 1-15'!Q22,'Feb 16-29'!Q22,'Mar 1-15'!Q22,'Mar 16-31'!Q22,'Apr 1-15'!Q22,'Apr 16-30'!Q22,'May 1-15'!Q22,'May 16-31'!Q22,'Jun 1-15'!Q22,'Jun 16-30'!Q22) -> 17.28 | R22: =SUM('Jan 1-15'!R22,'Jan 16-31'!R22,'Feb 1-15'!R22,'Feb 16-29'!R22,'Mar 1-15'!R22,'Mar 16-31'!R22,'Apr 1-15'!R22,'Apr 16-30'!R22,'May 1-15'!R22,'May 16-31'!R22,'Jun 1-15'!R22,'Jun 16-30'!R22) -> 21.6 | S22: =T22/R22 -> 3.8583333 | T22: =SUM('Jan 1-15'!T22,'Jan 16-31'!T22,'Feb 1-15'!T22,'Feb 16-29'!T22,'Mar 1-15'!T22,'Mar 16-31'!T22,'Apr 1-15'!T22,'Apr 16-30'!T22,'May 1-15'!T22,'May 16-31'!T22,'Jun 1-15'!T22,'Jun 16-30'!T22) -> 83.34 | U22: =SUM('Jan 1-15'!U22,'Jan 16-31'!U22,'Feb 1-15'!U22,'Feb 16-29'!U22,'Mar 1-15'!U22,'Mar 16-31'!U22,'Apr 1-15'!U22,'Apr 16-30'!U22,'May 1-15'!U22,'May 16-31'!U22,'Jun 1-15'!U22,'Jun 16-30'!U22) -> 12 | V22: =W22/U22 -> 4.9 | W22: =SUM('Jan 1-15'!W22,'Jan 16-31'!W22,'Feb 1-15'!W22,'Feb 16-29'!W22,'Mar 1-15'!W22,'Mar 16-31'!W22,'Apr 1-15'!W22,'Apr 16-30'!W22,'May 1-15'!W22,'May 16-31'!W22,'Jun 1-15'!W22,'Jun 16-30'!W22) -> 58.8 | X22: =SUM('Jan 1-15'!X22,'Jan 16-31'!X22,'Feb 1-15'!X22,'Feb 16-29'!X22,'Mar 1-15'!X22,'Mar 16-31'!X22,'Apr 1-15'!X22,'Apr 16-30'!X22,'May 1-15'!X22,'May 16-31'!X22,'Jun 1-15'!X22,'Jun 16-30'!X22) -> 0 | Y22: =Z22/X22 -> #DIV/0! | Z22: =SUM('Jan 1-15'!Z22,'Jan 16-31'!Z22,'Feb 1-15'!Z22,'Feb 16-29'!Z22,'Mar 1-15'!Z22,'Mar 16-31'!Z22,'Apr 1-15'!Z22,'Apr 16-30'!Z22,'May 1-15'!Z22,'May 16-31'!Z22,'Jun 1-15'!Z22,'Jun 16-30'!Z22) -> 0 | AA22: =SUM('Jan 1-15'!AA22,'Jan 16-31'!AA22,'Feb 1-15'!AA22,'Feb 16-29'!AA22,'Mar 1-15'!AA22,'Mar 16-31'!AA22,'Apr 1-15'!AA22,'Apr 16-30'!AA22,'May 1-15'!AA22,'May 16-31'!AA22,'Jun 1-15'!AA22,'Jun 16-30'!AA22) -> 40.6 | AB22: =AC22/AA22 -> 3.9 | AC22: =SUM('Jan 1-15'!AC22,'Jan 16-31'!AC22,'Feb 1-15'!AC22,'Feb 16-29'!AC22,'Mar 1-15'!AC22,'Mar 16-31'!AC22,'Apr 1-15'!AC22,'Apr 16-30'!AC22,'May 1-15'!AC22,'May 16-31'!AC22,'Jun 1-15'!AC22,'Jun 16-30'!AC22) -> 158.34 | AD22: =SUM('Jan 1-15'!AD22,'Jan 16-31'!AD22,'Feb 1-15'!AD22,'Feb 16-29'!AD22,'Mar 1-15'!AD22,'Mar 16-31'!AD22,'Apr 1-15'!AD22,'Apr 16-30'!AD22,'May 1-15'!AD22,'May 16-31'!AD22,'Jun 1-15'!AD22,'Jun 16-30'!AD22) -> 0 | AE22: =AF22/AD22 -> #DIV/0! | AF22: =SUM('Jan 1-15'!AF22,'Jan 16-31'!AF22,'Feb 1-15'!AF22,'Feb 16-29'!AF22,'Mar 1-15'!AF22,'Mar 16-31'!AF22,'Apr 1-15'!AF22,'Apr 16-30'!AF22,'May 1-15'!AF22,'May 16-31'!AF22,'Jun 1-15'!AF22,'Jun 16-30'!AF22) -> 0 | AG22: =SUM('Jan 1-15'!AG22,'Jan 16-31'!AG22,'Feb 1-15'!AG22,'Feb 16-29'!AG22,'Mar 1-15'!AG22,'Mar 16-31'!AG22,'Apr 1-15'!AG22,'Apr 16-30'!AG22,'May 1-15'!AG22,'May 16-31'!AG22,'Jun 1-15'!AG22,'Jun 16-30'!AG22) -> 0 | AH22: =AI22/AG22 -> #DIV/0! | AI22: =SUM('Jan 1-15'!AI22,'Jan 16-31'!AI22,'Feb 1-15'!AI22,'Feb 16-29'!AI22,'Mar 1-15'!AI22,'Mar 16-31'!AI22,'Apr 1-15'!AI22,'Apr 16-30'!AI22,'May 1-15'!AI22,'May 16-31'!AI22,'Jun 1-15'!AI22,'Jun 16-30'!AI22) -> 0 | AJ22: =SUM('Jan 1-15'!AJ22,'Jan 16-31'!AJ22,'Feb 1-15'!AJ22,'Feb 16-29'!AJ22,'Mar 1-15'!AJ22,'Mar 16-31'!AJ22,'Apr 1-15'!AJ22,'Apr 16-30'!AJ22,'May 1-15'!AJ22,'May 16-31'!AJ22,'Jun 1-15'!AJ22,'Jun 16-30'!AJ22) -> 0 | AK22: =AL22/AJ22 -> #DIV/0! | AL22: =SUM('Jan 1-15'!AL22,'Jan 16-31'!AL22,'Feb 1-15'!AL22,'Feb 16-29'!AL22,'Mar 1-15'!AL22,'Mar 16-31'!AL22,'Apr 1-15'!AL22,'Apr 16-30'!AL22,'May 1-15'!AL22,'May 16-31'!AL22,'Jun 1-15'!AL22,'Jun 16-30'!AL22) -> 0 | AM22: =SUM('Jan 1-15'!AM22,'Jan 16-31'!AM22,'Feb 1-15'!AM22,'Feb 16-29'!AM22,'Mar 1-15'!AM22,'Mar 16-31'!AM22,'Apr 1-15'!AM22,'Apr 16-30'!AM22,'May 1-15'!AM22,'May 16-31'!AM22,'Jun 1-15'!AM22,'Jun 16-30'!AM22) -> 0 | AN22: =AO22/AM22 -> #DIV/0! | AO22: =SUM('Jan 1-15'!AO22,'Jan 16-31'!AO22,'Feb 1-15'!AO22,'Feb 16-29'!AO22,'Mar 1-15'!AO22,'Mar 16-31'!AO22,'Apr 1-15'!AO22,'Apr 16-30'!AO22,'May 1-15'!AO22,'May 16-31'!AO22,'Jun 1-15'!AO22,'Jun 16-30'!AO22) -> 0 | AP22: =SUM('Jan 1-15'!AP22,'Jan 16-31'!AP22,'Feb 1-15'!AP22,'Feb 16-29'!AP22,'Mar 1-15'!AP22,'Mar 16-31'!AP22,'Apr 1-15'!AP22,'Apr 16-30'!AP22,'May 1-15'!AP22,'May 16-31'!AP22,'Jun 1-15'!AP22,'Jun 16-30'!AP22) -> 0 | AQ22: =AR22/AP22 -> #DIV/0! | AR22: =SUM('Jan 1-15'!AR22,'Jan 16-31'!AR22,'Feb 1-15'!AR22,'Feb 16-29'!AR22,'Mar 1-15'!AR22,'Mar 16-31'!AR22,'Apr 1-15'!AR22,'Apr 16-30'!AR22,'May 1-15'!AR22,'May 16-31'!AR22,'Jun 1-15'!AR22,'Jun 16-30'!AR22) -> 0 | AS22: =U22+X22+AA22+AD22+AG22+AJ22+AM22+AP22 -> 52.6 | AT22: =AU22/AS22 -> 4.1281369 | AU22: =W22+Z22+AC22+AF22+AI22+AL22+AO22+AR22 -> 217.14 | AV22: =C22+U22 -> 16.8 | AW22: =AX22/AV22 -> 4.7857143 | AX22: =E22+W22 -> 80.4 | AY22: =F22+X22 -> 0 | AZ22: =BA22/AY22 -> #DIV/0! | BA22: =H22+Z22 -> 0 | BB22: =AJ22+AA22+I22 -> 54 | BC22: =BD22/BB22 -> 3.9 | BD22: =AL22+AC22+K22 -> 210.6 | BE22: =AM22+AD22+L22 -> 0 | BF22: =BG22/BE22 -> #DIV/0! | BG22: =AO22+AF22+N22 -> 0 | BH22: =AP22+AG22+O22 -> 5.4 | BI22: =BJ22/BH22 -> 3.2 | BJ22: =AR22+AI22+Q22 -> 17.28 | BK22: =AV22+AY22+BB22+BE22+BH22 -> 76.2 | BL22: =BM22/BK22 -> 4.0456693 | BM22: =AX22+BA22+BD22+BG22+BJ22 -> 308.28
A23: Taburi | B23: =SUM('Jan 1-15'!B23,'Jan 16-31'!B23,'Feb 1-15'!B23,'Feb 16-29'!B23,'Mar 1-15'!B23,'Mar 16-31'!B23,'Apr 1-15'!B23,'Apr 16-30'!B23,'May 1-15'!B23,'May 16-31'!B23,'Jun 1-15'!B23,'Jun 16-30'!B23) -> 175 | C23: =SUM('Jan 1-15'!C23,'Jan 16-31'!C23,'Feb 1-15'!C23,'Feb 16-29'!C23,'Mar 1-15'!C23,'Mar 16-31'!C23,'Apr 1-15'!C23,'Apr 16-30'!C23,'May 1-15'!C23,'May 16-31'!C23,'Jun 1-15'!C23,'Jun 16-30'!C23) -> 13 | D23: =E23/C23 -> 5 | E23: =SUM('Jan 1-15'!E23,'Jan 16-31'!E23,'Feb 1-15'!E23,'Feb 16-29'!E23,'Mar 1-15'!E23,'Mar 16-31'!E23,'Apr 1-15'!E23,'Apr 16-30'!E23,'May 1-15'!E23,'May 16-31'!E23,'Jun 1-15'!E23,'Jun 16-30'!E23) -> 65 | F23: =SUM('Jan 1-15'!F23,'Jan 16-31'!F23,'Feb 1-15'!F23,'Feb 16-29'!F23,'Mar 1-15'!F23,'Mar 16-31'!F23,'Apr 1-15'!F23,'Apr 16-30'!F23,'May 1-15'!F23,'May 16-31'!F23,'Jun 1-15'!F23,'Jun 16-30'!F23) -> 0 | G23: =H23/F23 -> #DIV/0! | H23: =SUM('Jan 1-15'!H23,'Jan 16-31'!H23,'Feb 1-15'!H23,'Feb 16-29'!H23,'Mar 1-15'!H23,'Mar 16-31'!H23,'Apr 1-15'!H23,'Apr 16-30'!H23,'May 1-15'!H23,'May 16-31'!H23,'Jun 1-15'!H23,'Jun 16-30'!H23) -> 0 | I23: =SUM('Jan 1-15'!I23,'Jan 16-31'!I23,'Feb 1-15'!I23,'Feb 16-29'!I23,'Mar 1-15'!I23,'Mar 16-31'!I23,'Apr 1-15'!I23,'Apr 16-30'!I23,'May 1-15'!I23,'May 16-31'!I23,'Jun 1-15'!I23,'Jun 16-30'!I23) -> 47.3 | J23: =K23/I23 -> 3.9 | K23: =SUM('Jan 1-15'!K23,'Jan 16-31'!K23,'Feb 1-15'!K23,'Feb 16-29'!K23,'Mar 1-15'!K23,'Mar 16-31'!K23,'Apr 1-15'!K23,'Apr 16-30'!K23,'May 1-15'!K23,'May 16-31'!K23,'Jun 1-15'!K23,'Jun 16-30'!K23) -> 184.47 | L23: =SUM('Jan 1-15'!L23,'Jan 16-31'!L23,'Feb 1-15'!L23,'Feb 16-29'!L23,'Mar 1-15'!L23,'Mar 16-31'!L23,'Apr 1-15'!L23,'Apr 16-30'!L23,'May 1-15'!L23,'May 16-31'!L23,'Jun 1-15'!L23,'Jun 16-30'!L23) -> 0 | M23: =N23/L23 -> #DIV/0! | N23: =SUM('Jan 1-15'!N23,'Jan 16-31'!N23,'Feb 1-15'!N23,'Feb 16-29'!N23,'Mar 1-15'!N23,'Mar 16-31'!N23,'Apr 1-15'!N23,'Apr 16-30'!N23,'May 1-15'!N23,'May 16-31'!N23,'Jun 1-15'!N23,'Jun 16-30'!N23) -> 0 | O23: =SUM('Jan 1-15'!O23,'Jan 16-31'!O23,'Feb 1-15'!O23,'Feb 16-29'!O23,'Mar 1-15'!O23,'Mar 16-31'!O23,'Apr 1-15'!O23,'Apr 16-30'!O23,'May 1-15'!O23,'May 16-31'!O23,'Jun 1-15'!O23,'Jun 16-30'!O23) -> 0 | P23: =Q23/O23 -> #DIV/0! | Q23: =SUM('Jan 1-15'!Q23,'Jan 16-31'!Q23,'Feb 1-15'!Q23,'Feb 16-29'!Q23,'Mar 1-15'!Q23,'Mar 16-31'!Q23,'Apr 1-15'!Q23,'Apr 16-30'!Q23,'May 1-15'!Q23,'May 16-31'!Q23,'Jun 1-15'!Q23,'Jun 16-30'!Q23) -> 0 | R23: =SUM('Jan 1-15'!R23,'Jan 16-31'!R23,'Feb 1-15'!R23,'Feb 16-29'!R23,'Mar 1-15'!R23,'Mar 16-31'!R23,'Apr 1-15'!R23,'Apr 16-30'!R23,'May 1-15'!R23,'May 16-31'!R23,'Jun 1-15'!R23,'Jun 16-30'!R23) -> 0.8 | S23: =T23/R23 -> 3.9 | T23: =SUM('Jan 1-15'!T23,'Jan 16-31'!T23,'Feb 1-15'!T23,'Feb 16-29'!T23,'Mar 1-15'!T23,'Mar 16-31'!T23,'Apr 1-15'!T23,'Apr 16-30'!T23,'May 1-15'!T23,'May 16-31'!T23,'Jun 1-15'!T23,'Jun 16-30'!T23) -> 3.12 | U23: =SUM('Jan 1-15'!U23,'Jan 16-31'!U23,'Feb 1-15'!U23,'Feb 16-29'!U23,'Mar 1-15'!U23,'Mar 16-31'!U23,'Apr 1-15'!U23,'Apr 16-30'!U23,'May 1-15'!U23,'May 16-31'!U23,'Jun 1-15'!U23,'Jun 16-30'!U23) -> 106.5 | V23: =W23/U23 -> 4.7 | W23: =SUM('Jan 1-15'!W23,'Jan 16-31'!W23,'Feb 1-15'!W23,'Feb 16-29'!W23,'Mar 1-15'!W23,'Mar 16-31'!W23,'Apr 1-15'!W23,'Apr 16-30'!W23,'May 1-15'!W23,'May 16-31'!W23,'Jun 1-15'!W23,'Jun 16-30'!W23) -> 500.55 | X23: =SUM('Jan 1-15'!X23,'Jan 16-31'!X23,'Feb 1-15'!X23,'Feb 16-29'!X23,'Mar 1-15'!X23,'Mar 16-31'!X23,'Apr 1-15'!X23,'Apr 16-30'!X23,'May 1-15'!X23,'May 16-31'!X23,'Jun 1-15'!X23,'Jun 16-30'!X23) -> 0 | Y23: =Z23/X23 -> #DIV/0! | Z23: =SUM('Jan 1-15'!Z23,'Jan 16-31'!Z23,'Feb 1-15'!Z23,'Feb 16-29'!Z23,'Mar 1-15'!Z23,'Mar 16-31'!Z23,'Apr 1-15'!Z23,'Apr 16-30'!Z23,'May 1-15'!Z23,'May 16-31'!Z23,'Jun 1-15'!Z23,'Jun 16-30'!Z23) -> 0 | AA23: =SUM('Jan 1-15'!AA23,'Jan 16-31'!AA23,'Feb 1-15'!AA23,'Feb 16-29'!AA23,'Mar 1-15'!AA23,'Mar 16-31'!AA23,'Apr 1-15'!AA23,'Apr 16-30'!AA23,'May 1-15'!AA23,'May 16-31'!AA23,'Jun 1-15'!AA23,'Jun 16-30'!AA23) -> 76.5 | AB23: =AC23/AA23 -> 3.9 | AC23: =SUM('Jan 1-15'!AC23,'Jan 16-31'!AC23,'Feb 1-15'!AC23,'Feb 16-29'!AC23,'Mar 1-15'!AC23,'Mar 16-31'!AC23,'Apr 1-15'!AC23,'Apr 16-30'!AC23,'May 1-15'!AC23,'May 16-31'!AC23,'Jun 1-15'!AC23,'Jun 16-30'!AC23) -> 298.35 | AD23: =SUM('Jan 1-15'!AD23,'Jan 16-31'!AD23,'Feb 1-15'!AD23,'Feb 16-29'!AD23,'Mar 1-15'!AD23,'Mar 16-31'!AD23,'Apr 1-15'!AD23,'Apr 16-30'!AD23,'May 1-15'!AD23,'May 16-31'!AD23,'Jun 1-15'!AD23,'Jun 16-30'!AD23) -> 0 | AE23: =AF23/AD23 -> #DIV/0! | AF23: =SUM('Jan 1-15'!AF23,'Jan 16-31'!AF23,'Feb 1-15'!AF23,'Feb 16-29'!AF23,'Mar 1-15'!AF23,'Mar 16-31'!AF23,'Apr 1-15'!AF23,'Apr 16-30'!AF23,'May 1-15'!AF23,'May 16-31'!AF23,'Jun 1-15'!AF23,'Jun 16-30'!AF23) -> 0 | AG23: =SUM('Jan 1-15'!AG23,'Jan 16-31'!AG23,'Feb 1-15'!AG23,'Feb 16-29'!AG23,'Mar 1-15'!AG23,'Mar 16-31'!AG23,'Apr 1-15'!AG23,'Apr 16-30'!AG23,'May 1-15'!AG23,'May 16-31'!AG23,'Jun 1-15'!AG23,'Jun 16-30'!AG23) -> 0 | AH23: =AI23/AG23 -> #DIV/0! | AI23: =SUM('Jan 1-15'!AI23,'Jan 16-31'!AI23,'Feb 1-15'!AI23,'Feb 16-29'!AI23,'Mar 1-15'!AI23,'Mar 16-31'!AI23,'Apr 1-15'!AI23,'Apr 16-30'!AI23,'May 1-15'!AI23,'May 16-31'!AI23,'Jun 1-15'!AI23,'Jun 16-30'!AI23) -> 0 | AJ23: =SUM('Jan 1-15'!AJ23,'Jan 16-31'!AJ23,'Feb 1-15'!AJ23,'Feb 16-29'!AJ23,'Mar 1-15'!AJ23,'Mar 16-31'!AJ23,'Apr 1-15'!AJ23,'Apr 16-30'!AJ23,'May 1-15'!AJ23,'May 16-31'!AJ23,'Jun 1-15'!AJ23,'Jun 16-30'!AJ23) -> 0 | AK23: =AL23/AJ23 -> #DIV/0! | AL23: =SUM('Jan 1-15'!AL23,'Jan 16-31'!AL23,'Feb 1-15'!AL23,'Feb 16-29'!AL23,'Mar 1-15'!AL23,'Mar 16-31'!AL23,'Apr 1-15'!AL23,'Apr 16-30'!AL23,'May 1-15'!AL23,'May 16-31'!AL23,'Jun 1-15'!AL23,'Jun 16-30'!AL23) -> 0 | AM23: =SUM('Jan 1-15'!AM23,'Jan 16-31'!AM23,'Feb 1-15'!AM23,'Feb 16-29'!AM23,'Mar 1-15'!AM23,'Mar 16-31'!AM23,'Apr 1-15'!AM23,'Apr 16-30'!AM23,'May 1-15'!AM23,'May 16-31'!AM23,'Jun 1-15'!AM23,'Jun 16-30'!AM23) -> 0 | AN23: =AO23/AM23 -> #DIV/0! | AO23: =SUM('Jan 1-15'!AO23,'Jan 16-31'!AO23,'Feb 1-15'!AO23,'Feb 16-29'!AO23,'Mar 1-15'!AO23,'Mar 16-31'!AO23,'Apr 1-15'!AO23,'Apr 16-30'!AO23,'May 1-15'!AO23,'May 16-31'!AO23,'Jun 1-15'!AO23,'Jun 16-30'!AO23) -> 0 | AP23: =SUM('Jan 1-15'!AP23,'Jan 16-31'!AP23,'Feb 1-15'!AP23,'Feb 16-29'!AP23,'Mar 1-15'!AP23,'Mar 16-31'!AP23,'Apr 1-15'!AP23,'Apr 16-30'!AP23,'May 1-15'!AP23,'May 16-31'!AP23,'Jun 1-15'!AP23,'Jun 16-30'!AP23) -> 0 | AQ23: =AR23/AP23 -> #DIV/0! | AR23: =SUM('Jan 1-15'!AR23,'Jan 16-31'!AR23,'Feb 1-15'!AR23,'Feb 16-29'!AR23,'Mar 1-15'!AR23,'Mar 16-31'!AR23,'Apr 1-15'!AR23,'Apr 16-30'!AR23,'May 1-15'!AR23,'May 16-31'!AR23,'Jun 1-15'!AR23,'Jun 16-30'!AR23) -> 0 | AS23: =U23+X23+AA23+AD23+AG23+AJ23+AM23+AP23 -> 183 | AT23: =AU23/AS23 -> 4.3655738 | AU23: =W23+Z23+AC23+AF23+AI23+AL23+AO23+AR23 -> 798.9 | AV23: =C23+U23 -> 119.5 | AW23: =AX23/AV23 -> 4.732636 | AX23: =E23+W23 -> 565.55 | AY23: =F23+X23 -> 0 | AZ23: =BA23/AY23 -> #DIV/0! | BA23: =H23+Z23 -> 0 | BB23: =AJ23+AA23+I23 -> 123.8 | BC23: =BD23/BB23 -> 3.9 | BD23: =AL23+AC23+K23 -> 482.82 | BE23: =AM23+AD23+L23 -> 0 | BF23: =BG23/BE23 -> #DIV/0! | BG23: =AO23+AF23+N23 -> 0 | BH23: =AP23+AG23+O23 -> 0 | BI23: =BJ23/BH23 -> #DIV/0! | BJ23: =AR23+AI23+Q23 -> 0 | BK23: =AV23+AY23+BB23+BE23+BH23 -> 243.3 | BL23: =BM23/BK23 -> 4.3089601 | BM23: =AX23+BA23+BD23+BG23+BJ23 -> 1048.37
A25: - to be submitted every 15th and 30th day of the month
A26: -June 30 submission for terminal harvesting under DS cropping

Sheet Jan 1-15
A1: Department of Agriculture
A2: REGIONAL FIELD OFFICE MIMAROPA
A3: Rice Program
A5: DRY SEASON 2026 Harvesting Report
A6: as of JANUARY 15, 2026
A7: MUNICIPALITY / BARANGAY | B7: NO. OF FARMER HARVESTED | C7: IRRIGATED | U7: RAINFED | AV7: DS 2020-2021 | BN7: REMARKS
C9: HYBRID SEEDS | F9: REGISTERED SEEDS | I9: CERTIFIED SEEDS | L9: GOOD QUALITY SEEDS | O9: FARMERS HOME SAVED SEEDS / GS | R9: TOTAL | U9: LOWLAND | AJ9: UPLAND | AS9: TOTAL | AV9: HYBRID SEEDS | AY9: REGISTERED SEEDS | BB9: CERTIFIED SEEDS | BE9: GOOD QUALITY SEEDS | BH9: FARMERS HOME SAVED SEEDS / GS | BK9: TOTAL
U10: HYBRID SEEDS | X10: REGISTERED SEEDS | AA10: CERTIFIED SEEDS | AD10: GOOD QUALITY SEEDS | AG10: FARMERS HOME SAVED SEEDS | AJ10: CERTIFIED SEEDS | AM10: GOOD QUALITY SEEDS | AP10: FARMERS HOME SAVED SEEDS / GS
C11: Area Harvested (ha) | D11: Ave. Yield (mt/ha) | E11: Production (mt) | F11: Area Harvested (ha) | G11: Ave. Yield (mt/ha) | H11: Production (mt) | I11: Area Harvested (ha) | J11: Ave. Yield (mt/ha) | K11: Production (mt) | L11: Area Harvested (ha) | M11: Ave. Yield (mt/ha) | N11: Production (mt) | O11: Area Harvested (ha) | P11: Ave. Yield (mt/ha) | Q11: Production (mt) | R11: Area Harvested (ha) | S11: Ave. Yield (mt/ha) | T11: Production (mt) | U11: Area Harvested (ha) | V11: Ave. Yield (mt/ha) | W11: Production (mt) | X11: Area Harvested (ha) | Y11: Ave. Yield (mt/ha) | Z11: Production (mt) | AA11: Area Harvested (ha) | AB11: Ave. Yield (mt/ha) | AC11: Production (mt) | AD11: Area Harvested (ha) | AE11: Ave. Yield (mt/ha) | AF11: Production (mt) | AG11: Area Harvested (ha) | AH11: Ave. Yield (mt/ha) | AI11: Production (mt) | AJ11: Area Harvested (ha) | AK11: Ave. Yield (mt/ha) | AL11: Production (mt) | AM11: Area Harvested (ha) | AN11: Ave. Yield (mt/ha) | AO11: Production (mt) | AP11: Area Harvested (ha) | AQ11: Ave. Yield (mt/ha) | AR11: Production (mt) | AS11: Area Harvested (ha) | AT11: Ave. Yield (mt/ha) | AU11: Production (mt) | AV11: Area Harvested (ha) | AW11: Ave. Yield (mt/ha) | AX11: Production (mt) | AY11: Area Harvested (ha) | AZ11: Ave. Yield (mt/ha) | BA11: Production (mt) | BB11: Area Harvested (ha) | BC11: Ave. Yield (mt/ha) | BD11: Production (mt) | BE11: Area Harvested (ha) | BF11: Ave. Yield (mt/ha) | BG11: Production (mt) | BH11: Area Harvested (ha) | BI11: Ave. Yield (mt/ha) | BJ11: Production (mt) | BK11: Area Harvested (ha) | BL11: Ave. Yield (mt/ha) | BM11: Production (mt)
A12: Rizal | B12: =SUM(B13:B24) -> 45 | C12: =SUM(C13:C24) -> 2.6 | D12: =E12/C12 -> 4.5 | E12: =SUM(E13:E24) -> 11.7 | F12: =SUM(F13:F24) -> 0 | G12: =H12/F12 -> #DIV/0! | H12: =SUM(H13:H24) -> 0 | I12: =SUM(I13:I24) -> 30.2 | J12: =K12/I12 -> 3.8480132 | K12: =SUM(K13:K24) -> 116.21 | L12: =SUM(L13:L24) -> 0 | M12: =N12/L12 -> #DIV/0! | N12: =SUM(N13:N24) -> 0 | O12: =SUM(O13:O24) -> 10.1 | P12: =Q12/O12 -> 3.2 | Q12: =SUM(Q13:Q24) -> 32.32 | R12: =SUM(R13:R24) -> 42.9 | S12: =T12/R12 -> 3.734965 | T12: =SUM(T13:T24) -> 160.23 | U12: =SUM(U13:U24) -> 1 | V12: =W12/U12 -> 4.5 | W12: =SUM(W13:W24) -> 4.5 | X12: =SUM(X13:X24) -> 0 | Y12: =Z12/X12 -> #DIV/0! | Z12: =SUM(Z13:Z24) -> 0 | AA12: =SUM(AA13:AA24) -> 23.1 | AB12: =AC12/AA12 -> 3.9 | AC12: =SUM(AC13:AC24) -> 90.09 | AD12: =SUM(AD13:AD24) -> 0 | AE12: =AF12/AD12 -> #DIV/0! | AF12: =SUM(AF13:AF24) -> 0 | AG12: =SUM(AG13:AG24) -> 6 | AH12: =AI12/AG12 -> 3.2 | AI12: =SUM(AI13:AI24) -> 19.2 | AJ12: =SUM(AJ13:AJ24) -> 0 | AK12: =AL12/AJ12 -> #DIV/0! | AL12: =SUM(AL13:AL24) -> 0 | AM12: =SUM(AM13:AM24) -> 0 | AN12: =AO12/AM12 -> #DIV/0! | AO12: =SUM(AO13:AO24) -> 0 | AP12: =SUM(AP13:AP24) -> 0 | AQ12: =AR12/AP12 -> #DIV/0! | AR12: =SUM(AR13:AR24) -> 0 | AS12: =SUM(AS13:AS24) -> 30.1 | AT12: =AU12/AS12 -> 3.7803987 | AU12: =SUM(AU13:AU24) -> 113.79 | AV12: =SUM(AV13:AV24) -> 3.6 | AW12: =AX12/AV12 -> 4.5 | AX12: =SUM(AX13:AX24) -> 16.2 | AY12: =SUM(AY13:AY24) -> 0 | AZ12: =BA12/AY12 -> #DIV/0! | BA12: =SUM(BA13:BA24) -> 0 | BB12: =SUM(BB13:BB24) -> 53.3 | BC12: =BD12/BB12 -> 3.8705441 | BD12: =SUM(BD13:BD24) -> 206.3 | BE12: =SUM(BE13:BE24) -> 0 | BF12: =BG12/BE12 -> #DIV/0! | BG12: =SUM(BG13:BG24) -> 0 | BH12: =SUM(BH13:BH24) -> 16.1 | BI12: =BJ12/BH12 -> 3.2 | BJ12: =SUM(BJ13:BJ24) -> 51.52 | BK12: =SUM(BK13:BK24) -> 73 | BL12: =BM12/BK12 -> 3.7536986 | BM12: =SUM(BM13:BM24) -> 274.02
A13: Bunog | B13: 0 | D13: =E13/C13 -> #DIV/0! | E13: 0 | G13: =H13/F13 -> #DIV/0! | J13: =K13/I13 -> #DIV/0! | K13: 0 | M13: =N13/L13 -> #DIV/0! | P13: =Q13/O13 -> #DIV/0! | Q13: 0 | R13: =C13+F13+I13+L13+O13 -> 0 | S13: =T13/R13 -> #DIV/0! | T13: =E13+H13+K13+N13+Q13 -> 0 | V13: =W13/U13 -> #DIV/0! | W13: 0 | Y13: =Z13/X13 -> #DIV/0! | AB13: =AC13/AA13 -> #DIV/0! | AC13: 0 | AE13: =AF13/AD13 -> #DIV/0! | AH13: =AI13/AG13 -> #DIV/0! | AI13: 0 | AK13: =AL13/AJ13 -> #DIV/0! | AN13: =AO13/AM13 -> #DIV/0! | AQ13: =AR13/AP13 -> #DIV/0! | AS13: =U13+X13+AA13+AD13+AG13+AJ13+AM13+AP13 -> 0 | AT13: =AU13/AS13 -> #DIV/0! | AU13: =W13+Z13+AC13+AF13+AI13+AL13+AO13+AR13 -> 0 | AV13: =C13+U13 -> 0 | AW13: =AX13/AV13 -> #DIV/0! | AX13: =E13+W13 -> 0 | AY13: =F13+X13 -> 0 | AZ13: =BA13/AY13 -> #DIV/0! | BA13: =H13+Z13 -> 0 | BB13: =AJ13+AA13+I13 -> 0 | BC13: =BD13/BB13 -> #DIV/0! | BD13: =AL13+AC13+K13 -> 0 | BE13: =AM13+AD13+L13 -> 0 | BF13: =BG13/BE13 -> #DIV/0! | BG13: =AO13+AF13+N13 -> 0 | BH13: =AP13+AG13+O13 -> 0 | BI13: =BJ13/BH13 -> #DIV/0! | BJ13: =AR13+AI13+Q13 -> 0 | BK13: =AV13+AY13+BB13+BE13+BH13 -> 0 | BL13: =BM13/BK13 -> #DIV/0! | BM13: =AX13+BA13+BD13+BG13+BJ13 -> 0
A14: Campong Ulay | B14: 7 | D14: =E14/C14 -> #DIV/0! | E14: 0 | G14: =H14/F14 -> #DIV/0! | I14: 8 | J14: =K14/I14 -> 3.9 | K14: 31.2 | M14: =N14/L14 -> #DIV/0! | P14: =Q14/O14 -> #DIV/0! | Q14: 0 | R14: =C14+F14+I14+L14+O14 -> 8 | S14: =T14/R14 -> 3.9 | T14: =E14+H14+K14+N14+Q14 -> 31.2 | V14: =W14/U14 -> #DIV/0! | W14: 0 | Y14: =Z14/X14 -> #DIV/0! | AA14: 1.5 | AB14: =AC14/AA14 -> 3.9 | AC14: 5.85 | AE14: =AF14/AD14 -> #DIV/0! | AH14: =AI14/AG14 -> #DIV/0! | AI14: 0 | AK14: =AL14/AJ14 -> #DIV/0! | AN14: =AO14/AM14 -> #DIV/0! | AQ14: =AR14/AP14 -> #DIV/0! | AS14: =U14+X14+AA14+AD14+AG14+AJ14+AM14+AP14 -> 1.5 | AT14: =AU14/AS14 -> 3.9 | AU14: =W14+Z14+AC14+AF14+AI14+AL14+AO14+AR14 -> 5.85 | AV14: =C14+U14 -> 0 | AW14: =AX14/AV14 -> #DIV/0! | AX14: =E14+W14 -> 0 | AY14: =F14+X14 -> 0 | AZ14: =BA14/AY14 -> #DIV/0! | BA14: =H14+Z14 -> 0 | BB14: =AJ14+AA14+I14 -> 9.5 | BC14: =BD14/BB14 -> 3.9 | BD14: =AL14+AC14+K14 -> 37.05 | BE14: =AM14+AD14+L14 -> 0 | BF14: =BG14/BE14 -> #DIV/0! | BG14: =AO14+AF14+N14 -> 0 | BH14: =AP14+AG14+O14 -> 0 | BI14: =BJ14/BH14 -> #DIV/0! | BJ14: =AR14+AI14+Q14 -> 0 | BK14: =AV14+AY14+BB14+BE14+BH14 -> 9.5 | BL14: =BM14/BK14 -> 3.9 | BM14: =AX14+BA14+BD14+BG14+BJ14 -> 37.05
A15: Candawaga | B15: 0 | D15: =E15/C15 -> #DIV/0! | E15: 0 | G15: =H15/F15 -> #DIV/0! | J15: =K15/I15 -> #DIV/0! | K15: 0 | M15: =N15/L15 -> #DIV/0! | P15: =Q15/O15 -> #DIV/0! | Q15: 0 | R15: =C15+F15+I15+L15+O15 -> 0 | S15: =T15/R15 -> #DIV/0! | T15: =E15+H15+K15+N15+Q15 -> 0 | V15: =W15/U15 -> #DIV/0! | W15: 0 | Y15: =Z15/X15 -> #DIV/0! | AB15: =AC15/AA15 -> #DIV/0! | AC15: 0 | AE15: =AF15/AD15 -> #DIV/0! | AH15: =AI15/AG15 -> #DIV/0! | AI15: 0 | AK15: =AL15/AJ15 -> #DIV/0! | AN15: =AO15/AM15 -> #DIV/0! | AQ15: =AR15/AP15 -> #DIV/0! | AS15: =U15+X15+AA15+AD15+AG15+AJ15+AM15+AP15 -> 0 | AT15: =AU15/AS15 -> #DIV/0! | AU15: =W15+Z15+AC15+AF15+AI15+AL15+AO15+AR15 -> 0 | AV15: =C15+U15 -> 0 | AW15: =AX15/AV15 -> #DIV/0! | AX15: =E15+W15 -> 0 | AY15: =F15+X15 -> 0 | AZ15: =BA15/AY15 -> #DIV/0! | BA15: =H15+Z15 -> 0 | BB15: =AJ15+AA15+I15 -> 0 | BC15: =BD15/BB15 -> #DIV/0! | BD15: =AL15+AC15+K15 -> 0 | BE15: =AM15+AD15+L15 -> 0 | BF15: =BG15/BE15 -> #DIV/0! | BG15: =AO15+AF15+N15 -> 0 | BH15: =AP15+AG15+O15 -> 0 | BI15: =BJ15/BH15 -> #DIV/0! | BJ15: =AR15+AI15+Q15 -> 0 | BK15: =AV15+AY15+BB15+BE15+BH15 -> 0 | BL15: =BM15/BK15 -> #DIV/0! | BM15: =AX15+BA15+BD15+BG15+BJ15 -> 0
A16: Canipaan | B16: 20 | D16: =E16/C16 -> #DIV/0! | E16: 0 | G16: =H16/F16 -> #DIV/0! | I16: 5.5 | J16: =K16/I16 -> 3.9 | K16: 21.45 | M16: =N16/L16 -> #DIV/0! | P16: =Q16/O16 -> #DIV/0! | Q16: 0 | R16: =C16+F16+I16+L16+O16 -> 5.5 | S16: =T16/R16 -> 3.9 | T16: =E16+H16+K16+N16+Q16 -> 21.45 | V16: =W16/U16 -> #DIV/0! | W16: 0 | Y16: =Z16/X16 -> #DIV/0! | AA16: 20.3 | AB16: =AC16/AA16 -> 3.9 | AC16: 79.17 | AE16: =AF16/AD16 -> #DIV/0! | AG16: 3.5 | AH16: =AI16/AG16 -> 3.2 | AI16: 11.2 | AK16: =AL16/AJ16 -> #DIV/0! | AN16: =AO16/AM16 -> #DIV/0! | AQ16: =AR16/AP16 -> #DIV/0! | AS16: =U16+X16+AA16+AD16+AG16+AJ16+AM16+AP16 -> 23.8 | AT16: =AU16/AS16 -> 3.7970588 | AU16: =W16+Z16+AC16+AF16+AI16+AL16+AO16+AR16 -> 90.37 | AV16: =C16+U16 -> 0 | AW16: =AX16/AV16 -> #DIV/0! | AX16: =E16+W16 -> 0 | AY16: =F16+X16 -> 0 | AZ16: =BA16/AY16 -> #DIV/0! | BA16: =H16+Z16 -> 0 | BB16: =AJ16+AA16+I16 -> 25.8 | BC16: =BD16/BB16 -> 3.9 | BD16: =AL16+AC16+K16 -> 100.62 | BE16: =AM16+AD16+L16 -> 0 | BF16: =BG16/BE16 -> #DIV/0! | BG16: =AO16+AF16+N16 -> 0 | BH16: =AP16+AG16+O16 -> 3.5 | BI16: =BJ16/BH16 -> 3.2 | BJ16: =AR16+AI16+Q16 -> 11.2 | BK16: =AV16+AY16+BB16+BE16+BH16 -> 29.3 | BL16: =BM16/BK16 -> 3.8163823 | BM16: =AX16+BA16+BD16+BG16+BJ16 -> 111.82
A17: Culasian | B17: 0 | D17: =E17/C17 -> #DIV/0! | E17: 0 | G17: =H17/F17 -> #DIV/0! | J17: =K17/I17 -> #DIV/0! | K17: 0 | M17: =N17/L17 -> #DIV/0! | P17: =Q17/O17 -> #DIV/0! | Q17: 0 | R17: =C17+F17+I17+L17+O17 -> 0 | S17: =T17/R17 -> #DIV/0! | T17: =E17+H17+K17+N17+Q17 -> 0 | V17: =W17/U17 -> #DIV/0! | W17: 0 | Y17: =Z17/X17 -> #DIV/0! | AB17: =AC17/AA17 -> #DIV/0! | AC17: 0 | AE17: =AF17/AD17 -> #DIV/0! | AH17: =AI17/AG17 -> #DIV/0! | AI17: 0 | AK17: =AL17/AJ17 -> #DIV/0! | AN17: =AO17/AM17 -> #DIV/0! | AQ17: =AR17/AP17 -> #DIV/0! | AS17: =U17+X17+AA17+AD17+AG17+AJ17+AM17+AP17 -> 0 | AT17: =AU17/AS17 -> #DIV/0! | AU17: =W17+Z17+AC17+AF17+AI17+AL17+AO17+AR17 -> 0 | AV17: =C17+U17 -> 0 | AW17: =AX17/AV17 -> #DIV/0! | AX17: =E17+W17 -> 0 | AY17: =F17+X17 -> 0 | AZ17: =BA17/AY17 -> #DIV/0! | BA17: =H17+Z17 -> 0 | BB17: =AJ17+AA17+I17 -> 0 | BC17: =BD17/BB17 -> #DIV/0! | BD17: =AL17+AC17+K17 -> 0 | BE17: =AM17+AD17+L17 -> 0 | BF17: =BG17/BE17 -> #DIV/0! | BG17: =AO17+AF17+N17 -> 0 | BH17: =AP17+AG17+O17 -> 0 | BI17: =BJ17/BH17 -> #DIV/0! | BJ17: =AR17+AI17+Q17 -> 0 | BK17: =AV17+AY17+BB17+BE17+BH17 -> 0 | BL17: =BM17/BK17 -> #DIV/0! | BM17: =AX17+BA17+BD17+BG17+BJ17 -> 0
A18: Iraan | B18: 6 | D18: =E18/C18 -> #DIV/0! | E18: 0 | G18: =H18/F18 -> #DIV/0! | J18: =K18/I18 -> #DIV/0! | K18: 0 | M18: =N18/L18 -> #DIV/0! | O18: 3.6 | P18: =Q18/O18 -> 3.2 | Q18: 11.52 | R18: =C18+F18+I18+L18+O18 -> 3.6 | S18: =T18/R18 -> 3.2 | T18: =E18+H18+K18+N18+Q18 -> 11.52 | U18: 1 | V18: =W18/U18 -> 4.5 | W18: 4.5 | Y18: =Z18/X18 -> #DIV/0! | AB18: =AC18/AA18 -> #DIV/0! | AC18: 0 | AE18: =AF18/AD18 -> #DIV/0! | AG18: 2.5 | AH18: =AI18/AG18 -> 3.2 | AI18: 8 | AK18: =AL18/AJ18 -> #DIV/0! | AN18: =AO18/AM18 -> #DIV/0! | AQ18: =AR18/AP18 -> #DIV/0! | AS18: =U18+X18+AA18+AD18+AG18+AJ18+AM18+AP18 -> 3.5 | AT18: =AU18/AS18 -> 3.5714286 | AU18: =W18+Z18+AC18+AF18+AI18+AL18+AO18+AR18 -> 12.5 | AV18: =C18+U18 -> 1 | AW18: =AX18/AV18 -> 4.5 | AX18: =E18+W18 -> 4.5 | AY18: =F18+X18 -> 0 | AZ18: =BA18/AY18 -> #DIV/0! | BA18: =H18+Z18 -> 0 | BB18: =AJ18+AA18+I18 -> 0 | BC18: =BD18/BB18 -> #DIV/0! | BD18: =AL18+AC18+K18 -> 0 | BE18: =AM18+AD18+L18 -> 0 | BF18: =BG18/BE18 -> #DIV/0! | BG18: =AO18+AF18+N18 -> 0 | BH18: =AP18+AG18+O18 -> 6.1 | BI18: =BJ18/BH18 -> 3.2 | BJ18: =AR18+AI18+Q18 -> 19.52 | BK18: =AV18+AY18+BB18+BE18+BH18 -> 7.1 | BL18: =BM18/BK18 -> 3.3830986 | BM18: =AX18+BA18+BD18+BG18+BJ18 -> 24.02
A19: Latud | B19: 0 | D19: =E19/C19 -> #DIV/0! | E19: 0 | G19: =H19/F19 -> #DIV/0! | J19: =K19/I19 -> #DIV/0! | K19: 0 | M19: =N19/L19 -> #DIV/0! | P19: =Q19/O19 -> #DIV/0! | Q19: 0 | R19: =C19+F19+I19+L19+O19 -> 0 | S19: =T19/R19 -> #DIV/0! | T19: =E19+H19+K19+N19+Q19 -> 0 | V19: =W19/U19 -> #DIV/0! | W19: 0 | Y19: =Z19/X19 -> #DIV/0! | AB19: =AC19/AA19 -> #DIV/0! | AC19: 0 | AE19: =AF19/AD19 -> #DIV/0! | AH19: =AI19/AG19 -> #DIV/0! | AI19: 0 | AK19: =AL19/AJ19 -> #DIV/0! | AN19: =AO19/AM19 -> #DIV/0! | AQ19: =AR19/AP19 -> #DIV/0! | AS19: =U19+X19+AA19+AD19+AG19+AJ19+AM19+AP19 -> 0 | AT19: =AU19/AS19 -> #DIV/0! | AU19: =W19+Z19+AC19+AF19+AI19+AL19+AO19+AR19 -> 0 | AV19: =C19+U19 -> 0 | AW19: =AX19/AV19 -> #DIV/0! | AX19: =E19+W19 -> 0 | AY19: =F19+X19 -> 0 | AZ19: =BA19/AY19 -> #DIV/0! | BA19: =H19+Z19 -> 0 | BB19: =AJ19+AA19+I19 -> 0 | BC19: =BD19/BB19 -> #DIV/0! | BD19: =AL19+AC19+K19 -> 0 | BE19: =AM19+AD19+L19 -> 0 | BF19: =BG19/BE19 -> #DIV/0! | BG19: =AO19+AF19+N19 -> 0 | BH19: =AP19+AG19+O19 -> 0 | BI19: =BJ19/BH19 -> #DIV/0! | BJ19: =AR19+AI19+Q19 -> 0 | BK19: =AV19+AY19+BB19+BE19+BH19 -> 0 | BL19: =BM19/BK19 -> #DIV/0! | BM19: =AX19+BA19+BD19+BG19+BJ19 -> 0
A20: Panalingaan | B20: 0 | D20: =E20/C20 -> #DIV/0! | E20: 0 | G20: =H20/F20 -> #DIV/0! | J20: =K20/I20 -> #DIV/0! | K20: 0 | M20: =N20/L20 -> #DIV/0! | P20: =Q20/O20 -> #DIV/0! | Q20: 0 | R20: =C20+F20+I20+L20+O20 -> 0 | S20: =T20/R20 -> #DIV/0! | T20: =E20+H20+K20+N20+Q20 -> 0 | V20: =W20/U20 -> #DIV/0! | W20: 0 | Y20: =Z20/X20 -> #DIV/0! | AB20: =AC20/AA20 -> #DIV/0! | AC20: 0 | AE20: =AF20/AD20 -> #DIV/0! | AH20: =AI20/AG20 -> #DIV/0! | AI20: 0 | AK20: =AL20/AJ20 -> #DIV/0! | AN20: =AO20/AM20 -> #DIV/0! | AQ20: =AR20/AP20 -> #DIV/0! | AS20: =U20+X20+AA20+AD20+AG20+AJ20+AM20+AP20 -> 0 | AT20: =AU20/AS20 -> #DIV/0! | AU20: =W20+Z20+AC20+AF20+AI20+AL20+AO20+AR20 -> 0 | AV20: =C20+U20 -> 0 | AW20: =AX20/AV20 -> #DIV/0! | AX20: =E20+W20 -> 0 | AY20: =F20+X20 -> 0 | AZ20: =BA20/AY20 -> #DIV/0! | BA20: =H20+Z20 -> 0 | BB20: =AJ20+AA20+I20 -> 0 | BC20: =BD20/BB20 -> #DIV/0! | BD20: =AL20+AC20+K20 -> 0 | BE20: =AM20+AD20+L20 -> 0 | BF20: =BG20/BE20 -> #DIV/0! | BG20: =AO20+AF20+N20 -> 0 | BH20: =AP20+AG20+O20 -> 0 | BI20: =BJ20/BH20 -> #DIV/0! | BJ20: =AR20+AI20+Q20 -> 0 | BK20: =AV20+AY20+BB20+BE20+BH20 -> 0 | BL20: =BM20/BK20 -> #DIV/0! | BM20: =AX20+BA20+BD20+BG20+BJ20 -> 0
A21: Punta Baja | B21: 8 | D21: =E21/C21 -> #DIV/0! | E21: 0 | G21: =H21/F21 -> #DIV/0! | I21: 15.7 | J21: =K21/I21 -> 3.8 | K21: 59.66 | M21: =N21/L21 -> #DIV/0! | O21: 2 | P21: =Q21/O21 -> 3.2 | Q21: 6.4 | R21: =C21+F21+I21+L21+O21 -> 17.7 | S21: =T21/R21 -> 3.7322034 | T21: =E21+H21+K21+N21+Q21 -> 66.06 | V21: =W21/U21 -> #DIV/0! | W21: 0 | Y21: =Z21/X21 -> #DIV/0! | AB21: =AC21/AA21 -> #DIV/0! | AC21: 0 | AE21: =AF21/AD21 -> #DIV/0! | AH21: =AI21/AG21 -> #DIV/0! | AI21: 0 | AK21: =AL21/AJ21 -> #DIV/0! | AN21: =AO21/AM21 -> #DIV/0! | AQ21: =AR21/AP21 -> #DIV/0! | AS21: =U21+X21+AA21+AD21+AG21+AJ21+AM21+AP21 -> 0 | AT21: =AU21/AS21 -> #DIV/0! | AU21: =W21+Z21+AC21+AF21+AI21+AL21+AO21+AR21 -> 0 | AV21: =C21+U21 -> 0 | AW21: =AX21/AV21 -> #DIV/0! | AX21: =E21+W21 -> 0 | AY21: =F21+X21 -> 0 | AZ21: =BA21/AY21 -> #DIV/0! | BA21: =H21+Z21 -> 0 | BB21: =AJ21+AA21+I21 -> 15.7 | BC21: =BD21/BB21 -> 3.8 | BD21: =AL21+AC21+K21 -> 59.66 | BE21: =AM21+AD21+L21 -> 0 | BF21: =BG21/BE21 -> #DIV/0! | BG21: =AO21+AF21+N21 -> 0 | BH21: =AP21+AG21+O21 -> 2 | BI21: =BJ21/BH21 -> 3.2 | BJ21: =AR21+AI21+Q21 -> 6.4 | BK21: =AV21+AY21+BB21+BE21+BH21 -> 17.7 | BL21: =BM21/BK21 -> 3.7322034 | BM21: =AX21+BA21+BD21+BG21+BJ21 -> 66.06
A22: Ransang | B22: 4 | C22: 2.6 | D22: =E22/C22 -> 4.5 | E22: 11.7 | G22: =H22/F22 -> #DIV/0! | I22: 1 | J22: =K22/I22 -> 3.9 | K22: 3.9 | M22: =N22/L22 -> #DIV/0! | O22: 4.5 | P22: =Q22/O22 -> 3.2 | Q22: 14.4 | R22: =C22+F22+I22+L22+O22 -> 8.1 | S22: =T22/R22 -> 3.7037037 | T22: =E22+H22+K22+N22+Q22 -> 30 | V22: =W22/U22 -> #DIV/0! | W22: 0 | Y22: =Z22/X22 -> #DIV/0! | AA22: 1.3 | AB22: =AC22/AA22 -> 3.9 | AC22: 5.07 | AE22: =AF22/AD22 -> #DIV/0! | AH22: =AI22/AG22 -> #DIV/0! | AI22: 0 | AK22: =AL22/AJ22 -> #DIV/0! | AN22: =AO22/AM22 -> #DIV/0! | AQ22: =AR22/AP22 -> #DIV/0! | AS22: =U22+X22+AA22+AD22+AG22+AJ22+AM22+AP22 -> 1.3 | AT22: =AU22/AS22 -> 3.9 | AU22: =W22+Z22+AC22+AF22+AI22+AL22+AO22+AR22 -> 5.07 | AV22: =C22+U22 -> 2.6 | AW22: =AX22/AV22 -> 4.5 | AX22: =E22+W22 -> 11.7 | AY22: =F22+X22 -> 0 | AZ22: =BA22/AY22 -> #DIV/0! | BA22: =H22+Z22 -> 0 | BB22: =AJ22+AA22+I22 -> 2.3 | BC22: =BD22/BB22 -> 3.9 | BD22: =AL22+AC22+K22 -> 8.97 | BE22: =AM22+AD22+L22 -> 0 | BF22: =BG22/BE22 -> #DIV/0! | BG22: =AO22+AF22+N22 -> 0 | BH22: =AP22+AG22+O22 -> 4.5 | BI22: =BJ22/BH22 -> 3.2 | BJ22: =AR22+AI22+Q22 -> 14.4 | BK22: =AV22+AY22+BB22+BE22+BH22 -> 9.4 | BL22: =BM22/BK22 -> 3.7308511 | BM22: =AX22+BA22+BD22+BG22+BJ22 -> 35.07
A23: Taburi | B23: 0 | D23: =E23/C23 -> #DIV/0! | E23: 0 | G23: =H23/F23 -> #DIV/0! | J23: =K23/I23 -> #DIV/0! | K23: 0 | M23: =N23/L23 -> #DIV/0! | P23: =Q23/O23 -> #DIV/0! | Q23: 0 | R23: =C23+F23+I23+L23+O23 -> 0 | S23: =T23/R23 -> #DIV/0! | T23: =E23+H23+K23+N23+Q23 -> 0 | V23: =W23/U23 -> #DIV/0! | W23: 0 | Y23: =Z23/X23 -> #DIV/0! | AB23: =AC23/AA23 -> #DIV/0! | AC23: 0 | AE23: =AF23/AD23 -> #DIV/0! | AH23: =AI23/AG23 -> #DIV/0! | AI23: 0 | AK23: =AL23/AJ23 -> #DIV/0! | AN23: =AO23/AM23 -> #DIV/0! | AQ23: =AR23/AP23 -> #DIV/0! | AS23: =U23+X23+AA23+AD23+AG23+AJ23+AM23+AP23 -> 0 | AT23: =AU23/AS23 -> #DIV/0! | AU23: =W23+Z23+AC23+AF23+AI23+AL23+AO23+AR23 -> 0 | AV23: =C23+U23 -> 0 | AW23: =AX23/AV23 -> #DIV/0! | AX23: =E23+W23 -> 0 | AY23: =F23+X23 -> 0 | AZ23: =BA23/AY23 -> #DIV/0! | BA23: =H23+Z23 -> 0 | BB23: =AJ23+AA23+I23 -> 0 | BC23: =BD23/BB23 -> #DIV/0! | BD23: =AL23+AC23+K23 -> 0 | BE23: =AM23+AD23+L23 -> 0 | BF23: =BG23/BE23 -> #DIV/0! | BG23: =AO23+AF23+N23 -> 0 | BH23: =AP23+AG23+O23 -> 0 | BI23: =BJ23/BH23 -> #DIV/0! | BJ23: =AR23+AI23+Q23 -> 0 | BK23: =AV23+AY23+BB23+BE23+BH23 -> 0 | BL23: =BM23/BK23 -> #DIV/0! | BM23: =AX23+BA23+BD23+BG23+BJ23 -> 0
R24: =C24+F24+I24+L24+O24 -> 0 | T24: =E24+H24+K24+N24+Q24 -> 0 | AS24: =U24+X24+AA24+AD24+AG24+AJ24+AM24+AP24 -> 0 | AU24: =W24+Z24+AC24+AF24+AI24+AL24+AO24+AR24 -> 0 | AV24: =C24+U24 -> 0 | AW24: =AX24/AV24 -> #DIV/0! | AX24: =E24+W24 -> 0 | AY24: =F24+X24 -> 0 | AZ24: =BA24/AY24 -> #DIV/0! | BA24: =H24+Z24 -> 0 | BB24: =AJ24+AA24+I24 -> 0 | BC24: =BD24/BB24 -> #DIV/0! | BD24: =AL24+AC24+K24 -> 0 | BE24: =AM24+AD24+L24 -> 0 | BF24: =BG24/BE24 -> #DIV/0! | BG24: =AO24+AF24+N24 -> 0 | BH24: =AP24+AG24+O24 -> 0 | BI24: =BJ24/BH24 -> #DIV/0! | BJ24: =AR24+AI24+Q24 -> 0 | BK24: =AV24+AY24+BB24+BE24+BH24 -> 0 | BL24: =BM24/BK24 -> #DIV/0! | BM24: =AX24+BA24+BD24+BG24+BJ24 -> 0
A25: - to be submitted every 15th and 30th day of the month
A26: - December 30 submission for terminal harvesting under WS cropping
A27: -

Sheet Jan 16-31
A1: Department of Agriculture
A2: REGIONAL FIELD OFFICE MIMAROPA
A3: Rice Program
A5: DRY SEASON 2026 Harvesting Report
A6: as of January 31, 2026
A7: MUNICIPALITY / BARANGAY | B7: NO. OF FARMER HARVESTED | C7: IRRIGATED | U7: RAINFED | AV7: DS 2025-2026 | BN7: REMARKS
C9: HYBRID SEEDS | F9: REGISTERED SEEDS | I9: CERTIFIED SEEDS | L9: GOOD QUALITY SEEDS | O9: FARMERS HOME SAVED SEEDS / GS | R9: TOTAL | U9: LOWLAND | AJ9: UPLAND | AS9: TOTAL | AV9: HYBRID SEEDS | AY9: REGISTERED SEEDS | BB9: CERTIFIED SEEDS | BE9: GOOD QUALITY SEEDS | BH9: FARMERS HOME SAVED SEEDS / GS | BK9: TOTAL
U10: HYBRID SEEDS | X10: REGISTERED SEEDS | AA10: CERTIFIED SEEDS | AD10: GOOD QUALITY SEEDS | AG10: FARMERS HOME SAVED SEEDS | AJ10: CERTIFIED SEEDS | AM10: GOOD QUALITY SEEDS | AP10: FARMERS HOME SAVED SEEDS / GS
C11: Area Harvested (ha) | D11: Ave. Yield (mt/ha) | E11: Production (mt) | F11: Area Harvested (ha) | G11: Ave. Yield (mt/ha) | H11: Production (mt) | I11: Area Harvested (ha) | J11: Ave. Yield (mt/ha) | K11: Production (mt) | L11: Area Harvested (ha) | M11: Ave. Yield (mt/ha) | N11: Production (mt) | O11: Area Harvested (ha) | P11: Ave. Yield (mt/ha) | Q11: Production (mt) | R11: Area Harvested (ha) | S11: Ave. Yield (mt/ha) | T11: Production (mt) | U11: Area Harvested (ha) | V11: Ave. Yield (mt/ha) | W11: Production (mt) | X11: Area Harvested (ha) | Y11: Ave. Yield (mt/ha) | Z11: Production (mt) | AA11: Area Harvested (ha) | AB11: Ave. Yield (mt/ha) | AC11: Production (mt) | AD11: Area Harvested (ha) | AE11: Ave. Yield (mt/ha) | AF11: Production (mt) | AG11: Area Harvested (ha) | AH11: Ave. Yield (mt/ha) | AI11: Production (mt) | AJ11: Area Harvested (ha) | AK11: Ave. Yield (mt/ha) | AL11: Production (mt) | AM11: Area Harvested (ha) | AN11: Ave. Yield (mt/ha) | AO11: Production (mt) | AP11: Area Harvested (ha) | AQ11: Ave. Yield (mt/ha) | AR11: Production (mt) | AS11: Area Harvested (ha) | AT11: Ave. Yield (mt/ha) | AU11: Production (mt) | AV11: Area Harvested (ha) | AW11: Ave. Yield (mt/ha) | AX11: Production (mt) | AY11: Area Harvested (ha) | AZ11: Ave. Yield (mt/ha) | BA11: Production (mt) | BB11: Area Harvested (ha) | BC11: Ave. Yield (mt/ha) | BD11: Production (mt) | BE11: Area Harvested (ha) | BF11: Ave. Yield (mt/ha) | BG11: Production (mt) | BH11: Area Harvested (ha) | BI11: Ave. Yield (mt/ha) | BJ11: Production (mt) | BK11: Area Harvested (ha) | BL11: Ave. Yield (mt/ha) | BM11: Production (mt)
A12: Rizal | B12: =SUM(B13:B24) -> 80 | C12: =SUM(C13:C24) -> 24.7 | D12: =E12/C12 -> 4.8392713 | E12: =SUM(E13:E24) -> 119.53 | F12: =SUM(F13:F24) -> 0 | G12: =H12/F12 -> #DIV/0! | H12: =SUM(H13:H24) -> 0 | I12: =SUM(I13:I24) -> 35.5 | J12: =K12/I12 -> 3.8943662 | K12: =SUM(K13:K24) -> 138.25 | L12: =SUM(L13:L24) -> 0 | M12: =N12/L12 -> #DIV/0! | N12: =SUM(N13:N24) -> 0 | O12: =SUM(O13:O24) -> 5 | P12: =Q12/O12 -> 3.024 | Q12: =SUM(Q13:Q24) -> 15.12 | R12: =SUM(R13:R24) -> 65.2 | S12: =T12/R12 -> 4.1855828 | T12: =SUM(T13:T24) -> 272.9 | U12: =SUM(U13:U24) -> 8.9 | V12: =W12/U12 -> 4.6438202 | W12: =SUM(W13:W24) -> 41.33 | X12: =SUM(X13:X24) -> 0 | Y12: =Z12/X12 -> #DIV/0! | Z12: =SUM(Z13:Z24) -> 0 | AA12: =SUM(AA13:AA24) -> 42.1 | AB12: =AC12/AA12 -> 3.8821853 | AC12: =SUM(AC13:AC24) -> 163.44 | AD12: =SUM(AD13:AD24) -> 0 | AE12: =AF12/AD12 -> #DIV/0! | AF12: =SUM(AF13:AF24) -> 0 | AG12: =SUM(AG13:AG24) -> 7.4 | AH12: =AI12/AG12 -> 3.1216216 | AI12: =SUM(AI13:AI24) -> 23.1 | AJ12: =SUM(AJ13:AJ24) -> 0 | AK12: =AL12/AJ12 -> #DIV/0! | AL12: =SUM(AL13:AL24) -> 0 | AM12: =SUM(AM13:AM24) -> 0 | AN12: =AO12/AM12 -> #DIV/0! | AO12: =SUM(AO13:AO24) -> 0 | AP12: =SUM(AP13:AP24) -> 0 | AQ12: =AR12/AP12 -> #DIV/0! | AR12: =SUM(AR13:AR24) -> 0 | AS12: =SUM(AS13:AS24) -> 58.4 | AT12: =AU12/AS12 -> 3.9018836 | AU12: =SUM(AU13:AU24) -> 227.87 | AV12: =SUM(AV13:AV24) -> 33.6 | AW12: =AX12/AV12 -> 4.7875 | AX12: =SUM(AX13:AX24) -> 160.86 | AY12: =SUM(AY13:AY24) -> 0 | AZ12: =BA12/AY12 -> #DIV/0! | BA12: =SUM(BA13:BA24) -> 0 | BB12: =SUM(BB13:BB24) -> 77.6 | BC12: =BD12/BB12 -> 3.8877577 | BD12: =SUM(BD13:BD24) -> 301.69 | BE12: =SUM(BE13:BE24) -> 0 | BF12: =BG12/BE12 -> #DIV/0! | BG12: =SUM(BG13:BG24) -> 0 | BH12: =SUM(BH13:BH24) -> 12.4 | BI12: =BJ12/BH12 -> 3.0822581 | BJ12: =SUM(BJ13:BJ24) -> 38.22 | BK12: =SUM(BK13:BK24) -> 123.6 | BL12: =BM12/BK12 -> 4.0515372 | BM12: =SUM(BM13:BM24) -> 500.77
A13: Bunog | B13: 6 | D13: =E13/C13 -> #DIV/0! | E13: 0 | G13: =H13/F13 -> #DIV/0! | J13: =K13/I13 -> #DIV/0! | K13: 0 | M13: =N13/L13 -> #DIV/0! | P13: =Q13/O13 -> #DIV/0! | Q13: 0 | R13: =C13+F13+I13+L13+O13 -> 0 | S13: =T13/R13 -> #DIV/0! | T13: =E13+H13+K13+N13+Q13 -> 0 | U13: 2.8 | V13: =W13/U13 -> 4.6 | W13: 12.88 | Y13: =Z13/X13 -> #DIV/0! | AA13: 0.5 | AB13: =AC13/AA13 -> 3.9 | AC13: 1.95 | AE13: =AF13/AD13 -> #DIV/0! | AG13: 2.9 | AH13: =AI13/AG13 -> 3 | AI13: 8.7 | AK13: =AL13/AJ13 -> #DIV/0! | AN13: =AO13/AM13 -> #DIV/0! | AQ13: =AR13/AP13 -> #DIV/0! | AS13: =U13+X13+AA13+AD13+AG13+AJ13+AM13+AP13 -> 6.2 | AT13: =AU13/AS13 -> 3.7951613 | AU13: =W13+Z13+AC13+AF13+AI13+AL13+AO13+AR13 -> 23.53 | AV13: =C13+U13 -> 2.8 | AW13: =AX13/AV13 -> 4.6 | AX13: =E13+W13 -> 12.88 | AY13: =F13+X13 -> 0 | AZ13: =BA13/AY13 -> #DIV/0! | BA13: =H13+Z13 -> 0 | BB13: =AJ13+AA13+I13 -> 0.5 | BC13: =BD13/BB13 -> 3.9 | BD13: =AL13+AC13+K13 -> 1.95 | BE13: =AM13+AD13+L13 -> 0 | BF13: =BG13/BE13 -> #DIV/0! | BG13: =AO13+AF13+N13 -> 0 | BH13: =AP13+AG13+O13 -> 2.9 | BI13: =BJ13/BH13 -> 3 | BJ13: =AR13+AI13+Q13 -> 8.7 | BK13: =AV13+AY13+BB13+BE13+BH13 -> 6.2 | BL13: =BM13/BK13 -> 3.7951613 | BM13: =AX13+BA13+BD13+BG13+BJ13 -> 23.53
A14: Campong Ulay | B14: 4 | C14: 4 | D14: =E14/C14 -> 4.5 | E14: 18 | G14: =H14/F14 -> #DIV/0! | J14: =K14/I14 -> #DIV/0! | K14: 0 | M14: =N14/L14 -> #DIV/0! | P14: =Q14/O14 -> #DIV/0! | Q14: 0 | R14: =C14+F14+I14+L14+O14 -> 4 | S14: =T14/R14 -> 4.5 | T14: =E14+H14+K14+N14+Q14 -> 18 | V14: =W14/U14 -> #DIV/0! | W14: 0 | Y14: =Z14/X14 -> #DIV/0! | AA14: 3.5 | AB14: =AC14/AA14 -> 4 | AC14: 14 | AE14: =AF14/AD14 -> #DIV/0! | AH14: =AI14/AG14 -> #DIV/0! | AI14: 0 | AK14: =AL14/AJ14 -> #DIV/0! | AN14: =AO14/AM14 -> #DIV/0! | AQ14: =AR14/AP14 -> #DIV/0! | AS14: =U14+X14+AA14+AD14+AG14+AJ14+AM14+AP14 -> 3.5 | AT14: =AU14/AS14 -> 4 | AU14: =W14+Z14+AC14+AF14+AI14+AL14+AO14+AR14 -> 14 | AV14: =C14+U14 -> 4 | AW14: =AX14/AV14 -> 4.5 | AX14: =E14+W14 -> 18 | AY14: =F14+X14 -> 0 | AZ14: =BA14/AY14 -> #DIV/0! | BA14: =H14+Z14 -> 0 | BB14: =AJ14+AA14+I14 -> 3.5 | BC14: =BD14/BB14 -> 4 | BD14: =AL14+AC14+K14 -> 14 | BE14: =AM14+AD14+L14 -> 0 | BF14: =BG14/BE14 -> #DIV/0! | BG14: =AO14+AF14+N14 -> 0 | BH14: =AP14+AG14+O14 -> 0 | BI14: =BJ14/BH14 -> #DIV/0! | BJ14: =AR14+AI14+Q14 -> 0 | BK14: =AV14+AY14+BB14+BE14+BH14 -> 7.5 | BL14: =BM14/BK14 -> 4.2666667 | BM14: =AX14+BA14+BD14+BG14+BJ14 -> 32
A15: Candawaga | B15: 5 | C15: 7 | D15: =E15/C15 -> 5 | E15: 35 | G15: =H15/F15 -> #DIV/0! | I15: 3.5 | J15: =K15/I15 -> 4.2 | K15: 14.7 | M15: =N15/L15 -> #DIV/0! | P15: =Q15/O15 -> #DIV/0! | Q15: 0 | R15: =C15+F15+I15+L15+O15 -> 10.5 | S15: =T15/R15 -> 4.7333333 | T15: =E15+H15+K15+N15+Q15 -> 49.7 | V15: =W15/U15 -> #DIV/0! | W15: 0 | Y15: =Z15/X15 -> #DIV/0! | AA15: 2.5 | AB15: =AC15/AA15 -> 4 | AC15: 10 | AE15: =AF15/AD15 -> #DIV/0! | AH15: =AI15/AG15 -> #DIV/0! | AI15: 0 | AK15: =AL15/AJ15 -> #DIV/0! | AN15: =AO15/AM15 -> #DIV/0! | AQ15: =AR15/AP15 -> #DIV/0! | AS15: =U15+X15+AA15+AD15+AG15+AJ15+AM15+AP15 -> 2.5 | AT15: =AU15/AS15 -> 4 | AU15: =W15+Z15+AC15+AF15+AI15+AL15+AO15+AR15 -> 10 | AV15: =C15+U15 -> 7 | AW15: =AX15/AV15 -> 5 | AX15: =E15+W15 -> 35 | AY15: =F15+X15 -> 0 | AZ15: =BA15/AY15 -> #DIV/0! | BA15: =H15+Z15 -> 0 | BB15: =AJ15+AA15+I15 -> 6 | BC15: =BD15/BB15 -> 4.1166667 | BD15: =AL15+AC15+K15 -> 24.7 | BE15: =AM15+AD15+L15 -> 0 | BF15: =BG15/BE15 -> #DIV/0! | BG15: =AO15+AF15+N15 -> 0 | BH15: =AP15+AG15+O15 -> 0 | BI15: =BJ15/BH15 -> #DIV/0! | BJ15: =AR15+AI15+Q15 -> 0 | BK15: =AV15+AY15+BB15+BE15+BH15 -> 13 | BL15: =BM15/BK15 -> 4.5923077 | BM15: =AX15+BA15+BD15+BG15+BJ15 -> 59.7
A16: Canipaan | B16: 13 | C16: 2.8 | D16: =E16/C16 -> 5 | E16: 14 | G16: =H16/F16 -> #DIV/0! | I16: 3 | J16: =K16/I16 -> 3.9 | K16: 11.7 | M16: =N16/L16 -> #DIV/0! | P16: =Q16/O16 -> #DIV/0! | Q16: 0 | R16: =C16+F16+I16+L16+O16 -> 5.8 | S16: =T16/R16 -> 4.4310345 | T16: =E16+H16+K16+N16+Q16 -> 25.7 | U16: 3.6 | V16: =W16/U16 -> 4.5 | W16: 16.2 | Y16: =Z16/X16 -> #DIV/0! | AA16: 10.8 | AB16: =AC16/AA16 -> 3.9 | AC16: 42.12 | AE16: =AF16/AD16 -> #DIV/0! | AG16: 1 | AH16: =AI16/AG16 -> 3.2 | AI16: 3.2 | AK16: =AL16/AJ16 -> #DIV/0! | AN16: =AO16/AM16 -> #DIV/0! | AQ16: =AR16/AP16 -> #DIV/0! | AS16: =U16+X16+AA16+AD16+AG16+AJ16+AM16+AP16 -> 15.4 | AT16: =AU16/AS16 -> 3.9948052 | AU16: =W16+Z16+AC16+AF16+AI16+AL16+AO16+AR16 -> 61.52 | AV16: =C16+U16 -> 6.4 | AW16: =AX16/AV16 -> 4.71875 | AX16: =E16+W16 -> 30.2 | AY16: =F16+X16 -> 0 | AZ16: =BA16/AY16 -> #DIV/0! | BA16: =H16+Z16 -> 0 | BB16: =AJ16+AA16+I16 -> 13.8 | BC16: =BD16/BB16 -> 3.9 | BD16: =AL16+AC16+K16 -> 53.82 | BE16: =AM16+AD16+L16 -> 0 | BF16: =BG16/BE16 -> #DIV/0! | BG16: =AO16+AF16+N16 -> 0 | BH16: =AP16+AG16+O16 -> 1 | BI16: =BJ16/BH16 -> 3.2 | BJ16: =AR16+AI16+Q16 -> 3.2 | BK16: =AV16+AY16+BB16+BE16+BH16 -> 21.2 | BL16: =BM16/BK16 -> 4.1141509 | BM16: =AX16+BA16+BD16+BG16+BJ16 -> 87.22
A17: Culasian | B17: 4 | D17: =E17/C17 -> #DIV/0! | E17: 0 | G17: =H17/F17 -> #DIV/0! | I17: 2 | J17: =K17/I17 -> 3.9 | K17: 7.8 | M17: =N17/L17 -> #DIV/0! | P17: =Q17/O17 -> #DIV/0! | Q17: 0 | R17: =C17+F17+I17+L17+O17 -> 2 | S17: =T17/R17 -> 3.9 | T17: =E17+H17+K17+N17+Q17 -> 7.8 | V17: =W17/U17 -> #DIV/0! | W17: 0 | Y17: =Z17/X17 -> #DIV/0! | AA17: 3.8 | AB17: =AC17/AA17 -> 3.9 | AC17: 14.82 | AE17: =AF17/AD17 -> #DIV/0! | AH17: =AI17/AG17 -> #DIV/0! | AI17: 0 | AK17: =AL17/AJ17 -> #DIV/0! | AN17: =AO17/AM17 -> #DIV/0! | AQ17: =AR17/AP17 -> #DIV/0! | AS17: =U17+X17+AA17+AD17+AG17+AJ17+AM17+AP17 -> 3.8 | AT17: =AU17/AS17 -> 3.9 | AU17: =W17+Z17+AC17+AF17+AI17+AL17+AO17+AR17 -> 14.82 | AV17: =C17+U17 -> 0 | AW17: =AX17/AV17 -> #DIV/0! | AX17: =E17+W17 -> 0 | AY17: =F17+X17 -> 0 | AZ17: =BA17/AY17 -> #DIV/0! | BA17: =H17+Z17 -> 0 | BB17: =AJ17+AA17+I17 -> 5.8 | BC17: =BD17/BB17 -> 3.9 | BD17: =AL17+AC17+K17 -> 22.62 | BE17: =AM17+AD17+L17 -> 0 | BF17: =BG17/BE17 -> #DIV/0! | BG17: =AO17+AF17+N17 -> 0 | BH17: =AP17+AG17+O17 -> 0 | BI17: =BJ17/BH17 -> #DIV/0! | BJ17: =AR17+AI17+Q17 -> 0 | BK17: =AV17+AY17+BB17+BE17+BH17 -> 5.8 | BL17: =BM17/BK17 -> 3.9 | BM17: =AX17+BA17+BD17+BG17+BJ17 -> 22.62
A18: Iraan | B18: 19 | C18: 1 | D18: =E18/C18 -> 4.9 | E18: 4.9 | G18: =H18/F18 -> #DIV/0! | I18: 8.5 | J18: =K18/I18 -> 3.9 | K18: 33.15 | M18: =N18/L18 -> #DIV/0! | O18: 2.8 | P18: =Q18/O18 -> 3.2 | Q18: 8.96 | R18: =C18+F18+I18+L18+O18 -> 12.3 | S18: =T18/R18 -> 3.8219512 | T18: =E18+H18+K18+N18+Q18 -> 47.01 | V18: =W18/U18 -> #DIV/0! | W18: 0 | Y18: =Z18/X18 -> #DIV/0! | AA18: 13.5 | AB18: =AC18/AA18 -> 3.8 | AC18: 51.3 | AE18: =AF18/AD18 -> #DIV/0! | AG18: 3.5 | AH18: =AI18/AG18 -> 3.2 | AI18: 11.2 | AK18: =AL18/AJ18 -> #DIV/0! | AN18: =AO18/AM18 -> #DIV/0! | AQ18: =AR18/AP18 -> #DIV/0! | AS18: =U18+X18+AA18+AD18+AG18+AJ18+AM18+AP18 -> 17 | AT18: =AU18/AS18 -> 3.6764706 | AU18: =W18+Z18+AC18+AF18+AI18+AL18+AO18+AR18 -> 62.5 | AV18: =C18+U18 -> 1 | AW18: =AX18/AV18 -> 4.9 | AX18: =E18+W18 -> 4.9 | AY18: =F18+X18 -> 0 | AZ18: =BA18/AY18 -> #DIV/0! | BA18: =H18+Z18 -> 0 | BB18: =AJ18+AA18+I18 -> 22 | BC18: =BD18/BB18 -> 3.8386364 | BD18: =AL18+AC18+K18 -> 84.45 | BE18: =AM18+AD18+L18 -> 0 | BF18: =BG18/BE18 -> #DIV/0! | BG18: =AO18+AF18+N18 -> 0 | BH18: =AP18+AG18+O18 -> 6.3 | BI18: =BJ18/BH18 -> 3.2 | BJ18: =AR18+AI18+Q18 -> 20.16 | BK18: =AV18+AY18+BB18+BE18+BH18 -> 29.3 | BL18: =BM18/BK18 -> 3.7375427 | BM18: =AX18+BA18+BD18+BG18+BJ18 -> 109.51
A19: Latud | B19: 0 | D19: =E19/C19 -> #DIV/0! | E19: 0 | G19: =H19/F19 -> #DIV/0! | J19: =K19/I19 -> #DIV/0! | K19: 0 | M19: =N19/L19 -> #DIV/0! | P19: =Q19/O19 -> #DIV/0! | Q19: 0 | R19: =C19+F19+I19+L19+O19 -> 0 | S19: =T19/R19 -> #DIV/0! | T19: =E19+H19+K19+N19+Q19 -> 0 | V19: =W19/U19 -> #DIV/0! | W19: 0 | Y19: =Z19/X19 -> #DIV/0! | AB19: =AC19/AA19 -> #DIV/0! | AC19: 0 | AE19: =AF19/AD19 -> #DIV/0! | AH19: =AI19/AG19 -> #DIV/0! | AI19: 0 | AK19: =AL19/AJ19 -> #DIV/0! | AN19: =AO19/AM19 -> #DIV/0! | AQ19: =AR19/AP19 -> #DIV/0! | AS19: =U19+X19+AA19+AD19+AG19+AJ19+AM19+AP19 -> 0 | AT19: =AU19/AS19 -> #DIV/0! | AU19: =W19+Z19+AC19+AF19+AI19+AL19+AO19+AR19 -> 0 | AV19: =C19+U19 -> 0 | AW19: =AX19/AV19 -> #DIV/0! | AX19: =E19+W19 -> 0 | AY19: =F19+X19 -> 0 | AZ19: =BA19/AY19 -> #DIV/0! | BA19: =H19+Z19 -> 0 | BB19: =AJ19+AA19+I19 -> 0 | BC19: =BD19/BB19 -> #DIV/0! | BD19: =AL19+AC19+K19 -> 0 | BE19: =AM19+AD19+L19 -> 0 | BF19: =BG19/BE19 -> #DIV/0! | BG19: =AO19+AF19+N19 -> 0 | BH19: =AP19+AG19+O19 -> 0 | BI19: =BJ19/BH19 -> #DIV/0! | BJ19: =AR19+AI19+Q19 -> 0 | BK19: =AV19+AY19+BB19+BE19+BH19 -> 0 | BL19: =BM19/BK19 -> #DIV/0! | BM19: =AX19+BA19+BD19+BG19+BJ19 -> 0
A20: Panalingaan | B20: 0 | D20: =E20/C20 -> #DIV/0! | E20: 0 | G20: =H20/F20 -> #DIV/0! | J20: =K20/I20 -> #DIV/0! | K20: 0 | M20: =N20/L20 -> #DIV/0! | P20: =Q20/O20 -> #DIV/0! | Q20: 0 | R20: =C20+F20+I20+L20+O20 -> 0 | S20: =T20/R20 -> #DIV/0! | T20: =E20+H20+K20+N20+Q20 -> 0 | V20: =W20/U20 -> #DIV/0! | W20: 0 | Y20: =Z20/X20 -> #DIV/0! | AB20: =AC20/AA20 -> #DIV/0! | AC20: 0 | AE20: =AF20/AD20 -> #DIV/0! | AH20: =AI20/AG20 -> #DIV/0! | AI20: 0 | AK20: =AL20/AJ20 -> #DIV/0! | AN20: =AO20/AM20 -> #DIV/0! | AQ20: =AR20/AP20 -> #DIV/0! | AS20: =U20+X20+AA20+AD20+AG20+AJ20+AM20+AP20 -> 0 | AT20: =AU20/AS20 -> #DIV/0! | AU20: =W20+Z20+AC20+AF20+AI20+AL20+AO20+AR20 -> 0 | AV20: =C20+U20 -> 0 | AW20: =AX20/AV20 -> #DIV/0! | AX20: =E20+W20 -> 0 | AY20: =F20+X20 -> 0 | AZ20: =BA20/AY20 -> #DIV/0! | BA20: =H20+Z20 -> 0 | BB20: =AJ20+AA20+I20 -> 0 | BC20: =BD20/BB20 -> #DIV/0! | BD20: =AL20+AC20+K20 -> 0 | BE20: =AM20+AD20+L20 -> 0 | BF20: =BG20/BE20 -> #DIV/0! | BG20: =AO20+AF20+N20 -> 0 | BH20: =AP20+AG20+O20 -> 0 | BI20: =BJ20/BH20 -> #DIV/0! | BJ20: =AR20+AI20+Q20 -> 0 | BK20: =AV20+AY20+BB20+BE20+BH20 -> 0 | BL20: =BM20/BK20 -> #DIV/0! | BM20: =AX20+BA20+BD20+BG20+BJ20 -> 0
A21: Punta Baja | B21: 18 | C21: 7.7 | D21: =E21/C21 -> 4.9 | E21: 37.73 | G21: =H21/F21 -> #DIV/0! | I21: 12.5 | J21: =K21/I21 -> 3.8 | K21: 47.5 | M21: =N21/L21 -> #DIV/0! | O21: 2.2 | P21: =Q21/O21 -> 2.8 | Q21: 6.16 | R21: =C21+F21+I21+L21+O21 -> 22.4 | S21: =T21/R21 -> 4.0799107 | T21: =E21+H21+K21+N21+Q21 -> 91.39 | U21: 2.5 | V21: =W21/U21 -> 4.9 | W21: 12.25 | Y21: =Z21/X21 -> #DIV/0! | AA21: 1 | AB21: =AC21/AA21 -> 3.9 | AC21: 3.9 | AE21: =AF21/AD21 -> #DIV/0! | AH21: =AI21/AG21 -> #DIV/0! | AI21: 0 | AK21: =AL21/AJ21 -> #DIV/0! | AN21: =AO21/AM21 -> #DIV/0! | AQ21: =AR21/AP21 -> #DIV/0! | AS21: =U21+X21+AA21+AD21+AG21+AJ21+AM21+AP21 -> 3.5 | AT21: =AU21/AS21 -> 4.6142857 | AU21: =W21+Z21+AC21+AF21+AI21+AL21+AO21+AR21 -> 16.15 | AV21: =C21+U21 -> 10.2 | AW21: =AX21/AV21 -> 4.9 | AX21: =E21+W21 -> 49.98 | AY21: =F21+X21 -> 0 | AZ21: =BA21/AY21 -> #DIV/0! | BA21: =H21+Z21 -> 0 | BB21: =AJ21+AA21+I21 -> 13.5 | BC21: =BD21/BB21 -> 3.8074074 | BD21: =AL21+AC21+K21 -> 51.4 | BE21: =AM21+AD21+L21 -> 0 | BF21: =BG21/BE21 -> #DIV/0! | BG21: =AO21+AF21+N21 -> 0 | BH21: =AP21+AG21+O21 -> 2.2 | BI21: =BJ21/BH21 -> 2.8 | BJ21: =AR21+AI21+Q21 -> 6.16 | BK21: =AV21+AY21+BB21+BE21+BH21 -> 25.9 | BL21: =BM21/BK21 -> 4.1521236 | BM21: =AX21+BA21+BD21+BG21+BJ21 -> 107.54
A22: Ransang | B22: 7 | C22: 2.2 | D22: =E22/C22 -> 4.5 | E22: 9.9 | G22: =H22/F22 -> #DIV/0! | I22: 6 | J22: =K22/I22 -> 3.9 | K22: 23.4 | M22: =N22/L22 -> #DIV/0! | P22: =Q22/O22 -> #DIV/0! | Q22: 0 | R22: =C22+F22+I22+L22+O22 -> 8.2 | S22: =T22/R22 -> 4.0609756 | T22: =E22+H22+K22+N22+Q22 -> 33.3 | V22: =W22/U22 -> #DIV/0! | W22: 0 | Y22: =Z22/X22 -> #DIV/0! | AA22: 1.5 | AB22: =AC22/AA22 -> 3.9 | AC22: 5.85 | AE22: =AF22/AD22 -> #DIV/0! | AH22: =AI22/AG22 -> #DIV/0! | AI22: 0 | AK22: =AL22/AJ22 -> #DIV/0! | AN22: =AO22/AM22 -> #DIV/0! | AQ22: =AR22/AP22 -> #DIV/0! | AS22: =U22+X22+AA22+AD22+AG22+AJ22+AM22+AP22 -> 1.5 | AT22: =AU22/AS22 -> 3.9 | AU22: =W22+Z22+AC22+AF22+AI22+AL22+AO22+AR22 -> 5.85 | AV22: =C22+U22 -> 2.2 | AW22: =AX22/AV22 -> 4.5 | AX22: =E22+W22 -> 9.9 | AY22: =F22+X22 -> 0 | AZ22: =BA22/AY22 -> #DIV/0! | BA22: =H22+Z22 -> 0 | BB22: =AJ22+AA22+I22 -> 7.5 | BC22: =BD22/BB22 -> 3.9 | BD22: =AL22+AC22+K22 -> 29.25 | BE22: =AM22+AD22+L22 -> 0 | BF22: =BG22/BE22 -> #DIV/0! | BG22: =AO22+AF22+N22 -> 0 | BH22: =AP22+AG22+O22 -> 0 | BI22: =BJ22/BH22 -> #DIV/0! | BJ22: =AR22+AI22+Q22 -> 0 | BK22: =AV22+AY22+BB22+BE22+BH22 -> 9.7 | BL22: =BM22/BK22 -> 4.0360825 | BM22: =AX22+BA22+BD22+BG22+BJ22 -> 39.15
A23: Taburi | B23: 4 | D23: =E23/C23 -> #DIV/0! | E23: 0 | G23: =H23/F23 -> #DIV/0! | J23: =K23/I23 -> #DIV/0! | K23: 0 | M23: =N23/L23 -> #DIV/0! | P23: =Q23/O23 -> #DIV/0! | Q23: 0 | R23: =C23+F23+I23+L23+O23 -> 0 | S23: =T23/R23 -> #DIV/0! | T23: =E23+H23+K23+N23+Q23 -> 0 | V23: =W23/U23 -> #DIV/0! | W23: 0 | Y23: =Z23/X23 -> #DIV/0! | AA23: 5 | AB23: =AC23/AA23 -> 3.9 | AC23: 19.5 | AE23: =AF23/AD23 -> #DIV/0! | AH23: =AI23/AG23 -> #DIV/0! | AI23: 0 | AK23: =AL23/AJ23 -> #DIV/0! | AN23: =AO23/AM23 -> #DIV/0! | AQ23: =AR23/AP23 -> #DIV/0! | AS23: =U23+X23+AA23+AD23+AG23+AJ23+AM23+AP23 -> 5 | AT23: =AU23/AS23 -> 3.9 | AU23: =W23+Z23+AC23+AF23+AI23+AL23+AO23+AR23 -> 19.5 | AV23: =C23+U23 -> 0 | AW23: =AX23/AV23 -> #DIV/0! | AX23: =E23+W23 -> 0 | AY23: =F23+X23 -> 0 | AZ23: =BA23/AY23 -> #DIV/0! | BA23: =H23+Z23 -> 0 | BB23: =AJ23+AA23+I23 -> 5 | BC23: =BD23/BB23 -> 3.9 | BD23: =AL23+AC23+K23 -> 19.5 | BE23: =AM23+AD23+L23 -> 0 | BF23: =BG23/BE23 -> #DIV/0! | BG23: =AO23+AF23+N23 -> 0 | BH23: =AP23+AG23+O23 -> 0 | BI23: =BJ23/BH23 -> #DIV/0! | BJ23: =AR23+AI23+Q23 -> 0 | BK23: =AV23+AY23+BB23+BE23+BH23 -> 5 | BL23: =BM23/BK23 -> 3.9 | BM23: =AX23+BA23+BD23+BG23+BJ23 -> 19.5
R24: =C24+F24+I24+L24+O24 -> 0 | T24: =E24+H24+K24+N24+Q24 -> 0 | AS24: =U24+X24+AA24+AD24+AG24+AJ24+AM24+AP24 -> 0 | AU24: =W24+Z24+AC24+AF24+AI24+AL24+AO24+AR24 -> 0 | AV24: =C24+U24 -> 0 | AW24: =AX24/AV24 -> #DIV/0! | AX24: =E24+W24 -> 0 | AY24: =F24+X24 -> 0 | AZ24: =BA24/AY24 -> #DIV/0! | BA24: =H24+Z24 -> 0 | BB24: =AJ24+AA24+I24 -> 0 | BC24: =BD24/BB24 -> #DIV/0! | BD24: =AL24+AC24+K24 -> 0 | BE24: =AM24+AD24+L24 -> 0 | BF24: =BG24/BE24 -> #DIV/0! | BG24: =AO24+AF24+N24 -> 0 | BH24: =AP24+AG24+O24 -> 0 | BI24: =BJ24/BH24 -> #DIV/0! | BJ24: =AR24+AI24+Q24 -> 0 | BK24: =AV24+AY24+BB24+BE24+BH24 -> 0 | BL24: =BM24/BK24 -> #DIV/0! | BM24: =AX24+BA24+BD24+BG24+BJ24 -> 0
A25: - to be submitted every 15th and 30th day of the month
A26: - December 30 submission for terminal harvesting under WS cropping
A27: -

Sheet Feb 1-15
A1: Department of Agriculture
A2: REGIONAL FIELD OFFICE MIMAROPA
A3: Rice Program
A5: DRY SEASON 2026 Harvesting Report
A6: as of FEBRUARY 15, 2026
A7: MUNICIPALITY / BARANGAY | B7: NO. OF FARMER HARVESTED | C7: IRRIGATED | U7: RAINFED | AV7: DS 2020-2021 | BN7: REMARKS
C9: HYBRID SEEDS | F9: REGISTERED SEEDS | I9: CERTIFIED SEEDS | L9: GOOD QUALITY SEEDS | O9: FARMERS HOME SAVED SEEDS / GS | R9: TOTAL | U9: LOWLAND | AJ9: UPLAND | AS9: TOTAL | AV9: HYBRID SEEDS | AY9: REGISTERED SEEDS | BB9: CERTIFIED SEEDS | BE9: GOOD QUALITY SEEDS | BH9: FARMERS HOME SAVED SEEDS / GS | BK9: TOTAL
U10: HYBRID SEEDS | X10: REGISTERED SEEDS | AA10: CERTIFIED SEEDS | AD10: GOOD QUALITY SEEDS | AG10: FARMERS HOME SAVED SEEDS | AJ10: CERTIFIED SEEDS | AM10: GOOD QUALITY SEEDS | AP10: FARMERS HOME SAVED SEEDS / GS
C11: Area Harvested (ha) | D11: Ave. Yield (mt/ha) | E11: Production (mt) | F11: Area Harvested (ha) | G11: Ave. Yield (mt/ha) | H11: Production (mt) | I11: Area Harvested (ha) | J11: Ave. Yield (mt/ha) | K11: Production (mt) | L11: Area Harvested (ha) | M11: Ave. Yield (mt/ha) | N11: Production (mt) | O11: Area Harvested (ha) | P11: Ave. Yield (mt/ha) | Q11: Production (mt) | R11: Area Harvested (ha) | S11: Ave. Yield (mt/ha) | T11: Production (mt) | U11: Area Harvested (ha) | V11: Ave. Yield (mt/ha) | W11: Production (mt) | X11: Area Harvested (ha) | Y11: Ave. Yield (mt/ha) | Z11: Production (mt) | AA11: Area Harvested (ha) | AB11: Ave. Yield (mt/ha) | AC11: Production (mt) | AD11: Area Harvested (ha) | AE11: Ave. Yield (mt/ha) | AF11: Production (mt) | AG11: Area Harvested (ha) | AH11: Ave. Yield (mt/ha) | AI11: Production (mt) | AJ11: Area Harvested (ha) | AK11: Ave. Yield (mt/ha) | AL11: Production (mt) | AM11: Area Harvested (ha) | AN11: Ave. Yield (mt/ha) | AO11: Production (mt) | AP11: Area Harvested (ha) | AQ11: Ave. Yield (mt/ha) | AR11: Production (mt) | AS11: Area Harvested (ha) | AT11: Ave. Yield (mt/ha) | AU11: Production (mt) | AV11: Area Harvested (ha) | AW11: Ave. Yield (mt/ha) | AX11: Production (mt) | AY11: Area Harvested (ha) | AZ11: Ave. Yield (mt/ha) | BA11: Production (mt) | BB11: Area Harvested (ha) | BC11: Ave. Yield (mt/ha) | BD11: Production (mt) | BE11: Area Harvested (ha) | BF11: Ave. Yield (mt/ha) | BG11: Production (mt) | BH11: Area Harvested (ha) | BI11: Ave. Yield (mt/ha) | BJ11: Production (mt) | BK11: Area Harvested (ha) | BL11: Ave. Yield (mt/ha) | BM11: Production (mt)
A12: Rizal | B12: =SUM(B13:B24) -> 34 | C12: =SUM(C13:C24) -> 5 | D12: =E12/C12 -> 4.8 | E12: =SUM(E13:E24) -> 24 | F12: =SUM(F13:F24) -> 0 | G12: =H12/F12 -> #DIV/0! | H12: =SUM(H13:H24) -> 0 | I12: =SUM(I13:I24) -> 17.5 | J12: =K12/I12 -> 3.8354286 | K12: =SUM(K13:K24) -> 67.12 | L12: =SUM(L13:L24) -> 0 | M12: =N12/L12 -> #DIV/0! | N12: =SUM(N13:N24) -> 0 | O12: =SUM(O13:O24) -> 0.7 | P12: =Q12/O12 -> 2.8 | Q12: =SUM(Q13:Q24) -> 1.96 | R12: =SUM(R13:R24) -> 23.2 | S12: =T12/R12 -> 4.012069 | T12: =SUM(T13:T24) -> 93.08 | U12: =SUM(U13:U24) -> 0 | V12: =W12/U12 -> #DIV/0! | W12: =SUM(W13:W24) -> 0 | X12: =SUM(X13:X24) -> 0 | Y12: =Z12/X12 -> #DIV/0! | Z12: =SUM(Z13:Z24) -> 0 | AA12: =SUM(AA13:AA24) -> 19.1 | AB12: =AC12/AA12 -> 3.8942408 | AC12: =SUM(AC13:AC24) -> 74.38 | AD12: =SUM(AD13:AD24) -> 0 | AE12: =AF12/AD12 -> #DIV/0! | AF12: =SUM(AF13:AF24) -> 0 | AG12: =SUM(AG13:AG24) -> 3.5 | AH12: =AI12/AG12 -> 3.2 | AI12: =SUM(AI13:AI24) -> 11.2 | AJ12: =SUM(AJ13:AJ24) -> 0 | AK12: =AL12/AJ12 -> #DIV/0! | AL12: =SUM(AL13:AL24) -> 0 | AM12: =SUM(AM13:AM24) -> 0 | AN12: =AO12/AM12 -> #DIV/0! | AO12: =SUM(AO13:AO24) -> 0 | AP12: =SUM(AP13:AP24) -> 0 | AQ12: =AR12/AP12 -> #DIV/0! | AR12: =SUM(AR13:AR24) -> 0 | AS12: =SUM(AS13:AS24) -> 22.6 | AT12: =AU12/AS12 -> 3.7867257 | AU12: =SUM(AU13:AU24) -> 85.58 | AV12: =SUM(AV13:AV24) -> 5 | AW12: =AX12/AV12 -> 4.8 | AX12: =SUM(AX13:AX24) -> 24 | AY12: =SUM(AY13:AY24) -> 0 | AZ12: =BA12/AY12 -> #DIV/0! | BA12: =SUM(BA13:BA24) -> 0 | BB12: =SUM(BB13:BB24) -> 36.6 | BC12: =BD12/BB12 -> 3.8661202 | BD12: =SUM(BD13:BD24) -> 141.5 | BE12: =SUM(BE13:BE24) -> 0 | BF12: =BG12/BE12 -> #DIV/0! | BG12: =SUM(BG13:BG24) -> 0 | BH12: =SUM(BH13:BH24) -> 4.2 | BI12: =BJ12/BH12 -> 3.1333333 | BJ12: =SUM(BJ13:BJ24) -> 13.16 | BK12: =SUM(BK13:BK24) -> 45.8 | BL12: =BM12/BK12 -> 3.9008734 | BM12: =SUM(BM13:BM24) -> 178.66
A13: Bunog | B13: 0 | D13: =E13/C13 -> #DIV/0! | E13: 0 | G13: =H13/F13 -> #DIV/0! | J13: =K13/I13 -> #DIV/0! | K13: 0 | M13: =N13/L13 -> #DIV/0! | P13: =Q13/O13 -> #DIV/0! | Q13: 0 | R13: =C13+F13+I13+L13+O13 -> 0 | S13: =T13/R13 -> #DIV/0! | T13: =E13+H13+K13+N13+Q13 -> 0 | V13: =W13/U13 -> #DIV/0! | Y13: =Z13/X13 -> #DIV/0! | AB13: =AC13/AA13 -> #DIV/0! | AC13: 0 | AE13: =AF13/AD13 -> #DIV/0! | AH13: =AI13/AG13 -> #DIV/0! | AI13: 0 | AK13: =AL13/AJ13 -> #DIV/0! | AN13: =AO13/AM13 -> #DIV/0! | AQ13: =AR13/AP13 -> #DIV/0! | AS13: =U13+X13+AA13+AD13+AG13+AJ13+AM13+AP13 -> 0 | AT13: =AU13/AS13 -> #DIV/0! | AU13: =W13+Z13+AC13+AF13+AI13+AL13+AO13+AR13 -> 0 | AV13: =C13+U13 -> 0 | AW13: =AX13/AV13 -> #DIV/0! | AX13: =E13+W13 -> 0 | AY13: =F13+X13 -> 0 | AZ13: =BA13/AY13 -> #DIV/0! | BA13: =H13+Z13 -> 0 | BB13: =AJ13+AA13+I13 -> 0 | BC13: =BD13/BB13 -> #DIV/0! | BD13: =AL13+AC13+K13 -> 0 | BE13: =AM13+AD13+L13 -> 0 | BF13: =BG13/BE13 -> #DIV/0! | BG13: =AO13+AF13+N13 -> 0 | BH13: =AP13+AG13+O13 -> 0 | BI13: =BJ13/BH13 -> #DIV/0! | BJ13: =AR13+AI13+Q13 -> 0 | BK13: =AV13+AY13+BB13+BE13+BH13 -> 0 | BL13: =BM13/BK13 -> #DIV/0! | BM13: =AX13+BA13+BD13+BG13+BJ13 -> 0
A14: Campong Ulay | B14: 9 | C14: 5 | D14: =E14/C14 -> 4.8 | E14: 24 | G14: =H14/F14 -> #DIV/0! | I14: 2.5 | J14: =K14/I14 -> 3.8 | K14: 9.5 | M14: =N14/L14 -> #DIV/0! | P14: =Q14/O14 -> #DIV/0! | Q14: 0 | R14: =C14+F14+I14+L14+O14 -> 7.5 | S14: =T14/R14 -> 4.4666667 | T14: =E14+H14+K14+N14+Q14 -> 33.5 | V14: =W14/U14 -> #DIV/0! | Y14: =Z14/X14 -> #DIV/0! | AA14: 3 | AB14: =AC14/AA14 -> 4 | AC14: 12 | AE14: =AF14/AD14 -> #DIV/0! | AH14: =AI14/AG14 -> #DIV/0! | AI14: 0 | AK14: =AL14/AJ14 -> #DIV/0! | AN14: =AO14/AM14 -> #DIV/0! | AQ14: =AR14/AP14 -> #DIV/0! | AS14: =U14+X14+AA14+AD14+AG14+AJ14+AM14+AP14 -> 3 | AT14: =AU14/AS14 -> 4 | AU14: =W14+Z14+AC14+AF14+AI14+AL14+AO14+AR14 -> 12 | AV14: =C14+U14 -> 5 | AW14: =AX14/AV14 -> 4.8 | AX14: =E14+W14 -> 24 | AY14: =F14+X14 -> 0 | AZ14: =BA14/AY14 -> #DIV/0! | BA14: =H14+Z14 -> 0 | BB14: =AJ14+AA14+I14 -> 5.5 | BC14: =BD14/BB14 -> 3.9090909 | BD14: =AL14+AC14+K14 -> 21.5 | BE14: =AM14+AD14+L14 -> 0 | BF14: =BG14/BE14 -> #DIV/0! | BG14: =AO14+AF14+N14 -> 0 | BH14: =AP14+AG14+O14 -> 0 | BI14: =BJ14/BH14 -> #DIV/0! | BJ14: =AR14+AI14+Q14 -> 0 | BK14: =AV14+AY14+BB14+BE14+BH14 -> 10.5 | BL14: =BM14/BK14 -> 4.3333333 | BM14: =AX14+BA14+BD14+BG14+BJ14 -> 45.5
A15: Candawaga | B15: 0 | D15: =E15/C15 -> #DIV/0! | E15: 0 | G15: =H15/F15 -> #DIV/0! | J15: =K15/I15 -> #DIV/0! | K15: 0 | M15: =N15/L15 -> #DIV/0! | P15: =Q15/O15 -> #DIV/0! | Q15: 0 | R15: =C15+F15+I15+L15+O15 -> 0 | S15: =T15/R15 -> #DIV/0! | T15: =E15+H15+K15+N15+Q15 -> 0 | V15: =W15/U15 -> #DIV/0! | Y15: =Z15/X15 -> #DIV/0! | AB15: =AC15/AA15 -> #DIV/0! | AC15: 0 | AE15: =AF15/AD15 -> #DIV/0! | AH15: =AI15/AG15 -> #DIV/0! | AI15: 0 | AK15: =AL15/AJ15 -> #DIV/0! | AN15: =AO15/AM15 -> #DIV/0! | AQ15: =AR15/AP15 -> #DIV/0! | AS15: =U15+X15+AA15+AD15+AG15+AJ15+AM15+AP15 -> 0 | AT15: =AU15/AS15 -> #DIV/0! | AU15: =W15+Z15+AC15+AF15+AI15+AL15+AO15+AR15 -> 0 | AV15: =C15+U15 -> 0 | AW15: =AX15/AV15 -> #DIV/0! | AX15: =E15+W15 -> 0 | AY15: =F15+X15 -> 0 | AZ15: =BA15/AY15 -> #DIV/0! | BA15: =H15+Z15 -> 0 | BB15: =AJ15+AA15+I15 -> 0 | BC15: =BD15/BB15 -> #DIV/0! | BD15: =AL15+AC15+K15 -> 0 | BE15: =AM15+AD15+L15 -> 0 | BF15: =BG15/BE15 -> #DIV/0! | BG15: =AO15+AF15+N15 -> 0 | BH15: =AP15+AG15+O15 -> 0 | BI15: =BJ15/BH15 -> #DIV/0! | BJ15: =AR15+AI15+Q15 -> 0 | BK15: =AV15+AY15+BB15+BE15+BH15 -> 0 | BL15: =BM15/BK15 -> #DIV/0! | BM15: =AX15+BA15+BD15+BG15+BJ15 -> 0
A16: Canipaan | B16: 0 | D16: =E16/C16 -> #DIV/0! | E16: 0 | G16: =H16/F16 -> #DIV/0! | J16: =K16/I16 -> #DIV/0! | K16: 0 | M16: =N16/L16 -> #DIV/0! | P16: =Q16/O16 -> #DIV/0! | Q16: 0 | R16: =C16+F16+I16+L16+O16 -> 0 | S16: =T16/R16 -> #DIV/0! | T16: =E16+H16+K16+N16+Q16 -> 0 | V16: =W16/U16 -> #DIV/0! | Y16: =Z16/X16 -> #DIV/0! | AB16: =AC16/AA16 -> #DIV/0! | AC16: 0 | AE16: =AF16/AD16 -> #DIV/0! | AH16: =AI16/AG16 -> #DIV/0! | AI16: 0 | AK16: =AL16/AJ16 -> #DIV/0! | AN16: =AO16/AM16 -> #DIV/0! | AQ16: =AR16/AP16 -> #DIV/0! | AS16: =U16+X16+AA16+AD16+AG16+AJ16+AM16+AP16 -> 0 | AT16: =AU16/AS16 -> #DIV/0! | AU16: =W16+Z16+AC16+AF16+AI16+AL16+AO16+AR16 -> 0 | AV16: =C16+U16 -> 0 | AW16: =AX16/AV16 -> #DIV/0! | AX16: =E16+W16 -> 0 | AY16: =F16+X16 -> 0 | AZ16: =BA16/AY16 -> #DIV/0! | BA16: =H16+Z16 -> 0 | BB16: =AJ16+AA16+I16 -> 0 | BC16: =BD16/BB16 -> #DIV/0! | BD16: =AL16+AC16+K16 -> 0 | BE16: =AM16+AD16+L16 -> 0 | BF16: =BG16/BE16 -> #DIV/0! | BG16: =AO16+AF16+N16 -> 0 | BH16: =AP16+AG16+O16 -> 0 | BI16: =BJ16/BH16 -> #DIV/0! | BJ16: =AR16+AI16+Q16 -> 0 | BK16: =AV16+AY16+BB16+BE16+BH16 -> 0 | BL16: =BM16/BK16 -> #DIV/0! | BM16: =AX16+BA16+BD16+BG16+BJ16 -> 0
A17: Culasian | B17: 6 | D17: =E17/C17 -> #DIV/0! | E17: 0 | G17: =H17/F17 -> #DIV/0! | I17: 4.4 | J17: =K17/I17 -> 3.7 | K17: 16.28 | M17: =N17/L17 -> #DIV/0! | P17: =Q17/O17 -> #DIV/0! | Q17: 0 | R17: =C17+F17+I17+L17+O17 -> 4.4 | S17: =T17/R17 -> 3.7 | T17: =E17+H17+K17+N17+Q17 -> 16.28 | V17: =W17/U17 -> #DIV/0! | Y17: =Z17/X17 -> #DIV/0! | AA17: 4.3 | AB17: =AC17/AA17 -> 3.9 | AC17: 16.77 | AE17: =AF17/AD17 -> #DIV/0! | AG17: 1.7 | AH17: =AI17/AG17 -> 3.2 | AI17: 5.44 | AK17: =AL17/AJ17 -> #DIV/0! | AN17: =AO17/AM17 -> #DIV/0! | AQ17: =AR17/AP17 -> #DIV/0! | AS17: =U17+X17+AA17+AD17+AG17+AJ17+AM17+AP17 -> 6 | AT17: =AU17/AS17 -> 3.7016667 | AU17: =W17+Z17+AC17+AF17+AI17+AL17+AO17+AR17 -> 22.21 | AV17: =C17+U17 -> 0 | AW17: =AX17/AV17 -> #DIV/0! | AX17: =E17+W17 -> 0 | AY17: =F17+X17 -> 0 | AZ17: =BA17/AY17 -> #DIV/0! | BA17: =H17+Z17 -> 0 | BB17: =AJ17+AA17+I17 -> 8.7 | BC17: =BD17/BB17 -> 3.7988506 | BD17: =AL17+AC17+K17 -> 33.05 | BE17: =AM17+AD17+L17 -> 0 | BF17: =BG17/BE17 -> #DIV/0! | BG17: =AO17+AF17+N17 -> 0 | BH17: =AP17+AG17+O17 -> 1.7 | BI17: =BJ17/BH17 -> 3.2 | BJ17: =AR17+AI17+Q17 -> 5.44 | BK17: =AV17+AY17+BB17+BE17+BH17 -> 10.4 | BL17: =BM17/BK17 -> 3.7009615 | BM17: =AX17+BA17+BD17+BG17+BJ17 -> 38.49
A18: Iraan | B18: 8 | D18: =E18/C18 -> #DIV/0! | E18: 0 | G18: =H18/F18 -> #DIV/0! | I18: 5.4 | J18: =K18/I18 -> 3.9 | K18: 21.06 | M18: =N18/L18 -> #DIV/0! | P18: =Q18/O18 -> #DIV/0! | Q18: 0 | R18: =C18+F18+I18+L18+O18 -> 5.4 | S18: =T18/R18 -> 3.9 | T18: =E18+H18+K18+N18+Q18 -> 21.06 | V18: =W18/U18 -> #DIV/0! | Y18: =Z18/X18 -> #DIV/0! | AA18: 4.1 | AB18: =AC18/AA18 -> 3.8 | AC18: 15.58 | AE18: =AF18/AD18 -> #DIV/0! | AG18: 1.8 | AH18: =AI18/AG18 -> 3.2 | AI18: 5.76 | AK18: =AL18/AJ18 -> #DIV/0! | AN18: =AO18/AM18 -> #DIV/0! | AQ18: =AR18/AP18 -> #DIV/0! | AS18: =U18+X18+AA18+AD18+AG18+AJ18+AM18+AP18 -> 5.9 | AT18: =AU18/AS18 -> 3.6169492 | AU18: =W18+Z18+AC18+AF18+AI18+AL18+AO18+AR18 -> 21.34 | AV18: =C18+U18 -> 0 | AW18: =AX18/AV18 -> #DIV/0! | AX18: =E18+W18 -> 0 | AY18: =F18+X18 -> 0 | AZ18: =BA18/AY18 -> #DIV/0! | BA18: =H18+Z18 -> 0 | BB18: =AJ18+AA18+I18 -> 9.5 | BC18: =BD18/BB18 -> 3.8568421 | BD18: =AL18+AC18+K18 -> 36.64 | BE18: =AM18+AD18+L18 -> 0 | BF18: =BG18/BE18 -> #DIV/0! | BG18: =AO18+AF18+N18 -> 0 | BH18: =AP18+AG18+O18 -> 1.8 | BI18: =BJ18/BH18 -> 3.2 | BJ18: =AR18+AI18+Q18 -> 5.76 | BK18: =AV18+AY18+BB18+BE18+BH18 -> 11.3 | BL18: =BM18/BK18 -> 3.7522124 | BM18: =AX18+BA18+BD18+BG18+BJ18 -> 42.4
A19: Latud | B19: 0 | D19: =E19/C19 -> #DIV/0! | E19: 0 | G19: =H19/F19 -> #DIV/0! | J19: =K19/I19 -> #DIV/0! | K19: 0 | M19: =N19/L19 -> #DIV/0! | P19: =Q19/O19 -> #DIV/0! | Q19: 0 | R19: =C19+F19+I19+L19+O19 -> 0 | S19: =T19/R19 -> #DIV/0! | T19: =E19+H19+K19+N19+Q19 -> 0 | V19: =W19/U19 -> #DIV/0! | Y19: =Z19/X19 -> #DIV/0! | AB19: =AC19/AA19 -> #DIV/0! | AC19: 0 | AE19: =AF19/AD19 -> #DIV/0! | AH19: =AI19/AG19 -> #DIV/0! | AI19: 0 | AK19: =AL19/AJ19 -> #DIV/0! | AN19: =AO19/AM19 -> #DIV/0! | AQ19: =AR19/AP19 -> #DIV/0! | AS19: =U19+X19+AA19+AD19+AG19+AJ19+AM19+AP19 -> 0 | AT19: =AU19/AS19 -> #DIV/0! | AU19: =W19+Z19+AC19+AF19+AI19+AL19+AO19+AR19 -> 0 | AV19: =C19+U19 -> 0 | AW19: =AX19/AV19 -> #DIV/0! | AX19: =E19+W19 -> 0 | AY19: =F19+X19 -> 0 | AZ19: =BA19/AY19 -> #DIV/0! | BA19: =H19+Z19 -> 0 | BB19: =AJ19+AA19+I19 -> 0 | BC19: =BD19/BB19 -> #DIV/0! | BD19: =AL19+AC19+K19 -> 0 | BE19: =AM19+AD19+L19 -> 0 | BF19: =BG19/BE19 -> #DIV/0! | BG19: =AO19+AF19+N19 -> 0 | BH19: =AP19+AG19+O19 -> 0 | BI19: =BJ19/BH19 -> #DIV/0! | BJ19: =AR19+AI19+Q19 -> 0 | BK19: =AV19+AY19+BB19+BE19+BH19 -> 0 | BL19: =BM19/BK19 -> #DIV/0! | BM19: =AX19+BA19+BD19+BG19+BJ19 -> 0
A20: Panalingaan | B20: 0 | D20: =E20/C20 -> #DIV/0! | E20: 0 | G20: =H20/F20 -> #DIV/0! | J20: =K20/I20 -> #DIV/0! | K20: 0 | M20: =N20/L20 -> #DIV/0! | P20: =Q20/O20 -> #DIV/0! | Q20: 0 | R20: =C20+F20+I20+L20+O20 -> 0 | S20: =T20/R20 -> #DIV/0! | T20: =E20+H20+K20+N20+Q20 -> 0 | V20: =W20/U20 -> #DIV/0! | Y20: =Z20/X20 -> #DIV/0! | AB20: =AC20/AA20 -> #DIV/0! | AC20: 0 | AE20: =AF20/AD20 -> #DIV/0! | AH20: =AI20/AG20 -> #DIV/0! | AI20: 0 | AK20: =AL20/AJ20 -> #DIV/0! | AN20: =AO20/AM20 -> #DIV/0! | AQ20: =AR20/AP20 -> #DIV/0! | AS20: =U20+X20+AA20+AD20+AG20+AJ20+AM20+AP20 -> 0 | AT20: =AU20/AS20 -> #DIV/0! | AU20: =W20+Z20+AC20+AF20+AI20+AL20+AO20+AR20 -> 0 | AV20: =C20+U20 -> 0 | AW20: =AX20/AV20 -> #DIV/0! | AX20: =E20+W20 -> 0 | AY20: =F20+X20 -> 0 | AZ20: =BA20/AY20 -> #DIV/0! | BA20: =H20+Z20 -> 0 | BB20: =AJ20+AA20+I20 -> 0 | BC20: =BD20/BB20 -> #DIV/0! | BD20: =AL20+AC20+K20 -> 0 | BE20: =AM20+AD20+L20 -> 0 | BF20: =BG20/BE20 -> #DIV/0! | BG20: =AO20+AF20+N20 -> 0 | BH20: =AP20+AG20+O20 -> 0 | BI20: =BJ20/BH20 -> #DIV/0! | BJ20: =AR20+AI20+Q20 -> 0 | BK20: =AV20+AY20+BB20+BE20+BH20 -> 0 | BL20: =BM20/BK20 -> #DIV/0! | BM20: =AX20+BA20+BD20+BG20+BJ20 -> 0
A21: Punta Baja | B21: 1 | D21: =E21/C21 -> #DIV/0! | E21: 0 | G21: =H21/F21 -> #DIV/0! | J21: =K21/I21 -> #DIV/0! | K21: 0 | M21: =N21/L21 -> #DIV/0! | O21: 0.7 | P21: =Q21/O21 -> 2.8 | Q21: 1.96 | R21: =C21+F21+I21+L21+O21 -> 0.7 | S21: =T21/R21 -> 2.8 | T21: =E21+H21+K21+N21+Q21 -> 1.96 | V21: =W21/U21 -> #DIV/0! | Y21: =Z21/X21 -> #DIV/0! | AB21: =AC21/AA21 -> #DIV/0! | AC21: 0 | AE21: =AF21/AD21 -> #DIV/0! | AH21: =AI21/AG21 -> #DIV/0! | AI21: 0 | AK21: =AL21/AJ21 -> #DIV/0! | AN21: =AO21/AM21 -> #DIV/0! | AQ21: =AR21/AP21 -> #DIV/0! | AS21: =U21+X21+AA21+AD21+AG21+AJ21+AM21+AP21 -> 0 | AT21: =AU21/AS21 -> #DIV/0! | AU21: =W21+Z21+AC21+AF21+AI21+AL21+AO21+AR21 -> 0 | AV21: =C21+U21 -> 0 | AW21: =AX21/AV21 -> #DIV/0! | AX21: =E21+W21 -> 0 | AY21: =F21+X21 -> 0 | AZ21: =BA21/AY21 -> #DIV/0! | BA21: =H21+Z21 -> 0 | BB21: =AJ21+AA21+I21 -> 0 | BC21: =BD21/BB21 -> #DIV/0! | BD21: =AL21+AC21+K21 -> 0 | BE21: =AM21+AD21+L21 -> 0 | BF21: =BG21/BE21 -> #DIV/0! | BG21: =AO21+AF21+N21 -> 0 | BH21: =AP21+AG21+O21 -> 0.7 | BI21: =BJ21/BH21 -> 2.8 | BJ21: =AR21+AI21+Q21 -> 1.96 | BK21: =AV21+AY21+BB21+BE21+BH21 -> 0.7 | BL21: =BM21/BK21 -> 2.8 | BM21: =AX21+BA21+BD21+BG21+BJ21 -> 1.96
A22: Ransang | B22: 3 | D22: =E22/C22 -> #DIV/0! | E22: 0 | G22: =H22/F22 -> #DIV/0! | I22: 4.4 | J22: =K22/I22 -> 3.9 | K22: 17.16 | M22: =N22/L22 -> #DIV/0! | P22: =Q22/O22 -> #DIV/0! | Q22: 0 | R22: =C22+F22+I22+L22+O22 -> 4.4 | S22: =T22/R22 -> 3.9 | T22: =E22+H22+K22+N22+Q22 -> 17.16 | V22: =W22/U22 -> #DIV/0! | Y22: =Z22/X22 -> #DIV/0! | AA22: 1.7 | AB22: =AC22/AA22 -> 3.9 | AC22: 6.63 | AE22: =AF22/AD22 -> #DIV/0! | AH22: =AI22/AG22 -> #DIV/0! | AI22: 0 | AK22: =AL22/AJ22 -> #DIV/0! | AN22: =AO22/AM22 -> #DIV/0! | AQ22: =AR22/AP22 -> #DIV/0! | AS22: =U22+X22+AA22+AD22+AG22+AJ22+AM22+AP22 -> 1.7 | AT22: =AU22/AS22 -> 3.9 | AU22: =W22+Z22+AC22+AF22+AI22+AL22+AO22+AR22 -> 6.63 | AV22: =C22+U22 -> 0 | AW22: =AX22/AV22 -> #DIV/0! | AX22: =E22+W22 -> 0 | AY22: =F22+X22 -> 0 | AZ22: =BA22/AY22 -> #DIV/0! | BA22: =H22+Z22 -> 0 | BB22: =AJ22+AA22+I22 -> 6.1 | BC22: =BD22/BB22 -> 3.9 | BD22: =AL22+AC22+K22 -> 23.79 | BE22: =AM22+AD22+L22 -> 0 | BF22: =BG22/BE22 -> #DIV/0! | BG22: =AO22+AF22+N22 -> 0 | BH22: =AP22+AG22+O22 -> 0 | BI22: =BJ22/BH22 -> #DIV/0! | BJ22: =AR22+AI22+Q22 -> 0 | BK22: =AV22+AY22+BB22+BE22+BH22 -> 6.1 | BL22: =BM22/BK22 -> 3.9 | BM22: =AX22+BA22+BD22+BG22+BJ22 -> 23.79
A23: Taburi | B23: 7 | D23: =E23/C23 -> #DIV/0! | E23: 0 | G23: =H23/F23 -> #DIV/0! | I23: 0.8 | J23: =K23/I23 -> 3.9 | K23: 3.12 | M23: =N23/L23 -> #DIV/0! | P23: =Q23/O23 -> #DIV/0! | Q23: 0 | R23: =C23+F23+I23+L23+O23 -> 0.8 | S23: =T23/R23 -> 3.9 | T23: =E23+H23+K23+N23+Q23 -> 3.12 | V23: =W23/U23 -> #DIV/0! | Y23: =Z23/X23 -> #DIV/0! | AA23: 6 | AB23: =AC23/AA23 -> 3.9 | AC23: 23.4 | AE23: =AF23/AD23 -> #DIV/0! | AH23: =AI23/AG23 -> #DIV/0! | AI23: 0 | AK23: =AL23/AJ23 -> #DIV/0! | AN23: =AO23/AM23 -> #DIV/0! | AQ23: =AR23/AP23 -> #DIV/0! | AS23: =U23+X23+AA23+AD23+AG23+AJ23+AM23+AP23 -> 6 | AT23: =AU23/AS23 -> 3.9 | AU23: =W23+Z23+AC23+AF23+AI23+AL23+AO23+AR23 -> 23.4 | AV23: =C23+U23 -> 0 | AW23: =AX23/AV23 -> #DIV/0! | AX23: =E23+W23 -> 0 | AY23: =F23+X23 -> 0 | AZ23: =BA23/AY23 -> #DIV/0! | BA23: =H23+Z23 -> 0 | BB23: =AJ23+AA23+I23 -> 6.8 | BC23: =BD23/BB23 -> 3.9 | BD23: =AL23+AC23+K23 -> 26.52 | BE23: =AM23+AD23+L23 -> 0 | BF23: =BG23/BE23 -> #DIV/0! | BG23: =AO23+AF23+N23 -> 0 | BH23: =AP23+AG23+O23 -> 0 | BI23: =BJ23/BH23 -> #DIV/0! | BJ23: =AR23+AI23+Q23 -> 0 | BK23: =AV23+AY23+BB23+BE23+BH23 -> 6.8 | BL23: =BM23/BK23 -> 3.9 | BM23: =AX23+BA23+BD23+BG23+BJ23 -> 26.52
R24: =C24+F24+I24+L24+O24 -> 0 | T24: =E24+H24+K24+N24+Q24 -> 0 | AV24: =C24+U24 -> 0 | AW24: =AX24/AV24 -> #DIV/0! | AX24: =E24+W24 -> 0 | AY24: =F24+X24 -> 0 | AZ24: =BA24/AY24 -> #DIV/0! | BA24: =H24+Z24 -> 0 | BB24: =AJ24+AA24+I24 -> 0 | BC24: =BD24/BB24 -> #DIV/0! | BD24: =AL24+AC24+K24 -> 0 | BE24: =AM24+AD24+L24 -> 0 | BF24: =BG24/BE24 -> #DIV/0! | BG24: =AO24+AF24+N24 -> 0 | BH24: =AP24+AG24+O24 -> 0 | BI24: =BJ24/BH24 -> #DIV/0! | BJ24: =AR24+AI24+Q24 -> 0 | BK24: =AV24+AY24+BB24+BE24+BH24 -> 0 | BL24: =BM24/BK24 -> #DIV/0! | BM24: =AX24+BA24+BD24+BG24+BJ24 -> 0
A25: - to be submitted every 15th and 30th day of the month
A26: - December 30 submission for terminal harvesting under WS cropping
A27: -

Sheet Feb 16-29
A1: Department of Agriculture
A2: REGIONAL FIELD OFFICE MIMAROPA
A3: Rice Program
A5: DRY SEASON 2026 Harvesting Report
A6: as of February 29, 2026
A7: MUNICIPALITY / BARANGAY | B7: NO. OF FARMER HARVESTED | C7: IRRIGATED | U7: RAINFED | AV7: DS 2020-2021 | BN7: REMARKS
C9: HYBRID SEEDS | F9: REGISTERED SEEDS | I9: CERTIFIED SEEDS | L9: GOOD QUALITY SEEDS | O9: FARMERS HOME SAVED SEEDS / GS | R9: TOTAL | U9: LOWLAND | AJ9: UPLAND | AS9: TOTAL | AV9: HYBRID SEEDS | AY9: REGISTERED SEEDS | BB9: CERTIFIED SEEDS | BE9: GOOD QUALITY SEEDS | BH9: FARMERS HOME SAVED SEEDS / GS | BK9: TOTAL
U10: HYBRID SEEDS | X10: REGISTERED SEEDS | AA10: CERTIFIED SEEDS | AD10: GOOD QUALITY SEEDS | AG10: FARMERS HOME SAVED SEEDS | AJ10: CERTIFIED SEEDS | AM10: GOOD QUALITY SEEDS | AP10: FARMERS HOME SAVED SEEDS / GS
C11: Area Harvested (ha) | D11: Ave. Yield (mt/ha) | E11: Production (mt) | F11: Area Harvested (ha) | G11: Ave. Yield (mt/ha) | H11: Production (mt) | I11: Area Harvested (ha) | J11: Ave. Yield (mt/ha) | K11: Production (mt) | L11: Area Harvested (ha) | M11: Ave. Yield (mt/ha) | N11: Production (mt) | O11: Area Harvested (ha) | P11: Ave. Yield (mt/ha) | Q11: Production (mt) | R11: Area Harvested (ha) | S11: Ave. Yield (mt/ha) | T11: Production (mt) | U11: Area Harvested (ha) | V11: Ave. Yield (mt/ha) | W11: Production (mt) | X11: Area Harvested (ha) | Y11: Ave. Yield (mt/ha) | Z11: Production (mt) | AA11: Area Harvested (ha) | AB11: Ave. Yield (mt/ha) | AC11: Production (mt) | AD11: Area Harvested (ha) | AE11: Ave. Yield (mt/ha) | AF11: Production (mt) | AG11: Area Harvested (ha) | AH11: Ave. Yield (mt/ha) | AI11: Production (mt) | AJ11: Area Harvested (ha) | AK11: Ave. Yield (mt/ha) | AL11: Production (mt) | AM11: Area Harvested (ha) | AN11: Ave. Yield (mt/ha) | AO11: Production (mt) | AP11: Area Harvested (ha) | AQ11: Ave. Yield (mt/ha) | AR11: Production (mt) | AS11: Area Harvested (ha) | AT11: Ave. Yield (mt/ha) | AU11: Production (mt) | AV11: Area Harvested (ha) | AW11: Ave. Yield (mt/ha) | AX11: Production (mt) | AY11: Area Harvested (ha) | AZ11: Ave. Yield (mt/ha) | BA11: Production (mt) | BB11: Area Harvested (ha) | BC11: Ave. Yield (mt/ha) | BD11: Production (mt) | BE11: Area Harvested (ha) | BF11: Ave. Yield (mt/ha) | BG11: Production (mt) | BH11: Area Harvested (ha) | BI11: Ave. Yield (mt/ha) | BJ11: Production (mt) | BK11: Area Harvested (ha) | BL11: Ave. Yield (mt/ha) | BM11: Production (mt)
A12: Rizal | B12: =SUM(B13:B24) -> 109 | C12: =SUM(C13:C24) -> 16 | D12: =E12/C12 -> 5 | E12: =SUM(E13:E24) -> 80 | F12: =SUM(F13:F24) -> 0 | G12: =H12/F12 -> #DIV/0! | H12: =SUM(H13:H24) -> 0 | I12: =SUM(I13:I24) -> 70.3 | J12: =K12/I12 -> 3.9325747 | K12: =SUM(K13:K24) -> 276.46 | L12: =SUM(L13:L24) -> 0 | M12: =N12/L12 -> #DIV/0! | N12: =SUM(N13:N24) -> 0 | O12: =SUM(O13:O24) -> 16.5 | P12: =Q12/O12 -> 3.0933333 | Q12: =SUM(Q13:Q24) -> 51.04 | R12: =SUM(R13:R24) -> 102.8 | S12: =T12/R12 -> 3.9640078 | T12: =SUM(T13:T24) -> 407.5 | U12: =SUM(U13:U24) -> 4.3 | V12: =W12/U12 -> 5.1069767 | W12: =SUM(W13:W24) -> 21.96 | X12: =SUM(X13:X24) -> 0 | Y12: =Z12/X12 -> #DIV/0! | Z12: =SUM(Z13:Z24) -> 0 | AA12: =SUM(AA13:AA24) -> 29.7 | AB12: =AC12/AA12 -> 3.8858586 | AC12: =SUM(AC13:AC24) -> 115.41 | AD12: =SUM(AD13:AD24) -> 0 | AE12: =AF12/AD12 -> #DIV/0! | AF12: =SUM(AF13:AF24) -> 0 | AG12: =SUM(AG13:AG24) -> 28.5 | AH12: =AI12/AG12 -> 3.0996491 | AI12: =SUM(AI13:AI24) -> 88.34 | AJ12: =SUM(AJ13:AJ24) -> 0 | AK12: =AL12/AJ12 -> #DIV/0! | AL12: =SUM(AL13:AL24) -> 0 | AM12: =SUM(AM13:AM24) -> 0 | AN12: =AO12/AM12 -> #DIV/0! | AO12: =SUM(AO13:AO24) -> 0 | AP12: =SUM(AP13:AP24) -> 0 | AQ12: =AR12/AP12 -> #DIV/0! | AR12: =SUM(AR13:AR24) -> 0 | AS12: =SUM(AS13:AS24) -> 62.5 | AT12: =AU12/AS12 -> 3.61136 | AU12: =SUM(AU13:AU24) -> 225.71 | AV12: =SUM(AV13:AV24) -> 20.3 | AW12: =AX12/AV12 -> 5.0226601 | AX12: =SUM(AX13:AX24) -> 101.96 | AY12: =SUM(AY13:AY24) -> 0 | AZ12: =BA12/AY12 -> #DIV/0! | BA12: =SUM(BA13:BA24) -> 0 | BB12: =SUM(BB13:BB24) -> 100 | BC12: =BD12/BB12 -> 3.9187 | BD12: =SUM(BD13:BD24) -> 391.87 | BE12: =SUM(BE13:BE24) -> 0 | BF12: =BG12/BE12 -> #DIV/0! | BG12: =SUM(BG13:BG24) -> 0 | BH12: =SUM(BH13:BH24) -> 45 | BI12: =BJ12/BH12 -> 3.0973333 | BJ12: =SUM(BJ13:BJ24) -> 139.38 | BK12: =SUM(BK13:BK24) -> 165.3 | BL12: =BM12/BK12 -> 3.8306715 | BM12: =SUM(BM13:BM24) -> 633.21
A13: Bunog | B13: 21 | C13: 1.2 | D13: =E13/C13 -> 5 | E13: 6 | G13: =H13/F13 -> #DIV/0! | J13: =K13/I13 -> #DIV/0! | K13: 0 | M13: =N13/L13 -> #DIV/0! | O13: 0.6 | P13: =Q13/O13 -> 3.2 | Q13: 1.92 | R13: =C13+F13+I13+L13+O13 -> 1.8 | S13: =T13/R13 -> 4.4 | T13: =E13+H13+K13+N13+Q13 -> 7.92 | V13: =W13/U13 -> #DIV/0! | W13: 0 | Y13: =Z13/X13 -> #DIV/0! | AA13: 7.4 | AB13: =AC13/AA13 -> 3.9 | AC13: 28.86 | AE13: =AF13/AD13 -> #DIV/0! | AG13: 14.3 | AH13: =AI13/AG13 -> 3 | AI13: 42.9 | AK13: =AL13/AJ13 -> #DIV/0! | AN13: =AO13/AM13 -> #DIV/0! | AQ13: =AR13/AP13 -> #DIV/0! | AS13: =U13+X13+AA13+AD13+AG13+AJ13+AM13+AP13 -> 21.7 | AT13: =AU13/AS13 -> 3.3069124 | AU13: =W13+Z13+AC13+AF13+AI13+AL13+AO13+AR13 -> 71.76 | AV13: =C13+U13 -> 1.2 | AW13: =AX13/AV13 -> 5 | AX13: =E13+W13 -> 6 | AY13: =F13+X13 -> 0 | AZ13: =BA13/AY13 -> #DIV/0! | BA13: =H13+Z13 -> 0 | BB13: =AJ13+AA13+I13 -> 7.4 | BC13: =BD13/BB13 -> 3.9 | BD13: =AL13+AC13+K13 -> 28.86 | BE13: =AM13+AD13+L13 -> 0 | BF13: =BG13/BE13 -> #DIV/0! | BG13: =AO13+AF13+N13 -> 0 | BH13: =AP13+AG13+O13 -> 14.9 | BI13: =BJ13/BH13 -> 3.0080537 | BJ13: =AR13+AI13+Q13 -> 44.82 | BK13: =AV13+AY13+BB13+BE13+BH13 -> 23.5 | BL13: =BM13/BK13 -> 3.3906383 | BM13: =AX13+BA13+BD13+BG13+BJ13 -> 79.68
A14: Campong Ulay | B14: 5 | D14: =E14/C14 -> #DIV/0! | E14: 0 | G14: =H14/F14 -> #DIV/0! | I14: 9 | J14: =K14/I14 -> 4 | K14: 36 | M14: =N14/L14 -> #DIV/0! | O14: 1 | P14: =Q14/O14 -> 3.2 | Q14: 3.2 | R14: =C14+F14+I14+L14+O14 -> 10 | S14: =T14/R14 -> 3.92 | T14: =E14+H14+K14+N14+Q14 -> 39.2 | V14: =W14/U14 -> #DIV/0! | W14: 0 | Y14: =Z14/X14 -> #DIV/0! | AB14: =AC14/AA14 -> #DIV/0! | AC14: 0 | AE14: =AF14/AD14 -> #DIV/0! | AH14: =AI14/AG14 -> #DIV/0! | AI14: 0 | AK14: =AL14/AJ14 -> #DIV/0! | AN14: =AO14/AM14 -> #DIV/0! | AQ14: =AR14/AP14 -> #DIV/0! | AS14: =U14+X14+AA14+AD14+AG14+AJ14+AM14+AP14 -> 0 | AT14: =AU14/AS14 -> #DIV/0! | AU14: =W14+Z14+AC14+AF14+AI14+AL14+AO14+AR14 -> 0 | AV14: =C14+U14 -> 0 | AW14: =AX14/AV14 -> #DIV/0! | AX14: =E14+W14 -> 0 | AY14: =F14+X14 -> 0 | AZ14: =BA14/AY14 -> #DIV/0! | BA14: =H14+Z14 -> 0 | BB14: =AJ14+AA14+I14 -> 9 | BC14: =BD14/BB14 -> 4 | BD14: =AL14+AC14+K14 -> 36 | BE14: =AM14+AD14+L14 -> 0 | BF14: =BG14/BE14 -> #DIV/0! | BG14: =AO14+AF14+N14 -> 0 | BH14: =AP14+AG14+O14 -> 1 | BI14: =BJ14/BH14 -> 3.2 | BJ14: =AR14+AI14+Q14 -> 3.2 | BK14: =AV14+AY14+BB14+BE14+BH14 -> 10 | BL14: =BM14/BK14 -> 3.92 | BM14: =AX14+BA14+BD14+BG14+BJ14 -> 39.2
A15: Candawaga | B15: 13 | C15: 13.6 | D15: =E15/C15 -> 5 | E15: 68 | G15: =H15/F15 -> #DIV/0! | I15: 7.5 | J15: =K15/I15 -> 4.2 | K15: 31.5 | M15: =N15/L15 -> #DIV/0! | P15: =Q15/O15 -> #DIV/0! | Q15: 0 | R15: =C15+F15+I15+L15+O15 -> 21.1 | S15: =T15/R15 -> 4.7156398 | T15: =E15+H15+K15+N15+Q15 -> 99.5 | U15: 2.3 | V15: =W15/U15 -> 5.2 | W15: 11.96 | Y15: =Z15/X15 -> #DIV/0! | AA15: 1.8 | AB15: =AC15/AA15 -> 4 | AC15: 7.2 | AE15: =AF15/AD15 -> #DIV/0! | AG15: 3 | AH15: =AI15/AG15 -> 3.2 | AI15: 9.6 | AK15: =AL15/AJ15 -> #DIV/0! | AN15: =AO15/AM15 -> #DIV/0! | AQ15: =AR15/AP15 -> #DIV/0! | AS15: =U15+X15+AA15+AD15+AG15+AJ15+AM15+AP15 -> 7.1 | AT15: =AU15/AS15 -> 4.0507042 | AU15: =W15+Z15+AC15+AF15+AI15+AL15+AO15+AR15 -> 28.76 | AV15: =C15+U15 -> 15.9 | AW15: =AX15/AV15 -> 5.0289308 | AX15: =E15+W15 -> 79.96 | AY15: =F15+X15 -> 0 | AZ15: =BA15/AY15 -> #DIV/0! | BA15: =H15+Z15 -> 0 | BB15: =AJ15+AA15+I15 -> 9.3 | BC15: =BD15/BB15 -> 4.1612903 | BD15: =AL15+AC15+K15 -> 38.7 | BE15: =AM15+AD15+L15 -> 0 | BF15: =BG15/BE15 -> #DIV/0! | BG15: =AO15+AF15+N15 -> 0 | BH15: =AP15+AG15+O15 -> 3 | BI15: =BJ15/BH15 -> 3.2 | BJ15: =AR15+AI15+Q15 -> 9.6 | BK15: =AV15+AY15+BB15+BE15+BH15 -> 28.2 | BL15: =BM15/BK15 -> 4.548227 | BM15: =AX15+BA15+BD15+BG15+BJ15 -> 128.26
A16: Canipaan | B16: 0 | D16: =E16/C16 -> #DIV/0! | E16: 0 | G16: =H16/F16 -> #DIV/0! | J16: =K16/I16 -> #DIV/0! | K16: 0 | M16: =N16/L16 -> #DIV/0! | P16: =Q16/O16 -> #DIV/0! | Q16: 0 | R16: =C16+F16+I16+L16+O16 -> 0 | S16: =T16/R16 -> #DIV/0! | T16: =E16+H16+K16+N16+Q16 -> 0 | V16: =W16/U16 -> #DIV/0! | W16: 0 | Y16: =Z16/X16 -> #DIV/0! | AB16: =AC16/AA16 -> #DIV/0! | AC16: 0 | AE16: =AF16/AD16 -> #DIV/0! | AH16: =AI16/AG16 -> #DIV/0! | AI16: 0 | AK16: =AL16/AJ16 -> #DIV/0! | AN16: =AO16/AM16 -> #DIV/0! | AQ16: =AR16/AP16 -> #DIV/0! | AS16: =U16+X16+AA16+AD16+AG16+AJ16+AM16+AP16 -> 0 | AT16: =AU16/AS16 -> #DIV/0! | AU16: =W16+Z16+AC16+AF16+AI16+AL16+AO16+AR16 -> 0 | AV16: =C16+U16 -> 0 | AW16: =AX16/AV16 -> #DIV/0! | AX16: =E16+W16 -> 0 | AY16: =F16+X16 -> 0 | AZ16: =BA16/AY16 -> #DIV/0! | BA16: =H16+Z16 -> 0 | BB16: =AJ16+AA16+I16 -> 0 | BC16: =BD16/BB16 -> #DIV/0! | BD16: =AL16+AC16+K16 -> 0 | BE16: =AM16+AD16+L16 -> 0 | BF16: =BG16/BE16 -> #DIV/0! | BG16: =AO16+AF16+N16 -> 0 | BH16: =AP16+AG16+O16 -> 0 | BI16: =BJ16/BH16 -> #DIV/0! | BJ16: =AR16+AI16+Q16 -> 0 | BK16: =AV16+AY16+BB16+BE16+BH16 -> 0 | BL16: =BM16/BK16 -> #DIV/0! | BM16: =AX16+BA16+BD16+BG16+BJ16 -> 0
A17: Culasian | B17: 6 | D17: =E17/C17 -> #DIV/0! | E17: 0 | G17: =H17/F17 -> #DIV/0! | I17: 4 | J17: =K17/I17 -> 3.7 | K17: 14.8 | M17: =N17/L17 -> #DIV/0! | P17: =Q17/O17 -> #DIV/0! | Q17: 0 | R17: =C17+F17+I17+L17+O17 -> 4 | S17: =T17/R17 -> 3.7 | T17: =E17+H17+K17+N17+Q17 -> 14.8 | V17: =W17/U17 -> #DIV/0! | W17: 0 | Y17: =Z17/X17 -> #DIV/0! | AA17: 5.1 | AB17: =AC17/AA17 -> 3.9 | AC17: 19.89 | AE17: =AF17/AD17 -> #DIV/0! | AG17: 1.2 | AH17: =AI17/AG17 -> 3.2 | AI17: 3.84 | AK17: =AL17/AJ17 -> #DIV/0! | AN17: =AO17/AM17 -> #DIV/0! | AQ17: =AR17/AP17 -> #DIV/0! | AS17: =U17+X17+AA17+AD17+AG17+AJ17+AM17+AP17 -> 6.3 | AT17: =AU17/AS17 -> 3.7666667 | AU17: =W17+Z17+AC17+AF17+AI17+AL17+AO17+AR17 -> 23.73 | AV17: =C17+U17 -> 0 | AW17: =AX17/AV17 -> #DIV/0! | AX17: =E17+W17 -> 0 | AY17: =F17+X17 -> 0 | AZ17: =BA17/AY17 -> #DIV/0! | BA17: =H17+Z17 -> 0 | BB17: =AJ17+AA17+I17 -> 9.1 | BC17: =BD17/BB17 -> 3.8120879 | BD17: =AL17+AC17+K17 -> 34.69 | BE17: =AM17+AD17+L17 -> 0 | BF17: =BG17/BE17 -> #DIV/0! | BG17: =AO17+AF17+N17 -> 0 | BH17: =AP17+AG17+O17 -> 1.2 | BI17: =BJ17/BH17 -> 3.2 | BJ17: =AR17+AI17+Q17 -> 3.84 | BK17: =AV17+AY17+BB17+BE17+BH17 -> 10.3 | BL17: =BM17/BK17 -> 3.7407767 | BM17: =AX17+BA17+BD17+BG17+BJ17 -> 38.53
A18: Iraan | B18: 34 | D18: =E18/C18 -> #DIV/0! | E18: 0 | G18: =H18/F18 -> #DIV/0! | I18: 29.2 | J18: =K18/I18 -> 3.9 | K18: 113.88 | M18: =N18/L18 -> #DIV/0! | O18: 4.6 | P18: =Q18/O18 -> 3.2 | Q18: 14.72 | R18: =C18+F18+I18+L18+O18 -> 33.8 | S18: =T18/R18 -> 3.8047337 | T18: =E18+H18+K18+N18+Q18 -> 128.6 | V18: =W18/U18 -> #DIV/0! | W18: 0 | Y18: =Z18/X18 -> #DIV/0! | AA18: 6 | AB18: =AC18/AA18 -> 3.8 | AC18: 22.8 | AE18: =AF18/AD18 -> #DIV/0! | AG18: 4 | AH18: =AI18/AG18 -> 3.2 | AI18: 12.8 | AK18: =AL18/AJ18 -> #DIV/0! | AN18: =AO18/AM18 -> #DIV/0! | AQ18: =AR18/AP18 -> #DIV/0! | AS18: =U18+X18+AA18+AD18+AG18+AJ18+AM18+AP18 -> 10 | AT18: =AU18/AS18 -> 3.56 | AU18: =W18+Z18+AC18+AF18+AI18+AL18+AO18+AR18 -> 35.6 | AV18: =C18+U18 -> 0 | AW18: =AX18/AV18 -> #DIV/0! | AX18: =E18+W18 -> 0 | AY18: =F18+X18 -> 0 | AZ18: =BA18/AY18 -> #DIV/0! | BA18: =H18+Z18 -> 0 | BB18: =AJ18+AA18+I18 -> 35.2 | BC18: =BD18/BB18 -> 3.8829545 | BD18: =AL18+AC18+K18 -> 136.68 | BE18: =AM18+AD18+L18 -> 0 | BF18: =BG18/BE18 -> #DIV/0! | BG18: =AO18+AF18+N18 -> 0 | BH18: =AP18+AG18+O18 -> 8.6 | BI18: =BJ18/BH18 -> 3.2 | BJ18: =AR18+AI18+Q18 -> 27.52 | BK18: =AV18+AY18+BB18+BE18+BH18 -> 43.8 | BL18: =BM18/BK18 -> 3.7488584 | BM18: =AX18+BA18+BD18+BG18+BJ18 -> 164.2
A19: Latud | B19: 0 | D19: =E19/C19 -> #DIV/0! | E19: 0 | G19: =H19/F19 -> #DIV/0! | J19: =K19/I19 -> #DIV/0! | K19: 0 | M19: =N19/L19 -> #DIV/0! | P19: =Q19/O19 -> #DIV/0! | Q19: 0 | R19: =C19+F19+I19+L19+O19 -> 0 | S19: =T19/R19 -> #DIV/0! | T19: =E19+H19+K19+N19+Q19 -> 0 | V19: =W19/U19 -> #DIV/0! | W19: 0 | Y19: =Z19/X19 -> #DIV/0! | AB19: =AC19/AA19 -> #DIV/0! | AC19: 0 | AE19: =AF19/AD19 -> #DIV/0! | AH19: =AI19/AG19 -> #DIV/0! | AI19: 0 | AK19: =AL19/AJ19 -> #DIV/0! | AN19: =AO19/AM19 -> #DIV/0! | AQ19: =AR19/AP19 -> #DIV/0! | AS19: =U19+X19+AA19+AD19+AG19+AJ19+AM19+AP19 -> 0 | AT19: =AU19/AS19 -> #DIV/0! | AU19: =W19+Z19+AC19+AF19+AI19+AL19+AO19+AR19 -> 0 | AV19: =C19+U19 -> 0 | AW19: =AX19/AV19 -> #DIV/0! | AX19: =E19+W19 -> 0 | AY19: =F19+X19 -> 0 | AZ19: =BA19/AY19 -> #DIV/0! | BA19: =H19+Z19 -> 0 | BB19: =AJ19+AA19+I19 -> 0 | BC19: =BD19/BB19 -> #DIV/0! | BD19: =AL19+AC19+K19 -> 0 | BE19: =AM19+AD19+L19 -> 0 | BF19: =BG19/BE19 -> #DIV/0! | BG19: =AO19+AF19+N19 -> 0 | BH19: =AP19+AG19+O19 -> 0 | BI19: =BJ19/BH19 -> #DIV/0! | BJ19: =AR19+AI19+Q19 -> 0 | BK19: =AV19+AY19+BB19+BE19+BH19 -> 0 | BL19: =BM19/BK19 -> #DIV/0! | BM19: =AX19+BA19+BD19+BG19+BJ19 -> 0
A20: Panalingaan | B20: 25 | C20: 1.2 | D20: =E20/C20 -> 5 | E20: 6 | G20: =H20/F20 -> #DIV/0! | I20: 20 | J20: =K20/I20 -> 3.9 | K20: 78 | M20: =N20/L20 -> #DIV/0! | O20: 5 | P20: =Q20/O20 -> 3.2 | Q20: 16 | R20: =C20+F20+I20+L20+O20 -> 26.2 | S20: =T20/R20 -> 3.8167939 | T20: =E20+H20+K20+N20+Q20 -> 100 | U20: 2 | V20: =W20/U20 -> 5 | W20: 10 | Y20: =Z20/X20 -> #DIV/0! | AA20: 8.8 | AB20: =AC20/AA20 -> 3.9 | AC20: 34.32 | AE20: =AF20/AD20 -> #DIV/0! | AG20: 6 | AH20: =AI20/AG20 -> 3.2 | AI20: 19.2 | AK20: =AL20/AJ20 -> #DIV/0! | AN20: =AO20/AM20 -> #DIV/0! | AQ20: =AR20/AP20 -> #DIV/0! | AS20: =U20+X20+AA20+AD20+AG20+AJ20+AM20+AP20 -> 16.8 | AT20: =AU20/AS20 -> 3.7809524 | AU20: =W20+Z20+AC20+AF20+AI20+AL20+AO20+AR20 -> 63.52 | AV20: =C20+U20 -> 3.2 | AW20: =AX20/AV20 -> 5 | AX20: =E20+W20 -> 16 | AY20: =F20+X20 -> 0 | AZ20: =BA20/AY20 -> #DIV/0! | BA20: =H20+Z20 -> 0 | BB20: =AJ20+AA20+I20 -> 28.8 | BC20: =BD20/BB20 -> 3.9 | BD20: =AL20+AC20+K20 -> 112.32 | BE20: =AM20+AD20+L20 -> 0 | BF20: =BG20/BE20 -> #DIV/0! | BG20: =AO20+AF20+N20 -> 0 | BH20: =AP20+AG20+O20 -> 11 | BI20: =BJ20/BH20 -> 3.2 | BJ20: =AR20+AI20+Q20 -> 35.2 | BK20: =AV20+AY20+BB20+BE20+BH20 -> 43 | BL20: =BM20/BK20 -> 3.8027907 | BM20: =AX20+BA20+BD20+BG20+BJ20 -> 163.52
A21: Punta Baja | B21: 3 | D21: =E21/C21 -> #DIV/0! | E21: 0 | G21: =H21/F21 -> #DIV/0! | I21: 0.6 | J21: =K21/I21 -> 3.8 | K21: 2.28 | M21: =N21/L21 -> #DIV/0! | O21: 4.4 | P21: =Q21/O21 -> 2.8 | Q21: 12.32 | R21: =C21+F21+I21+L21+O21 -> 5 | S21: =T21/R21 -> 2.92 | T21: =E21+H21+K21+N21+Q21 -> 14.6 | V21: =W21/U21 -> #DIV/0! | W21: 0 | Y21: =Z21/X21 -> #DIV/0! | AB21: =AC21/AA21 -> #DIV/0! | AC21: 0 | AE21: =AF21/AD21 -> #DIV/0! | AH21: =AI21/AG21 -> #DIV/0! | AI21: 0 | AK21: =AL21/AJ21 -> #DIV/0! | AN21: =AO21/AM21 -> #DIV/0! | AQ21: =AR21/AP21 -> #DIV/0! | AS21: =U21+X21+AA21+AD21+AG21+AJ21+AM21+AP21 -> 0 | AT21: =AU21/AS21 -> #DIV/0! | AU21: =W21+Z21+AC21+AF21+AI21+AL21+AO21+AR21 -> 0 | AV21: =C21+U21 -> 0 | AW21: =AX21/AV21 -> #DIV/0! | AX21: =E21+W21 -> 0 | AY21: =F21+X21 -> 0 | AZ21: =BA21/AY21 -> #DIV/0! | BA21: =H21+Z21 -> 0 | BB21: =AJ21+AA21+I21 -> 0.6 | BC21: =BD21/BB21 -> 3.8 | BD21: =AL21+AC21+K21 -> 2.28 | BE21: =AM21+AD21+L21 -> 0 | BF21: =BG21/BE21 -> #DIV/0! | BG21: =AO21+AF21+N21 -> 0 | BH21: =AP21+AG21+O21 -> 4.4 | BI21: =BJ21/BH21 -> 2.8 | BJ21: =AR21+AI21+Q21 -> 12.32 | BK21: =AV21+AY21+BB21+BE21+BH21 -> 5 | BL21: =BM21/BK21 -> 2.92 | BM21: =AX21+BA21+BD21+BG21+BJ21 -> 14.6
A22: Ransang | B22: 2 | D22: =E22/C22 -> #DIV/0! | E22: 0 | G22: =H22/F22 -> #DIV/0! | J22: =K22/I22 -> #DIV/0! | K22: 0 | M22: =N22/L22 -> #DIV/0! | O22: 0.9 | P22: =Q22/O22 -> 3.2 | Q22: 2.88 | R22: =C22+F22+I22+L22+O22 -> 0.9 | S22: =T22/R22 -> 3.2 | T22: =E22+H22+K22+N22+Q22 -> 2.88 | V22: =W22/U22 -> #DIV/0! | W22: 0 | Y22: =Z22/X22 -> #DIV/0! | AA22: 0.6 | AB22: =AC22/AA22 -> 3.9 | AC22: 2.34 | AE22: =AF22/AD22 -> #DIV/0! | AH22: =AI22/AG22 -> #DIV/0! | AI22: 0 | AK22: =AL22/AJ22 -> #DIV/0! | AN22: =AO22/AM22 -> #DIV/0! | AQ22: =AR22/AP22 -> #DIV/0! | AS22: =U22+X22+AA22+AD22+AG22+AJ22+AM22+AP22 -> 0.6 | AT22: =AU22/AS22 -> 3.9 | AU22: =W22+Z22+AC22+AF22+AI22+AL22+AO22+AR22 -> 2.34 | AV22: =C22+U22 -> 0 | AW22: =AX22/AV22 -> #DIV/0! | AX22: =E22+W22 -> 0 | AY22: =F22+X22 -> 0 | AZ22: =BA22/AY22 -> #DIV/0! | BA22: =H22+Z22 -> 0 | BB22: =AJ22+AA22+I22 -> 0.6 | BC22: =BD22/BB22 -> 3.9 | BD22: =AL22+AC22+K22 -> 2.34 | BE22: =AM22+AD22+L22 -> 0 | BF22: =BG22/BE22 -> #DIV/0! | BG22: =AO22+AF22+N22 -> 0 | BH22: =AP22+AG22+O22 -> 0.9 | BI22: =BJ22/BH22 -> 3.2 | BJ22: =AR22+AI22+Q22 -> 2.88 | BK22: =AV22+AY22+BB22+BE22+BH22 -> 1.5 | BL22: =BM22/BK22 -> 3.48 | BM22: =AX22+BA22+BD22+BG22+BJ22 -> 5.22
A23: Taburi | B23: 0 | D23: =E23/C23 -> #DIV/0! | E23: 0 | G23: =H23/F23 -> #DIV/0! | J23: =K23/I23 -> #DIV/0! | K23: 0 | M23: =N23/L23 -> #DIV/0! | P23: =Q23/O23 -> #DIV/0! | Q23: 0 | R23: =C23+F23+I23+L23+O23 -> 0 | S23: =T23/R23 -> #DIV/0! | T23: =E23+H23+K23+N23+Q23 -> 0 | V23: =W23/U23 -> #DIV/0! | W23: 0 | Y23: =Z23/X23 -> #DIV/0! | AB23: =AC23/AA23 -> #DIV/0! | AC23: 0 | AE23: =AF23/AD23 -> #DIV/0! | AH23: =AI23/AG23 -> #DIV/0! | AI23: 0 | AK23: =AL23/AJ23 -> #DIV/0! | AN23: =AO23/AM23 -> #DIV/0! | AQ23: =AR23/AP23 -> #DIV/0! | AS23: =U23+X23+AA23+AD23+AG23+AJ23+AM23+AP23 -> 0 | AT23: =AU23/AS23 -> #DIV/0! | AU23: =W23+Z23+AC23+AF23+AI23+AL23+AO23+AR23 -> 0 | AV23: =C23+U23 -> 0 | AW23: =AX23/AV23 -> #DIV/0! | AX23: =E23+W23 -> 0 | AY23: =F23+X23 -> 0 | AZ23: =BA23/AY23 -> #DIV/0! | BA23: =H23+Z23 -> 0 | BB23: =AJ23+AA23+I23 -> 0 | BC23: =BD23/BB23 -> #DIV/0! | BD23: =AL23+AC23+K23 -> 0 | BE23: =AM23+AD23+L23 -> 0 | BF23: =BG23/BE23 -> #DIV/0! | BG23: =AO23+AF23+N23 -> 0 | BH23: =AP23+AG23+O23 -> 0 | BI23: =BJ23/BH23 -> #DIV/0! | BJ23: =AR23+AI23+Q23 -> 0 | BK23: =AV23+AY23+BB23+BE23+BH23 -> 0 | BL23: =BM23/BK23 -> #DIV/0! | BM23: =AX23+BA23+BD23+BG23+BJ23 -> 0
R24: =C24+F24+I24+L24+O24 -> 0 | T24: =E24+H24+K24+N24+Q24 -> 0 | AV24: =C24+U24 -> 0 | AW24: =AX24/AV24 -> #DIV/0! | AX24: =E24+W24 -> 0 | AY24: =F24+X24 -> 0 | AZ24: =BA24/AY24 -> #DIV/0! | BA24: =H24+Z24 -> 0 | BB24: =AJ24+AA24+I24 -> 0 | BC24: =BD24/BB24 -> #DIV/0! | BD24: =AL24+AC24+K24 -> 0 | BE24: =AM24+AD24+L24 -> 0 | BF24: =BG24/BE24 -> #DIV/0! | BG24: =AO24+AF24+N24 -> 0 | BH24: =AP24+AG24+O24 -> 0 | BI24: =BJ24/BH24 -> #DIV/0! | BJ24: =AR24+AI24+Q24 -> 0 | BK24: =AV24+AY24+BB24+BE24+BH24 -> 0 | BL24: =BM24/BK24 -> #DIV/0! | BM24: =AX24+BA24+BD24+BG24+BJ24 -> 0
A25: - to be submitted every 15th and 30th day of the month
A26: - December 30 submission for terminal harvesting under WS cropping
A27: -

Sheet Mar 1-15
A1: Department of Agriculture
A2: REGIONAL FIELD OFFICE MIMAROPA
A3: Rice Program
A5: DRY SEASON 2026 Harvesting Report
A6: as of March 15, 2026
A7: MUNICIPALITY / BARANGAY | B7: NO. OF FARMER HARVESTED | C7: IRRIGATED | U7: RAINFED | AV7: DS 2020-2021 | BN7: REMARKS
C9: HYBRID SEEDS | F9: REGISTERED SEEDS | I9: CERTIFIED SEEDS | L9: GOOD QUALITY SEEDS | O9: FARMERS HOME SAVED SEEDS / GS | R9: TOTAL | U9: LOWLAND | AJ9: UPLAND | AS9: TOTAL | AV9: HYBRID SEEDS | AY9: REGISTERED SEEDS | BB9: CERTIFIED SEEDS | BE9: GOOD QUALITY SEEDS | BH9: FARMERS HOME SAVED SEEDS / GS | BK9: TOTAL
U10: HYBRID SEEDS | X10: REGISTERED SEEDS | AA10: CERTIFIED SEEDS | AD10: GOOD QUALITY SEEDS | AG10: FARMERS HOME SAVED SEEDS | AJ10: CERTIFIED SEEDS | AM10: GOOD QUALITY SEEDS | AP10: FARMERS HOME SAVED SEEDS / GS
C11: Area Harvested (ha) | D11: Ave. Yield (mt/ha) | E11: Production (mt) | F11: Area Harvested (ha) | G11: Ave. Yield (mt/ha) | H11: Production (mt) | I11: Area Harvested (ha) | J11: Ave. Yield (mt/ha) | K11: Production (mt) | L11: Area Harvested (ha) | M11: Ave. Yield (mt/ha) | N11: Production (mt) | O11: Area Harvested (ha) | P11: Ave. Yield (mt/ha) | Q11: Production (mt) | R11: Area Harvested (ha) | S11: Ave. Yield (mt/ha) | T11: Production (mt) | U11: Area Harvested (ha) | V11: Ave. Yield (mt/ha) | W11: Production (mt) | X11: Area Harvested (ha) | Y11: Ave. Yield (mt/ha) | Z11: Production (mt) | AA11: Area Harvested (ha) | AB11: Ave. Yield (mt/ha) | AC11: Production (mt) | AD11: Area Harvested (ha) | AE11: Ave. Yield (mt/ha) | AF11: Production (mt) | AG11: Area Harvested (ha) | AH11: Ave. Yield (mt/ha) | AI11: Production (mt) | AJ11: Area Harvested (ha) | AK11: Ave. Yield (mt/ha) | AL11: Production (mt) | AM11: Area Harvested (ha) | AN11: Ave. Yield (mt/ha) | AO11: Production (mt) | AP11: Area Harvested (ha) | AQ11: Ave. Yield (mt/ha) | AR11: Production (mt) | AS11: Area Harvested (ha) | AT11: Ave. Yield (mt/ha) | AU11: Production (mt) | AV11: Area Harvested (ha) | AW11: Ave. Yield (mt/ha) | AX11: Production (mt) | AY11: Area Harvested (ha) | AZ11: Ave. Yield (mt/ha) | BA11: Production (mt) | BB11: Area Harvested (ha) | BC11: Ave. Yield (mt/ha) | BD11: Production (mt) | BE11: Area Harvested (ha) | BF11: Ave. Yield (mt/ha) | BG11: Production (mt) | BH11: Area Harvested (ha) | BI11: Ave. Yield (mt/ha) | BJ11: Production (mt) | BK11: Area Harvested (ha) | BL11: Ave. Yield (mt/ha) | BM11: Production (mt)
A12: Rizal | B12: =SUM(B13:B24) -> 109 | C12: =SUM(C13:C24) -> 61.8 | D12: =E12/C12 -> 5.4597087 | E12: =SUM(E13:E24) -> 337.41 | F12: =SUM(F13:F24) -> 0 | G12: =H12/F12 -> #DIV/0! | H12: =SUM(H13:H24) -> 0 | I12: =SUM(I13:I24) -> 54.9 | J12: =K12/I12 -> 4 | K12: =SUM(K13:K24) -> 219.6 | L12: =SUM(L13:L24) -> 0 | M12: =N12/L12 -> #DIV/0! | N12: =SUM(N13:N24) -> 0 | O12: =SUM(O13:O24) -> 7.7 | P12: =Q12/O12 -> 3.2 | Q12: =SUM(Q13:Q24) -> 24.64 | R12: =SUM(R13:R24) -> 0 | S12: =T12/R12 -> #DIV/0! | T12: =SUM(T13:T24) -> 0 | U12: =SUM(U13:U24) -> 10 | V12: =W12/U12 -> 5.1 | W12: =SUM(W13:W24) -> 51 | X12: =SUM(X13:X24) -> 0 | Y12: =Z12/X12 -> #DIV/0! | Z12: =SUM(Z13:Z24) -> 0 | AA12: =SUM(AA13:AA24) -> 32.3 | AB12: =AC12/AA12 -> 3.9817337 | AC12: =SUM(AC13:AC24) -> 128.61 | AD12: =SUM(AD13:AD24) -> 0 | AE12: =AF12/AD12 -> #DIV/0! | AF12: =SUM(AF13:AF24) -> 0 | AG12: =SUM(AG13:AG24) -> 9.8 | AH12: =AI12/AG12 -> 3.2 | AI12: =SUM(AI13:AI24) -> 31.36 | AJ12: =SUM(AJ13:AJ24) -> 0 | AK12: =AL12/AJ12 -> #DIV/0! | AL12: =SUM(AL13:AL24) -> 0 | AM12: =SUM(AM13:AM24) -> 0 | AN12: =AO12/AM12 -> #DIV/0! | AO12: =SUM(AO13:AO24) -> 0 | AP12: =SUM(AP13:AP24) -> 0 | AQ12: =AR12/AP12 -> #DIV/0! | AR12: =SUM(AR13:AR24) -> 0 | AS12: =SUM(AS13:AS24) -> 0 | AT12: =AU12/AS12 -> #DIV/0! | AU12: =SUM(AU13:AU24) -> 0 | AV12: =SUM(AV13:AV24) -> 71.8 | AW12: =AX12/AV12 -> 5.40961 | AX12: =SUM(AX13:AX24) -> 388.41 | AY12: =SUM(AY13:AY24) -> 0 | AZ12: =BA12/AY12 -> #DIV/0! | BA12: =SUM(BA13:BA24) -> 0 | BB12: =SUM(BB13:BB24) -> 87.2 | BC12: =BD12/BB12 -> 3.9932339 | BD12: =SUM(BD13:BD24) -> 348.21 | BE12: =SUM(BE13:BE24) -> 0 | BF12: =BG12/BE12 -> #DIV/0! | BG12: =SUM(BG13:BG24) -> 0 | BH12: =SUM(BH13:BH24) -> 17.5 | BI12: =BJ12/BH12 -> 3.2 | BJ12: =SUM(BJ13:BJ24) -> 56 | BK12: =SUM(BK13:BK24) -> 176.5 | BL12: =BM12/BK12 -> 4.4907649 | BM12: =SUM(BM13:BM24) -> 792.62
A13: Bunog | B13: 0 | D13: =E13/C13 -> #DIV/0! | E13: 0 | G13: =H13/F13 -> #DIV/0! | J13: =K13/I13 -> #DIV/0! | K13: 0 | M13: =N13/L13 -> #DIV/0! | P13: =Q13/O13 -> #DIV/0! | Q13: 0 | S13: =T13/R13 -> #DIV/0! | V13: =W13/U13 -> #DIV/0! | W13: 0 | Y13: =Z13/X13 -> #DIV/0! | AB13: =AC13/AA13 -> #DIV/0! | AC13: 0 | AE13: =AF13/AD13 -> #DIV/0! | AH13: =AI13/AG13 -> #DIV/0! | AI13: 0 | AK13: =AL13/AJ13 -> #DIV/0! | AN13: =AO13/AM13 -> #DIV/0! | AQ13: =AR13/AP13 -> #DIV/0! | AT13: =AU13/AS13 -> #DIV/0! | AV13: =C13+U13 -> 0 | AW13: =AX13/AV13 -> #DIV/0! | AX13: =E13+W13 -> 0 | AY13: =F13+X13 -> 0 | AZ13: =BA13/AY13 -> #DIV/0! | BA13: =H13+Z13 -> 0 | BB13: =AJ13+AA13+I13 -> 0 | BC13: =BD13/BB13 -> #DIV/0! | BD13: =AL13+AC13+K13 -> 0 | BE13: =AM13+AD13+L13 -> 0 | BF13: =BG13/BE13 -> #DIV/0! | BG13: =AO13+AF13+N13 -> 0 | BH13: =AP13+AG13+O13 -> 0 | BI13: =BJ13/BH13 -> #DIV/0! | BJ13: =AR13+AI13+Q13 -> 0 | BK13: =AV13+AY13+BB13+BE13+BH13 -> 0 | BL13: =BM13/BK13 -> #DIV/0! | BM13: =AX13+BA13+BD13+BG13+BJ13 -> 0
A14: Campong Ulay | B14: 0 | D14: =E14/C14 -> #DIV/0! | E14: 0 | G14: =H14/F14 -> #DIV/0! | J14: =K14/I14 -> #DIV/0! | K14: 0 | M14: =N14/L14 -> #DIV/0! | P14: =Q14/O14 -> #DIV/0! | Q14: 0 | S14: =T14/R14 -> #DIV/0! | V14: =W14/U14 -> #DIV/0! | W14: 0 | Y14: =Z14/X14 -> #DIV/0! | AB14: =AC14/AA14 -> #DIV/0! | AC14: 0 | AE14: =AF14/AD14 -> #DIV/0! | AH14: =AI14/AG14 -> #DIV/0! | AI14: 0 | AK14: =AL14/AJ14 -> #DIV/0! | AN14: =AO14/AM14 -> #DIV/0! | AQ14: =AR14/AP14 -> #DIV/0! | AT14: =AU14/AS14 -> #DIV/0! | AV14: =C14+U14 -> 0 | AW14: =AX14/AV14 -> #DIV/0! | AX14: =E14+W14 -> 0 | AY14: =F14+X14 -> 0 | AZ14: =BA14/AY14 -> #DIV/0! | BA14: =H14+Z14 -> 0 | BB14: =AJ14+AA14+I14 -> 0 | BC14: =BD14/BB14 -> #DIV/0! | BD14: =AL14+AC14+K14 -> 0 | BE14: =AM14+AD14+L14 -> 0 | BF14: =BG14/BE14 -> #DIV/0! | BG14: =AO14+AF14+N14 -> 0 | BH14: =AP14+AG14+O14 -> 0 | BI14: =BJ14/BH14 -> #DIV/0! | BJ14: =AR14+AI14+Q14 -> 0 | BK14: =AV14+AY14+BB14+BE14+BH14 -> 0 | BL14: =BM14/BK14 -> #DIV/0! | BM14: =AX14+BA14+BD14+BG14+BJ14 -> 0
A15: Candawaga | B15: 0 | D15: =E15/C15 -> #DIV/0! | E15: 0 | G15: =H15/F15 -> #DIV/0! | J15: =K15/I15 -> #DIV/0! | K15: 0 | M15: =N15/L15 -> #DIV/0! | P15: =Q15/O15 -> #DIV/0! | Q15: 0 | S15: =T15/R15 -> #DIV/0! | V15: =W15/U15 -> #DIV/0! | W15: 0 | Y15: =Z15/X15 -> #DIV/0! | AB15: =AC15/AA15 -> #DIV/0! | AC15: 0 | AE15: =AF15/AD15 -> #DIV/0! | AH15: =AI15/AG15 -> #DIV/0! | AI15: 0 | AK15: =AL15/AJ15 -> #DIV/0! | AN15: =AO15/AM15 -> #DIV/0! | AQ15: =AR15/AP15 -> #DIV/0! | AT15: =AU15/AS15 -> #DIV/0! | AV15: =C15+U15 -> 0 | AW15: =AX15/AV15 -> #DIV/0! | AX15: =E15+W15 -> 0 | AY15: =F15+X15 -> 0 | AZ15: =BA15/AY15 -> #DIV/0! | BA15: =H15+Z15 -> 0 | BB15: =AJ15+AA15+I15 -> 0 | BC15: =BD15/BB15 -> #DIV/0! | BD15: =AL15+AC15+K15 -> 0 | BE15: =AM15+AD15+L15 -> 0 | BF15: =BG15/BE15 -> #DIV/0! | BG15: =AO15+AF15+N15 -> 0 | BH15: =AP15+AG15+O15 -> 0 | BI15: =BJ15/BH15 -> #DIV/0! | BJ15: =AR15+AI15+Q15 -> 0 | BK15: =AV15+AY15+BB15+BE15+BH15 -> 0 | BL15: =BM15/BK15 -> #DIV/0! | BM15: =AX15+BA15+BD15+BG15+BJ15 -> 0
A16: Canipaan | B16: 0 | D16: =E16/C16 -> #DIV/0! | E16: 0 | G16: =H16/F16 -> #DIV/0! | J16: =K16/I16 -> #DIV/0! | K16: 0 | M16: =N16/L16 -> #DIV/0! | P16: =Q16/O16 -> #DIV/0! | Q16: 0 | S16: =T16/R16 -> #DIV/0! | V16: =W16/U16 -> #DIV/0! | W16: 0 | Y16: =Z16/X16 -> #DIV/0! | AB16: =AC16/AA16 -> #DIV/0! | AC16: 0 | AE16: =AF16/AD16 -> #DIV/0! | AH16: =AI16/AG16 -> #DIV/0! | AI16: 0 | AK16: =AL16/AJ16 -> #DIV/0! | AN16: =AO16/AM16 -> #DIV/0! | AQ16: =AR16/AP16 -> #DIV/0! | AT16: =AU16/AS16 -> #DIV/0! | AV16: =C16+U16 -> 0 | AW16: =AX16/AV16 -> #DIV/0! | AX16: =E16+W16 -> 0 | AY16: =F16+X16 -> 0 | AZ16: =BA16/AY16 -> #DIV/0! | BA16: =H16+Z16 -> 0 | BB16: =AJ16+AA16+I16 -> 0 | BC16: =BD16/BB16 -> #DIV/0! | BD16: =AL16+AC16+K16 -> 0 | BE16: =AM16+AD16+L16 -> 0 | BF16: =BG16/BE16 -> #DIV/0! | BG16: =AO16+AF16+N16 -> 0 | BH16: =AP16+AG16+O16 -> 0 | BI16: =BJ16/BH16 -> #DIV/0! | BJ16: =AR16+AI16+Q16 -> 0 | BK16: =AV16+AY16+BB16+BE16+BH16 -> 0 | BL16: =BM16/BK16 -> #DIV/0! | BM16: =AX16+BA16+BD16+BG16+BJ16 -> 0
A17: Culasian | B17: 0 | D17: =E17/C17 -> #DIV/0! | E17: 0 | G17: =H17/F17 -> #DIV/0! | J17: =K17/I17 -> #DIV/0! | K17: 0 | M17: =N17/L17 -> #DIV/0! | P17: =Q17/O17 -> #DIV/0! | Q17: 0 | S17: =T17/R17 -> #DIV/0! | V17: =W17/U17 -> #DIV/0! | W17: 0 | Y17: =Z17/X17 -> #DIV/0! | AB17: =AC17/AA17 -> #DIV/0! | AC17: 0 | AE17: =AF17/AD17 -> #DIV/0! | AH17: =AI17/AG17 -> #DIV/0! | AI17: 0 | AK17: =AL17/AJ17 -> #DIV/0! | AN17: =AO17/AM17 -> #DIV/0! | AQ17: =AR17/AP17 -> #DIV/0! | AT17: =AU17/AS17 -> #DIV/0! | AV17: =C17+U17 -> 0 | AW17: =AX17/AV17 -> #DIV/0! | AX17: =E17+W17 -> 0 | AY17: =F17+X17 -> 0 | AZ17: =BA17/AY17 -> #DIV/0! | BA17: =H17+Z17 -> 0 | BB17: =AJ17+AA17+I17 -> 0 | BC17: =BD17/BB17 -> #DIV/0! | BD17: =AL17+AC17+K17 -> 0 | BE17: =AM17+AD17+L17 -> 0 | BF17: =BG17/BE17 -> #DIV/0! | BG17: =AO17+AF17+N17 -> 0 | BH17: =AP17+AG17+O17 -> 0 | BI17: =BJ17/BH17 -> #DIV/0! | BJ17: =AR17+AI17+Q17 -> 0 | BK17: =AV17+AY17+BB17+BE17+BH17 -> 0 | BL17: =BM17/BK17 -> #DIV/0! | BM17: =AX17+BA17+BD17+BG17+BJ17 -> 0
A18: Iraan | B18: 15 | D18: =E18/C18 -> #DIV/0! | E18: 0 | G18: =H18/F18 -> #DIV/0! | I18: 5.8 | J18: =K18/I18 -> 4 | K18: 23.2 | M18: =N18/L18 -> #DIV/0! | P18: =Q18/O18 -> #DIV/0! | Q18: 0 | S18: =T18/R18 -> #DIV/0! | V18: =W18/U18 -> #DIV/0! | W18: 0 | Y18: =Z18/X18 -> #DIV/0! | AA18: 5.9 | AB18: =AC18/AA18 -> 3.9 | AC18: 23.01 | AE18: =AF18/AD18 -> #DIV/0! | AG18: 7.3 | AH18: =AI18/AG18 -> 3.2 | AI18: 23.36 | AK18: =AL18/AJ18 -> #DIV/0! | AN18: =AO18/AM18 -> #DIV/0! | AQ18: =AR18/AP18 -> #DIV/0! | AT18: =AU18/AS18 -> #DIV/0! | AV18: =C18+U18 -> 0 | AW18: =AX18/AV18 -> #DIV/0! | AX18: =E18+W18 -> 0 | AY18: =F18+X18 -> 0 | AZ18: =BA18/AY18 -> #DIV/0! | BA18: =H18+Z18 -> 0 | BB18: =AJ18+AA18+I18 -> 11.7 | BC18: =BD18/BB18 -> 3.9495726 | BD18: =AL18+AC18+K18 -> 46.21 | BE18: =AM18+AD18+L18 -> 0 | BF18: =BG18/BE18 -> #DIV/0! | BG18: =AO18+AF18+N18 -> 0 | BH18: =AP18+AG18+O18 -> 7.3 | BI18: =BJ18/BH18 -> 3.2 | BJ18: =AR18+AI18+Q18 -> 23.36 | BK18: =AV18+AY18+BB18+BE18+BH18 -> 19 | BL18: =BM18/BK18 -> 3.6615789 | BM18: =AX18+BA18+BD18+BG18+BJ18 -> 69.57
A19: Latud | B19: 0 | D19: =E19/C19 -> #DIV/0! | E19: 0 | G19: =H19/F19 -> #DIV/0! | J19: =K19/I19 -> #DIV/0! | K19: 0 | M19: =N19/L19 -> #DIV/0! | P19: =Q19/O19 -> #DIV/0! | Q19: 0 | S19: =T19/R19 -> #DIV/0! | V19: =W19/U19 -> #DIV/0! | W19: 0 | Y19: =Z19/X19 -> #DIV/0! | AB19: =AC19/AA19 -> #DIV/0! | AC19: 0 | AE19: =AF19/AD19 -> #DIV/0! | AH19: =AI19/AG19 -> #DIV/0! | AI19: 0 | AK19: =AL19/AJ19 -> #DIV/0! | AN19: =AO19/AM19 -> #DIV/0! | AQ19: =AR19/AP19 -> #DIV/0! | AT19: =AU19/AS19 -> #DIV/0! | AV19: =C19+U19 -> 0 | AW19: =AX19/AV19 -> #DIV/0! | AX19: =E19+W19 -> 0 | AY19: =F19+X19 -> 0 | AZ19: =BA19/AY19 -> #DIV/0! | BA19: =H19+Z19 -> 0 | BB19: =AJ19+AA19+I19 -> 0 | BC19: =BD19/BB19 -> #DIV/0! | BD19: =AL19+AC19+K19 -> 0 | BE19: =AM19+AD19+L19 -> 0 | BF19: =BG19/BE19 -> #DIV/0! | BG19: =AO19+AF19+N19 -> 0 | BH19: =AP19+AG19+O19 -> 0 | BI19: =BJ19/BH19 -> #DIV/0! | BJ19: =AR19+AI19+Q19 -> 0 | BK19: =AV19+AY19+BB19+BE19+BH19 -> 0 | BL19: =BM19/BK19 -> #DIV/0! | BM19: =AX19+BA19+BD19+BG19+BJ19 -> 0
A20: Panalingaan | B20: 70 | C20: 8.3 | D20: =E20/C20 -> 5.2 | E20: 43.16 | G20: =H20/F20 -> #DIV/0! | I20: 49.1 | J20: =K20/I20 -> 4 | K20: 196.4 | M20: =N20/L20 -> #DIV/0! | O20: 7.7 | P20: =Q20/O20 -> 3.2 | Q20: 24.64 | S20: =T20/R20 -> #DIV/0! | U20: 10 | V20: =W20/U20 -> 5.1 | W20: 51 | Y20: =Z20/X20 -> #DIV/0! | AA20: 26.4 | AB20: =AC20/AA20 -> 4 | AC20: 105.6 | AE20: =AF20/AD20 -> #DIV/0! | AG20: 2.5 | AH20: =AI20/AG20 -> 3.2 | AI20: 8 | AK20: =AL20/AJ20 -> #DIV/0! | AN20: =AO20/AM20 -> #DIV/0! | AQ20: =AR20/AP20 -> #DIV/0! | AT20: =AU20/AS20 -> #DIV/0! | AV20: =C20+U20 -> 18.3 | AW20: =AX20/AV20 -> 5.1453552 | AX20: =E20+W20 -> 94.16 | AY20: =F20+X20 -> 0 | AZ20: =BA20/AY20 -> #DIV/0! | BA20: =H20+Z20 -> 0 | BB20: =AJ20+AA20+I20 -> 75.5 | BC20: =BD20/BB20 -> 4 | BD20: =AL20+AC20+K20 -> 302 | BE20: =AM20+AD20+L20 -> 0 | BF20: =BG20/BE20 -> #DIV/0! | BG20: =AO20+AF20+N20 -> 0 | BH20: =AP20+AG20+O20 -> 10.2 | BI20: =BJ20/BH20 -> 3.2 | BJ20: =AR20+AI20+Q20 -> 32.64 | BK20: =AV20+AY20+BB20+BE20+BH20 -> 104 | BL20: =BM20/BK20 -> 4.1230769 | BM20: =AX20+BA20+BD20+BG20+BJ20 -> 428.8
A21: Punta Baja | B21: 24 | C21: 53.5 | D21: =E21/C21 -> 5.5 | E21: 294.25 | G21: =H21/F21 -> #DIV/0! | J21: =K21/I21 -> #DIV/0! | K21: 0 | M21: =N21/L21 -> #DIV/0! | P21: =Q21/O21 -> #DIV/0! | Q21: 0 | S21: =T21/R21 -> #DIV/0! | V21: =W21/U21 -> #DIV/0! | W21: 0 | Y21: =Z21/X21 -> #DIV/0! | AB21: =AC21/AA21 -> #DIV/0! | AC21: 0 | AE21: =AF21/AD21 -> #DIV/0! | AH21: =AI21/AG21 -> #DIV/0! | AI21: 0 | AK21: =AL21/AJ21 -> #DIV/0! | AN21: =AO21/AM21 -> #DIV/0! | AQ21: =AR21/AP21 -> #DIV/0! | AT21: =AU21/AS21 -> #DIV/0! | AV21: =C21+U21 -> 53.5 | AW21: =AX21/AV21 -> 5.5 | AX21: =E21+W21 -> 294.25 | AY21: =F21+X21 -> 0 | AZ21: =BA21/AY21 -> #DIV/0! | BA21: =H21+Z21 -> 0 | BB21: =AJ21+AA21+I21 -> 0 | BC21: =BD21/BB21 -> #DIV/0! | BD21: =AL21+AC21+K21 -> 0 | BE21: =AM21+AD21+L21 -> 0 | BF21: =BG21/BE21 -> #DIV/0! | BG21: =AO21+AF21+N21 -> 0 | BH21: =AP21+AG21+O21 -> 0 | BI21: =BJ21/BH21 -> #DIV/0! | BJ21: =AR21+AI21+Q21 -> 0 | BK21: =AV21+AY21+BB21+BE21+BH21 -> 53.5 | BL21: =BM21/BK21 -> 5.5 | BM21: =AX21+BA21+BD21+BG21+BJ21 -> 294.25
A22: Ransang | B22: 0 | D22: =E22/C22 -> #DIV/0! | E22: 0 | G22: =H22/F22 -> #DIV/0! | J22: =K22/I22 -> #DIV/0! | K22: 0 | M22: =N22/L22 -> #DIV/0! | P22: =Q22/O22 -> #DIV/0! | Q22: 0 | S22: =T22/R22 -> #DIV/0! | V22: =W22/U22 -> #DIV/0! | W22: 0 | Y22: =Z22/X22 -> #DIV/0! | AB22: =AC22/AA22 -> #DIV/0! | AC22: 0 | AE22: =AF22/AD22 -> #DIV/0! | AH22: =AI22/AG22 -> #DIV/0! | AI22: 0 | AK22: =AL22/AJ22 -> #DIV/0! | AN22: =AO22/AM22 -> #DIV/0! | AQ22: =AR22/AP22 -> #DIV/0! | AT22: =AU22/AS22 -> #DIV/0! | AV22: =C22+U22 -> 0 | AW22: =AX22/AV22 -> #DIV/0! | AX22: =E22+W22 -> 0 | AY22: =F22+X22 -> 0 | AZ22: =BA22/AY22 -> #DIV/0! | BA22: =H22+Z22 -> 0 | BB22: =AJ22+AA22+I22 -> 0 | BC22: =BD22/BB22 -> #DIV/0! | BD22: =AL22+AC22+K22 -> 0 | BE22: =AM22+AD22+L22 -> 0 | BF22: =BG22/BE22 -> #DIV/0! | BG22: =AO22+AF22+N22 -> 0 | BH22: =AP22+AG22+O22 -> 0 | BI22: =BJ22/BH22 -> #DIV/0! | BJ22: =AR22+AI22+Q22 -> 0 | BK22: =AV22+AY22+BB22+BE22+BH22 -> 0 | BL22: =BM22/BK22 -> #DIV/0! | BM22: =AX22+BA22+BD22+BG22+BJ22 -> 0
A23: Taburi | B23: 0 | D23: =E23/C23 -> #DIV/0! | E23: 0 | G23: =H23/F23 -> #DIV/0! | J23: =K23/I23 -> #DIV/0! | K23: 0 | M23: =N23/L23 -> #DIV/0! | P23: =Q23/O23 -> #DIV/0! | Q23: 0 | S23: =T23/R23 -> #DIV/0! | V23: =W23/U23 -> #DIV/0! | W23: 0 | Y23: =Z23/X23 -> #DIV/0! | AB23: =AC23/AA23 -> #DIV/0! | AC23: 0 | AE23: =AF23/AD23 -> #DIV/0! | AH23: =AI23/AG23 -> #DIV/0! | AI23: 0 | AK23: =AL23/AJ23 -> #DIV/0! | AN23: =AO23/AM23 -> #DIV/0! | AQ23: =AR23/AP23 -> #DIV/0! | AT23: =AU23/AS23 -> #DIV/0! | AV23: =C23+U23 -> 0 | AW23: =AX23/AV23 -> #DIV/0! | AX23: =E23+W23 -> 0 | AY23: =F23+X23 -> 0 | AZ23: =BA23/AY23 -> #DIV/0! | BA23: =H23+Z23 -> 0 | BB23: =AJ23+AA23+I23 -> 0 | BC23: =BD23/BB23 -> #DIV/0! | BD23: =AL23+AC23+K23 -> 0 | BE23: =AM23+AD23+L23 -> 0 | BF23: =BG23/BE23 -> #DIV/0! | BG23: =AO23+AF23+N23 -> 0 | BH23: =AP23+AG23+O23 -> 0 | BI23: =BJ23/BH23 -> #DIV/0! | BJ23: =AR23+AI23+Q23 -> 0 | BK23: =AV23+AY23+BB23+BE23+BH23 -> 0 | BL23: =BM23/BK23 -> #DIV/0! | BM23: =AX23+BA23+BD23+BG23+BJ23 -> 0
AV24: =C24+U24 -> 0 | AW24: =AX24/AV24 -> #DIV/0! | AX24: =E24+W24 -> 0 | AY24: =F24+X24 -> 0 | AZ24: =BA24/AY24 -> #DIV/0! | BA24: =H24+Z24 -> 0 | BB24: =AJ24+AA24+I24 -> 0 | BC24: =BD24/BB24 -> #DIV/0! | BD24: =AL24+AC24+K24 -> 0 | BE24: =AM24+AD24+L24 -> 0 | BF24: =BG24/BE24 -> #DIV/0! | BG24: =AO24+AF24+N24 -> 0 | BH24: =AP24+AG24+O24 -> 0 | BI24: =BJ24/BH24 -> #DIV/0! | BJ24: =AR24+AI24+Q24 -> 0 | BK24: =AV24+AY24+BB24+BE24+BH24 -> 0 | BL24: =BM24/BK24 -> #DIV/0! | BM24: =AX24+BA24+BD24+BG24+BJ24 -> 0
A25: - to be submitted every 15th and 30th day of the month
A26: - December 30 submission for terminal harvesting under WS cropping
A27: -

Sheet Mar 16-31
A1: Department of Agriculture
A2: REGIONAL FIELD OFFICE MIMAROPA
A3: Rice Program
A5: DRY SEASON 2026 Harvesting Report
A6: as of MARCH 31, 2026
A7: MUNICIPALITY / BARANGAY | B7: NO. OF FARMER HARVESTED | C7: IRRIGATED | U7: RAINFED | AV7: DS 2020-2021 | BN7: REMARKS
C9: HYBRID SEEDS | F9: REGISTERED SEEDS | I9: CERTIFIED SEEDS | L9: GOOD QUALITY SEEDS | O9: FARMERS HOME SAVED SEEDS / GS | R9: TOTAL | U9: LOWLAND | AJ9: UPLAND | AS9: TOTAL | AV9: HYBRID SEEDS | AY9: REGISTERED SEEDS | BB9: CERTIFIED SEEDS | BE9: GOOD QUALITY SEEDS | BH9: FARMERS HOME SAVED SEEDS / GS | BK9: TOTAL
U10: HYBRID SEEDS | X10: REGISTERED SEEDS | AA10: CERTIFIED SEEDS | AD10: GOOD QUALITY SEEDS | AG10: FARMERS HOME SAVED SEEDS | AJ10: CERTIFIED SEEDS | AM10: GOOD QUALITY SEEDS | AP10: FARMERS HOME SAVED SEEDS / GS
C11: Area Harvested (ha) | D11: Ave. Yield (mt/ha) | E11: Production (mt) | F11: Area Harvested (ha) | G11: Ave. Yield (mt/ha) | H11: Production (mt) | I11: Area Harvested (ha) | J11: Ave. Yield (mt/ha) | K11: Production (mt) | L11: Area Harvested (ha) | M11: Ave. Yield (mt/ha) | N11: Production (mt) | O11: Area Harvested (ha) | P11: Ave. Yield (mt/ha) | Q11: Production (mt) | R11: Area Harvested (ha) | S11: Ave. Yield (mt/ha) | T11: Production (mt) | U11: Area Harvested (ha) | V11: Ave. Yield (mt/ha) | W11: Production (mt) | X11: Area Harvested (ha) | Y11: Ave. Yield (mt/ha) | Z11: Production (mt) | AA11: Area Harvested (ha) | AB11: Ave. Yield (mt/ha) | AC11: Production (mt) | AD11: Area Harvested (ha) | AE11: Ave. Yield (mt/ha) | AF11: Production (mt) | AG11: Area Harvested (ha) | AH11: Ave. Yield (mt/ha) | AI11: Production (mt) | AJ11: Area Harvested (ha) | AK11: Ave. Yield (mt/ha) | AL11: Production (mt) | AM11: Area Harvested (ha) | AN11: Ave. Yield (mt/ha) | AO11: Production (mt) | AP11: Area Harvested (ha) | AQ11: Ave. Yield (mt/ha) | AR11: Production (mt) | AS11: Area Harvested (ha) | AT11: Ave. Yield (mt/ha) | AU11: Production (mt) | AV11: Area Harvested (ha) | AW11: Ave. Yield (mt/ha) | AX11: Production (mt) | AY11: Area Harvested (ha) | AZ11: Ave. Yield (mt/ha) | BA11: Production (mt) | BB11: Area Harvested (ha) | BC11: Ave. Yield (mt/ha) | BD11: Production (mt) | BE11: Area Harvested (ha) | BF11: Ave. Yield (mt/ha) | BG11: Production (mt) | BH11: Area Harvested (ha) | BI11: Ave. Yield (mt/ha) | BJ11: Production (mt) | BK11: Area Harvested (ha) | BL11: Ave. Yield (mt/ha) | BM11: Production (mt)
A12: Rizal | B12: =SUM(B13:B24) -> 274 | C12: =SUM(C13:C24) -> 280.5 | D12: =E12/C12 -> 5.2928699 | E12: =SUM(E13:E24) -> 1484.65 | F12: =SUM(F13:F24) -> 0 | G12: =H12/F12 -> #DIV/0! | H12: =SUM(H13:H24) -> 0 | I12: =SUM(I13:I24) -> 61.4 | J12: =K12/I12 -> 3.9552117 | K12: =SUM(K13:K24) -> 242.85 | L12: =SUM(L13:L24) -> 0 | M12: =N12/L12 -> #DIV/0! | N12: =SUM(N13:N24) -> 0 | O12: =SUM(O13:O24) -> 26.2 | P12: =Q12/O12 -> 3.2 | Q12: =SUM(Q13:Q24) -> 83.84 | R12: =SUM(R13:R24) -> 0 | S12: =T12/R12 -> #DIV/0! | T12: =SUM(T13:T24) -> 0 | U12: =SUM(U13:U24) -> 32.3 | V12: =W12/U12 -> 5.103096 | W12: =SUM(W13:W24) -> 164.83 | X12: =SUM(X13:X24) -> 0 | Y12: =Z12/X12 -> #DIV/0! | Z12: =SUM(Z13:Z24) -> 0 | AA12: =SUM(AA13:AA24) -> 46.5 | AB12: =AC12/AA12 -> 3.6511828 | AC12: =SUM(AC13:AC24) -> 169.78 | AD12: =SUM(AD13:AD24) -> 0 | AE12: =AF12/AD12 -> #DIV/0! | AF12: =SUM(AF13:AF24) -> 0 | AG12: =SUM(AG13:AG24) -> 34.1 | AH12: =AI12/AG12 -> 3 | AI12: =SUM(AI13:AI24) -> 102.3 | AJ12: =SUM(AJ13:AJ24) -> 0 | AK12: =AL12/AJ12 -> #DIV/0! | AL12: =SUM(AL13:AL24) -> 0 | AM12: =SUM(AM13:AM24) -> 0 | AN12: =AO12/AM12 -> #DIV/0! | AO12: =SUM(AO13:AO24) -> 0 | AP12: =SUM(AP13:AP24) -> 0 | AQ12: =AR12/AP12 -> #DIV/0! | AR12: =SUM(AR13:AR24) -> 0 | AS12: =SUM(AS13:AS24) -> 0 | AT12: =AU12/AS12 -> #DIV/0! | AU12: =SUM(AU13:AU24) -> 0 | AV12: =SUM(AV13:AV24) -> 312.8 | AW12: =AX12/AV12 -> 5.2732737 | AX12: =SUM(AX13:AX24) -> 1649.48 | AY12: =SUM(AY13:AY24) -> 0 | AZ12: =BA12/AY12 -> #DIV/0! | BA12: =SUM(BA13:BA24) -> 0 | BB12: =SUM(BB13:BB24) -> 107.9 | BC12: =BD12/BB12 -> 3.8241891 | BD12: =SUM(BD13:BD24) -> 412.63 | BE12: =SUM(BE13:BE24) -> 0 | BF12: =BG12/BE12 -> #DIV/0! | BG12: =SUM(BG13:BG24) -> 0 | BH12: =SUM(BH13:BH24) -> 60.3 | BI12: =BJ12/BH12 -> 3.0868988 | BJ12: =SUM(BJ13:BJ24) -> 186.14 | BK12: =SUM(BK13:BK24) -> 481 | BL12: =BM12/BK12 -> 4.6741164 | BM12: =SUM(BM13:BM24) -> 2248.25
A13: Bunog | B13: 59 | C13: 1 | D13: =E13/C13 -> 5 | E13: 5 | G13: =H13/F13 -> #DIV/0! | I13: 5.5 | J13: =K13/I13 -> 3.9 | K13: 21.45 | M13: =N13/L13 -> #DIV/0! | O13: 8.1 | P13: =Q13/O13 -> 3.2 | Q13: 25.92 | S13: =T13/R13 -> #DIV/0! | U13: 10.3 | V13: =W13/U13 -> 5.1 | W13: 52.53 | Y13: =Z13/X13 -> #DIV/0! | AA13: 24 | AB13: =AC13/AA13 -> 3.6 | AC13: 86.4 | AE13: =AF13/AD13 -> #DIV/0! | AG13: 23.6 | AH13: =AI13/AG13 -> 3 | AI13: 70.8 | AK13: =AL13/AJ13 -> #DIV/0! | AN13: =AO13/AM13 -> #DIV/0! | AQ13: =AR13/AP13 -> #DIV/0! | AT13: =AU13/AS13 -> #DIV/0! | AV13: =C13+U13 -> 11.3 | AW13: =AX13/AV13 -> 5.0911504 | AX13: =E13+W13 -> 57.53 | AY13: =F13+X13 -> 0 | AZ13: =BA13/AY13 -> #DIV/0! | BA13: =H13+Z13 -> 0 | BB13: =AJ13+AA13+I13 -> 29.5 | BC13: =BD13/BB13 -> 3.6559322 | BD13: =AL13+AC13+K13 -> 107.85 | BE13: =AM13+AD13+L13 -> 0 | BF13: =BG13/BE13 -> #DIV/0! | BG13: =AO13+AF13+N13 -> 0 | BH13: =AP13+AG13+O13 -> 31.7 | BI13: =BJ13/BH13 -> 3.0511041 | BJ13: =AR13+AI13+Q13 -> 96.72 | BK13: =AV13+AY13+BB13+BE13+BH13 -> 72.5 | BL13: =BM13/BK13 -> 3.6151724 | BM13: =AX13+BA13+BD13+BG13+BJ13 -> 262.1
A14: Campong Ulay | B14: 25 | C14: 3.8 | D14: =E14/C14 -> 5 | E14: 19 | G14: =H14/F14 -> #DIV/0! | I14: 15.3 | J14: =K14/I14 -> 4 | K14: 61.2 | M14: =N14/L14 -> #DIV/0! | O14: 11.7 | P14: =Q14/O14 -> 3.2 | Q14: 37.44 | S14: =T14/R14 -> #DIV/0! | V14: =W14/U14 -> #DIV/0! | W14: 0 | Y14: =Z14/X14 -> #DIV/0! | AB14: =AC14/AA14 -> #DIV/0! | AC14: 0 | AE14: =AF14/AD14 -> #DIV/0! | AH14: =AI14/AG14 -> #DIV/0! | AI14: 0 | AK14: =AL14/AJ14 -> #DIV/0! | AN14: =AO14/AM14 -> #DIV/0! | AQ14: =AR14/AP14 -> #DIV/0! | AT14: =AU14/AS14 -> #DIV/0! | AV14: =C14+U14 -> 3.8 | AW14: =AX14/AV14 -> 5 | AX14: =E14+W14 -> 19 | AY14: =F14+X14 -> 0 | AZ14: =BA14/AY14 -> #DIV/0! | BA14: =H14+Z14 -> 0 | BB14: =AJ14+AA14+I14 -> 15.3 | BC14: =BD14/BB14 -> 4 | BD14: =AL14+AC14+K14 -> 61.2 | BE14: =AM14+AD14+L14 -> 0 | BF14: =BG14/BE14 -> #DIV/0! | BG14: =AO14+AF14+N14 -> 0 | BH14: =AP14+AG14+O14 -> 11.7 | BI14: =BJ14/BH14 -> 3.2 | BJ14: =AR14+AI14+Q14 -> 37.44 | BK14: =AV14+AY14+BB14+BE14+BH14 -> 30.8 | BL14: =BM14/BK14 -> 3.8194805 | BM14: =AX14+BA14+BD14+BG14+BJ14 -> 117.64
A15: Candawaga | B15: 137 | C15: 272.9 | D15: =E15/C15 -> 5.3 | E15: 1446.37 | G15: =H15/F15 -> #DIV/0! | J15: =K15/I15 -> #DIV/0! | K15: 0 | M15: =N15/L15 -> #DIV/0! | P15: =Q15/O15 -> #DIV/0! | Q15: 0 | S15: =T15/R15 -> #DIV/0! | U15: 15 | V15: =W15/U15 -> 5.2 | W15: 78 | Y15: =Z15/X15 -> #DIV/0! | AB15: =AC15/AA15 -> #DIV/0! | AC15: 0 | AE15: =AF15/AD15 -> #DIV/0! | AH15: =AI15/AG15 -> #DIV/0! | AI15: 0 | AK15: =AL15/AJ15 -> #DIV/0! | AN15: =AO15/AM15 -> #DIV/0! | AQ15: =AR15/AP15 -> #DIV/0! | AT15: =AU15/AS15 -> #DIV/0! | AV15: =C15+U15 -> 287.9 | AW15: =AX15/AV15 -> 5.2947899 | AX15: =E15+W15 -> 1524.37 | AY15: =F15+X15 -> 0 | AZ15: =BA15/AY15 -> #DIV/0! | BA15: =H15+Z15 -> 0 | BB15: =AJ15+AA15+I15 -> 0 | BC15: =BD15/BB15 -> #DIV/0! | BD15: =AL15+AC15+K15 -> 0 | BE15: =AM15+AD15+L15 -> 0 | BF15: =BG15/BE15 -> #DIV/0! | BG15: =AO15+AF15+N15 -> 0 | BH15: =AP15+AG15+O15 -> 0 | BI15: =BJ15/BH15 -> #DIV/0! | BJ15: =AR15+AI15+Q15 -> 0 | BK15: =AV15+AY15+BB15+BE15+BH15 -> 287.9 | BL15: =BM15/BK15 -> 5.2947899 | BM15: =AX15+BA15+BD15+BG15+BJ15 -> 1524.37
A16: Canipaan | B16: 12 | D16: =E16/C16 -> #DIV/0! | E16: 0 | G16: =H16/F16 -> #DIV/0! | J16: =K16/I16 -> #DIV/0! | K16: 0 | M16: =N16/L16 -> #DIV/0! | P16: =Q16/O16 -> #DIV/0! | Q16: 0 | S16: =T16/R16 -> #DIV/0! | U16: 7 | V16: =W16/U16 -> 4.9 | W16: 34.3 | Y16: =Z16/X16 -> #DIV/0! | AA16: 11.3 | AB16: =AC16/AA16 -> 3.7 | AC16: 41.81 | AE16: =AF16/AD16 -> #DIV/0! | AH16: =AI16/AG16 -> #DIV/0! | AI16: 0 | AK16: =AL16/AJ16 -> #DIV/0! | AN16: =AO16/AM16 -> #DIV/0! | AQ16: =AR16/AP16 -> #DIV/0! | AT16: =AU16/AS16 -> #DIV/0! | AV16: =C16+U16 -> 7 | AW16: =AX16/AV16 -> 4.9 | AX16: =E16+W16 -> 34.3 | AY16: =F16+X16 -> 0 | AZ16: =BA16/AY16 -> #DIV/0! | BA16: =H16+Z16 -> 0 | BB16: =AJ16+AA16+I16 -> 11.3 | BC16: =BD16/BB16 -> 3.7 | BD16: =AL16+AC16+K16 -> 41.81 | BE16: =AM16+AD16+L16 -> 0 | BF16: =BG16/BE16 -> #DIV/0! | BG16: =AO16+AF16+N16 -> 0 | BH16: =AP16+AG16+O16 -> 0 | BI16: =BJ16/BH16 -> #DIV/0! | BJ16: =AR16+AI16+Q16 -> 0 | BK16: =AV16+AY16+BB16+BE16+BH16 -> 18.3 | BL16: =BM16/BK16 -> 4.1590164 | BM16: =AX16+BA16+BD16+BG16+BJ16 -> 76.11
A17: Culasian | B17: 0 | D17: =E17/C17 -> #DIV/0! | E17: 0 | G17: =H17/F17 -> #DIV/0! | J17: =K17/I17 -> #DIV/0! | K17: 0 | M17: =N17/L17 -> #DIV/0! | P17: =Q17/O17 -> #DIV/0! | Q17: 0 | S17: =T17/R17 -> #DIV/0! | V17: =W17/U17 -> #DIV/0! | W17: 0 | Y17: =Z17/X17 -> #DIV/0! | AB17: =AC17/AA17 -> #DIV/0! | AC17: 0 | AE17: =AF17/AD17 -> #DIV/0! | AH17: =AI17/AG17 -> #DIV/0! | AI17: 0 | AK17: =AL17/AJ17 -> #DIV/0! | AN17: =AO17/AM17 -> #DIV/0! | AQ17: =AR17/AP17 -> #DIV/0! | AT17: =AU17/AS17 -> #DIV/0! | AV17: =C17+U17 -> 0 | AW17: =AX17/AV17 -> #DIV/0! | AX17: =E17+W17 -> 0 | AY17: =F17+X17 -> 0 | AZ17: =BA17/AY17 -> #DIV/0! | BA17: =H17+Z17 -> 0 | BB17: =AJ17+AA17+I17 -> 0 | BC17: =BD17/BB17 -> #DIV/0! | BD17: =AL17+AC17+K17 -> 0 | BE17: =AM17+AD17+L17 -> 0 | BF17: =BG17/BE17 -> #DIV/0! | BG17: =AO17+AF17+N17 -> 0 | BH17: =AP17+AG17+O17 -> 0 | BI17: =BJ17/BH17 -> #DIV/0! | BJ17: =AR17+AI17+Q17 -> 0 | BK17: =AV17+AY17+BB17+BE17+BH17 -> 0 | BL17: =BM17/BK17 -> #DIV/0! | BM17: =AX17+BA17+BD17+BG17+BJ17 -> 0
A18: Iraan | B18: 28 | D18: =E18/C18 -> #DIV/0! | E18: 0 | G18: =H18/F18 -> #DIV/0! | I18: 20.8 | J18: =K18/I18 -> 4 | K18: 83.2 | M18: =N18/L18 -> #DIV/0! | O18: 5.2 | P18: =Q18/O18 -> 3.2 | Q18: 16.64 | S18: =T18/R18 -> #DIV/0! | V18: =W18/U18 -> #DIV/0! | W18: 0 | Y18: =Z18/X18 -> #DIV/0! | AA18: 9.9 | AB18: =AC18/AA18 -> 3.7 | AC18: 36.63 | AE18: =AF18/AD18 -> #DIV/0! | AG18: 10.5 | AH18: =AI18/AG18 -> 3 | AI18: 31.5 | AK18: =AL18/AJ18 -> #DIV/0! | AN18: =AO18/AM18 -> #DIV/0! | AQ18: =AR18/AP18 -> #DIV/0! | AT18: =AU18/AS18 -> #DIV/0! | AV18: =C18+U18 -> 0 | AW18: =AX18/AV18 -> #DIV/0! | AX18: =E18+W18 -> 0 | AY18: =F18+X18 -> 0 | AZ18: =BA18/AY18 -> #DIV/0! | BA18: =H18+Z18 -> 0 | BB18: =AJ18+AA18+I18 -> 30.7 | BC18: =BD18/BB18 -> 3.9032573 | BD18: =AL18+AC18+K18 -> 119.83 | BE18: =AM18+AD18+L18 -> 0 | BF18: =BG18/BE18 -> #DIV/0! | BG18: =AO18+AF18+N18 -> 0 | BH18: =AP18+AG18+O18 -> 15.7 | BI18: =BJ18/BH18 -> 3.066242 | BJ18: =AR18+AI18+Q18 -> 48.14 | BK18: =AV18+AY18+BB18+BE18+BH18 -> 46.4 | BL18: =BM18/BK18 -> 3.6200431 | BM18: =AX18+BA18+BD18+BG18+BJ18 -> 167.97
A19: Latud | B19: 0 | D19: =E19/C19 -> #DIV/0! | E19: 0 | G19: =H19/F19 -> #DIV/0! | J19: =K19/I19 -> #DIV/0! | K19: 0 | M19: =N19/L19 -> #DIV/0! | P19: =Q19/O19 -> #DIV/0! | Q19: 0 | S19: =T19/R19 -> #DIV/0! | V19: =W19/U19 -> #DIV/0! | W19: 0 | Y19: =Z19/X19 -> #DIV/0! | AB19: =AC19/AA19 -> #DIV/0! | AC19: 0 | AE19: =AF19/AD19 -> #DIV/0! | AH19: =AI19/AG19 -> #DIV/0! | AI19: 0 | AK19: =AL19/AJ19 -> #DIV/0! | AN19: =AO19/AM19 -> #DIV/0! | AQ19: =AR19/AP19 -> #DIV/0! | AT19: =AU19/AS19 -> #DIV/0! | AV19: =C19+U19 -> 0 | AW19: =AX19/AV19 -> #DIV/0! | AX19: =E19+W19 -> 0 | AY19: =F19+X19 -> 0 | AZ19: =BA19/AY19 -> #DIV/0! | BA19: =H19+Z19 -> 0 | BB19: =AJ19+AA19+I19 -> 0 | BC19: =BD19/BB19 -> #DIV/0! | BD19: =AL19+AC19+K19 -> 0 | BE19: =AM19+AD19+L19 -> 0 | BF19: =BG19/BE19 -> #DIV/0! | BG19: =AO19+AF19+N19 -> 0 | BH19: =AP19+AG19+O19 -> 0 | BI19: =BJ19/BH19 -> #DIV/0! | BJ19: =AR19+AI19+Q19 -> 0 | BK19: =AV19+AY19+BB19+BE19+BH19 -> 0 | BL19: =BM19/BK19 -> #DIV/0! | BM19: =AX19+BA19+BD19+BG19+BJ19 -> 0
A20: Panalingaan | B20: 8 | C20: 2.8 | D20: =E20/C20 -> 5.1 | E20: 14.28 | G20: =H20/F20 -> #DIV/0! | I20: 8.8 | J20: =K20/I20 -> 4 | K20: 35.2 | M20: =N20/L20 -> #DIV/0! | O20: 1.2 | P20: =Q20/O20 -> 3.2 | Q20: 3.84 | S20: =T20/R20 -> #DIV/0! | V20: =W20/U20 -> #DIV/0! | W20: 0 | Y20: =Z20/X20 -> #DIV/0! | AA20: 1.3 | AB20: =AC20/AA20 -> 3.8 | AC20: 4.94 | AE20: =AF20/AD20 -> #DIV/0! | AH20: =AI20/AG20 -> #DIV/0! | AI20: 0 | AK20: =AL20/AJ20 -> #DIV/0! | AN20: =AO20/AM20 -> #DIV/0! | AQ20: =AR20/AP20 -> #DIV/0! | AT20: =AU20/AS20 -> #DIV/0! | AV20: =C20+U20 -> 2.8 | AW20: =AX20/AV20 -> 5.1 | AX20: =E20+W20 -> 14.28 | AY20: =F20+X20 -> 0 | AZ20: =BA20/AY20 -> #DIV/0! | BA20: =H20+Z20 -> 0 | BB20: =AJ20+AA20+I20 -> 10.1 | BC20: =BD20/BB20 -> 3.9742574 | BD20: =AL20+AC20+K20 -> 40.14 | BE20: =AM20+AD20+L20 -> 0 | BF20: =BG20/BE20 -> #DIV/0! | BG20: =AO20+AF20+N20 -> 0 | BH20: =AP20+AG20+O20 -> 1.2 | BI20: =BJ20/BH20 -> 3.2 | BJ20: =AR20+AI20+Q20 -> 3.84 | BK20: =AV20+AY20+BB20+BE20+BH20 -> 14.1 | BL20: =BM20/BK20 -> 4.1319149 | BM20: =AX20+BA20+BD20+BG20+BJ20 -> 58.26
A21: Punta Baja | B21: 5 | D21: =E21/C21 -> #DIV/0! | E21: 0 | G21: =H21/F21 -> #DIV/0! | I21: 11 | J21: =K21/I21 -> 3.8 | K21: 41.8 | M21: =N21/L21 -> #DIV/0! | P21: =Q21/O21 -> #DIV/0! | Q21: 0 | S21: =T21/R21 -> #DIV/0! | V21: =W21/U21 -> #DIV/0! | W21: 0 | Y21: =Z21/X21 -> #DIV/0! | AB21: =AC21/AA21 -> #DIV/0! | AC21: 0 | AE21: =AF21/AD21 -> #DIV/0! | AH21: =AI21/AG21 -> #DIV/0! | AI21: 0 | AK21: =AL21/AJ21 -> #DIV/0! | AN21: =AO21/AM21 -> #DIV/0! | AQ21: =AR21/AP21 -> #DIV/0! | AT21: =AU21/AS21 -> #DIV/0! | AV21: =C21+U21 -> 0 | AW21: =AX21/AV21 -> #DIV/0! | AX21: =E21+W21 -> 0 | AY21: =F21+X21 -> 0 | AZ21: =BA21/AY21 -> #DIV/0! | BA21: =H21+Z21 -> 0 | BB21: =AJ21+AA21+I21 -> 11 | BC21: =BD21/BB21 -> 3.8 | BD21: =AL21+AC21+K21 -> 41.8 | BE21: =AM21+AD21+L21 -> 0 | BF21: =BG21/BE21 -> #DIV/0! | BG21: =AO21+AF21+N21 -> 0 | BH21: =AP21+AG21+O21 -> 0 | BI21: =BJ21/BH21 -> #DIV/0! | BJ21: =AR21+AI21+Q21 -> 0 | BK21: =AV21+AY21+BB21+BE21+BH21 -> 11 | BL21: =BM21/BK21 -> 3.8 | BM21: =AX21+BA21+BD21+BG21+BJ21 -> 41.8
A22: Ransang | B22: 0 | D22: =E22/C22 -> #DIV/0! | E22: 0 | G22: =H22/F22 -> #DIV/0! | J22: =K22/I22 -> #DIV/0! | K22: 0 | M22: =N22/L22 -> #DIV/0! | P22: =Q22/O22 -> #DIV/0! | Q22: 0 | S22: =T22/R22 -> #DIV/0! | V22: =W22/U22 -> #DIV/0! | W22: 0 | Y22: =Z22/X22 -> #DIV/0! | AB22: =AC22/AA22 -> #DIV/0! | AC22: 0 | AE22: =AF22/AD22 -> #DIV/0! | AH22: =AI22/AG22 -> #DIV/0! | AI22: 0 | AK22: =AL22/AJ22 -> #DIV/0! | AN22: =AO22/AM22 -> #DIV/0! | AQ22: =AR22/AP22 -> #DIV/0! | AT22: =AU22/AS22 -> #DIV/0! | AV22: =C22+U22 -> 0 | AW22: =AX22/AV22 -> #DIV/0! | AX22: =E22+W22 -> 0 | AY22: =F22+X22 -> 0 | AZ22: =BA22/AY22 -> #DIV/0! | BA22: =H22+Z22 -> 0 | BB22: =AJ22+AA22+I22 -> 0 | BC22: =BD22/BB22 -> #DIV/0! | BD22: =AL22+AC22+K22 -> 0 | BE22: =AM22+AD22+L22 -> 0 | BF22: =BG22/BE22 -> #DIV/0! | BG22: =AO22+AF22+N22 -> 0 | BH22: =AP22+AG22+O22 -> 0 | BI22: =BJ22/BH22 -> #DIV/0! | BJ22: =AR22+AI22+Q22 -> 0 | BK22: =AV22+AY22+BB22+BE22+BH22 -> 0 | BL22: =BM22/BK22 -> #DIV/0! | BM22: =AX22+BA22+BD22+BG22+BJ22 -> 0
A23: Taburi | B23: 0 | D23: =E23/C23 -> #DIV/0! | E23: 0 | G23: =H23/F23 -> #DIV/0! | J23: =K23/I23 -> #DIV/0! | K23: 0 | M23: =N23/L23 -> #DIV/0! | P23: =Q23/O23 -> #DIV/0! | Q23: 0 | S23: =T23/R23 -> #DIV/0! | V23: =W23/U23 -> #DIV/0! | W23: 0 | Y23: =Z23/X23 -> #DIV/0! | AB23: =AC23/AA23 -> #DIV/0! | AC23: 0 | AE23: =AF23/AD23 -> #DIV/0! | AH23: =AI23/AG23 -> #DIV/0! | AI23: 0 | AK23: =AL23/AJ23 -> #DIV/0! | AN23: =AO23/AM23 -> #DIV/0! | AQ23: =AR23/AP23 -> #DIV/0! | AT23: =AU23/AS23 -> #DIV/0! | AV23: =C23+U23 -> 0 | AW23: =AX23/AV23 -> #DIV/0! | AX23: =E23+W23 -> 0 | AY23: =F23+X23 -> 0 | AZ23: =BA23/AY23 -> #DIV/0! | BA23: =H23+Z23 -> 0 | BB23: =AJ23+AA23+I23 -> 0 | BC23: =BD23/BB23 -> #DIV/0! | BD23: =AL23+AC23+K23 -> 0 | BE23: =AM23+AD23+L23 -> 0 | BF23: =BG23/BE23 -> #DIV/0! | BG23: =AO23+AF23+N23 -> 0 | BH23: =AP23+AG23+O23 -> 0 | BI23: =BJ23/BH23 -> #DIV/0! | BJ23: =AR23+AI23+Q23 -> 0 | BK23: =AV23+AY23+BB23+BE23+BH23 -> 0 | BL23: =BM23/BK23 -> #DIV/0! | BM23: =AX23+BA23+BD23+BG23+BJ23 -> 0
AV24: =C24+U24 -> 0 | AW24: =AX24/AV24 -> #DIV/0! | AX24: =E24+W24 -> 0 | AY24: =F24+X24 -> 0 | AZ24: =BA24/AY24 -> #DIV/0! | BA24: =H24+Z24 -> 0 | BB24: =AJ24+AA24+I24 -> 0 | BC24: =BD24/BB24 -> #DIV/0! | BD24: =AL24+AC24+K24 -> 0 | BE24: =AM24+AD24+L24 -> 0 | BF24: =BG24/BE24 -> #DIV/0! | BG24: =AO24+AF24+N24 -> 0 | BH24: =AP24+AG24+O24 -> 0 | BI24: =BJ24/BH24 -> #DIV/0! | BJ24: =AR24+AI24+Q24 -> 0 | BK24: =AV24+AY24+BB24+BE24+BH24 -> 0 | BL24: =BM24/BK24 -> #DIV/0! | BM24: =AX24+BA24+BD24+BG24+BJ24 -> 0
A25: - to be submitted every 15th and 30th day of the month
A26: - December 30 submission for terminal harvesting under WS cropping
A27: -

Sheet Apr 1-15
A1: Department of Agriculture
A2: REGIONAL FIELD OFFICE MIMAROPA
A3: Rice Program
A5: DRY SEASON 2026 Harvesting Report
A6: as of April 15, 2026
A7: MUNICIPALITY / BARANGAY | B7: NO. OF FARMER HARVESTED | C7: IRRIGATED | U7: RAINFED | AV7: DS 2020-2021 | BN7: REMARKS
C9: HYBRID SEEDS | F9: REGISTERED SEEDS | I9: CERTIFIED SEEDS | L9: GOOD QUALITY SEEDS | O9: FARMERS HOME SAVED SEEDS / GS | R9: TOTAL | U9: LOWLAND | AJ9: UPLAND | AS9: TOTAL | AV9: HYBRID SEEDS | AY9: REGISTERED SEEDS | BB9: CERTIFIED SEEDS | BE9: GOOD QUALITY SEEDS | BH9: FARMERS HOME SAVED SEEDS / GS | BK9: TOTAL
U10: HYBRID SEEDS | X10: REGISTERED SEEDS | AA10: CERTIFIED SEEDS | AD10: GOOD QUALITY SEEDS | AG10: FARMERS HOME SAVED SEEDS | AJ10: CERTIFIED SEEDS | AM10: GOOD QUALITY SEEDS | AP10: FARMERS HOME SAVED SEEDS / GS
C11: Area Harvested (ha) | D11: Ave. Yield (mt/ha) | E11: Production (mt) | F11: Area Harvested (ha) | G11: Ave. Yield (mt/ha) | H11: Production (mt) | I11: Area Harvested (ha) | J11: Ave. Yield (mt/ha) | K11: Production (mt) | L11: Area Harvested (ha) | M11: Ave. Yield (mt/ha) | N11: Production (mt) | O11: Area Harvested (ha) | P11: Ave. Yield (mt/ha) | Q11: Production (mt) | R11: Area Harvested (ha) | S11: Ave. Yield (mt/ha) | T11: Production (mt) | U11: Area Harvested (ha) | V11: Ave. Yield (mt/ha) | W11: Production (mt) | X11: Area Harvested (ha) | Y11: Ave. Yield (mt/ha) | Z11: Production (mt) | AA11: Area Harvested (ha) | AB11: Ave. Yield (mt/ha) | AC11: Production (mt) | AD11: Area Harvested (ha) | AE11: Ave. Yield (mt/ha) | AF11: Production (mt) | AG11: Area Harvested (ha) | AH11: Ave. Yield (mt/ha) | AI11: Production (mt) | AJ11: Area Harvested (ha) | AK11: Ave. Yield (mt/ha) | AL11: Production (mt) | AM11: Area Harvested (ha) | AN11: Ave. Yield (mt/ha) | AO11: Production (mt) | AP11: Area Harvested (ha) | AQ11: Ave. Yield (mt/ha) | AR11: Production (mt) | AS11: Area Harvested (ha) | AT11: Ave. Yield (mt/ha) | AU11: Production (mt) | AV11: Area Harvested (ha) | AW11: Ave. Yield (mt/ha) | AX11: Production (mt) | AY11: Area Harvested (ha) | AZ11: Ave. Yield (mt/ha) | BA11: Production (mt) | BB11: Area Harvested (ha) | BC11: Ave. Yield (mt/ha) | BD11: Production (mt) | BE11: Area Harvested (ha) | BF11: Ave. Yield (mt/ha) | BG11: Production (mt) | BH11: Area Harvested (ha) | BI11: Ave. Yield (mt/ha) | BJ11: Production (mt) | BK11: Area Harvested (ha) | BL11: Ave. Yield (mt/ha) | BM11: Production (mt)
A12: Rizal | B12: =SUM(B13:B24) -> 272 | C12: =SUM(C13:C24) -> 115 | D12: =E12/C12 -> 5.2446957 | E12: =SUM(E13:E24) -> 603.14 | F12: =SUM(F13:F24) -> 0 | G12: =H12/F12 -> #DIV/0! | H12: =SUM(H13:H24) -> 0 | I12: =SUM(I13:I24) -> 296.7 | J12: =K12/I12 -> 3.9595551 | K12: =SUM(K13:K24) -> 1174.8 | L12: =SUM(L13:L24) -> 0 | M12: =N12/L12 -> #DIV/0! | N12: =SUM(N13:N24) -> 0 | O12: =SUM(O13:O24) -> 23.1 | P12: =Q12/O12 -> 3.2 | Q12: =SUM(Q13:Q24) -> 73.92 | R12: =SUM(R13:R24) -> 0 | S12: =T12/R12 -> #DIV/0! | T12: =SUM(T13:T24) -> 0 | U12: =SUM(U13:U24) -> 80.4 | V12: =W12/U12 -> 4.9298507 | W12: =SUM(W13:W24) -> 396.36 | X12: =SUM(X13:X24) -> 0 | Y12: =Z12/X12 -> #DIV/0! | Z12: =SUM(Z13:Z24) -> 0 | AA12: =SUM(AA13:AA24) -> 222.1 | AB12: =AC12/AA12 -> 3.801846 | AC12: =SUM(AC13:AC24) -> 844.39 | AD12: =SUM(AD13:AD24) -> 0 | AE12: =AF12/AD12 -> #DIV/0! | AF12: =SUM(AF13:AF24) -> 0 | AG12: =SUM(AG13:AG24) -> 18 | AH12: =AI12/AG12 -> 3.1777778 | AI12: =SUM(AI13:AI24) -> 57.2 | AJ12: =SUM(AJ13:AJ24) -> 0 | AK12: =AL12/AJ12 -> #DIV/0! | AL12: =SUM(AL13:AL24) -> 0 | AM12: =SUM(AM13:AM24) -> 0 | AN12: =AO12/AM12 -> #DIV/0! | AO12: =SUM(AO13:AO24) -> 0 | AP12: =SUM(AP13:AP24) -> 0 | AQ12: =AR12/AP12 -> #DIV/0! | AR12: =SUM(AR13:AR24) -> 0 | AS12: =SUM(AS13:AS24) -> 0 | AT12: =AU12/AS12 -> #DIV/0! | AU12: =SUM(AU13:AU24) -> 0 | AV12: =SUM(AV13:AV24) -> 195.4 | AW12: =AX12/AV12 -> 5.1151484 | AX12: =SUM(AX13:AX24) -> 999.5 | AY12: =SUM(AY13:AY24) -> 0 | AZ12: =BA12/AY12 -> #DIV/0! | BA12: =SUM(BA13:BA24) -> 0 | BB12: =SUM(BB13:BB24) -> 518.8 | BC12: =BD12/BB12 -> 3.8920393 | BD12: =SUM(BD13:BD24) -> 2019.19 | BE12: =SUM(BE13:BE24) -> 0 | BF12: =BG12/BE12 -> #DIV/0! | BG12: =SUM(BG13:BG24) -> 0 | BH12: =SUM(BH13:BH24) -> 41.1 | BI12: =BJ12/BH12 -> 3.1902676 | BJ12: =SUM(BJ13:BJ24) -> 131.12 | BK12: =SUM(BK13:BK24) -> 755.3 | BL12: =BM12/BK12 -> 4.1702767 | BM12: =SUM(BM13:BM24) -> 3149.81
A13: Bunog | B13: 11 | C13: 2 | D13: =E13/C13 -> 5 | E13: 10 | G13: =H13/F13 -> #DIV/0! | I13: 5 | J13: =K13/I13 -> 3.9 | K13: 19.5 | M13: =N13/L13 -> #DIV/0! | O13: 2 | P13: =Q13/O13 -> 3.2 | Q13: 6.4 | S13: =T13/R13 -> #DIV/0! | U13: 3 | V13: =W13/U13 -> 5.1 | W13: 15.3 | Y13: =Z13/X13 -> #DIV/0! | AA13: 5 | AB13: =AC13/AA13 -> 3.6 | AC13: 18 | AE13: =AF13/AD13 -> #DIV/0! | AG13: 2 | AH13: =AI13/AG13 -> 3 | AI13: 6 | AK13: =AL13/AJ13 -> #DIV/0! | AN13: =AO13/AM13 -> #DIV/0! | AQ13: =AR13/AP13 -> #DIV/0! | AT13: =AU13/AS13 -> #DIV/0! | AV13: =C13+U13 -> 5 | AW13: =AX13/AV13 -> 5.06 | AX13: =E13+W13 -> 25.3 | AY13: =F13+X13 -> 0 | AZ13: =BA13/AY13 -> #DIV/0! | BA13: =H13+Z13 -> 0 | BB13: =AJ13+AA13+I13 -> 10 | BC13: =BD13/BB13 -> 3.75 | BD13: =AL13+AC13+K13 -> 37.5 | BE13: =AM13+AD13+L13 -> 0 | BF13: =BG13/BE13 -> #DIV/0! | BG13: =AO13+AF13+N13 -> 0 | BH13: =AP13+AG13+O13 -> 4 | BI13: =BJ13/BH13 -> 3.1 | BJ13: =AR13+AI13+Q13 -> 12.4 | BK13: =AV13+AY13+BB13+BE13+BH13 -> 19 | BL13: =BM13/BK13 -> 3.9578947 | BM13: =AX13+BA13+BD13+BG13+BJ13 -> 75.2
A14: Campong Ulay | B14: 20 | C14: 10.5 | D14: =E14/C14 -> 5 | E14: 52.5 | G14: =H14/F14 -> #DIV/0! | I14: 24.9 | J14: =K14/I14 -> 4 | K14: 99.6 | M14: =N14/L14 -> #DIV/0! | O14: 10.3 | P14: =Q14/O14 -> 3.2 | Q14: 32.96 | S14: =T14/R14 -> #DIV/0! | U14: 0 | V14: =W14/U14 -> #DIV/0! | W14: 0 | Y14: =Z14/X14 -> #DIV/0! | AA14: 0 | AB14: =AC14/AA14 -> #DIV/0! | AC14: 0 | AE14: =AF14/AD14 -> #DIV/0! | AG14: 0 | AH14: =AI14/AG14 -> #DIV/0! | AI14: 0 | AK14: =AL14/AJ14 -> #DIV/0! | AN14: =AO14/AM14 -> #DIV/0! | AQ14: =AR14/AP14 -> #DIV/0! | AT14: =AU14/AS14 -> #DIV/0! | AV14: =C14+U14 -> 10.5 | AW14: =AX14/AV14 -> 5 | AX14: =E14+W14 -> 52.5 | AY14: =F14+X14 -> 0 | AZ14: =BA14/AY14 -> #DIV/0! | BA14: =H14+Z14 -> 0 | BB14: =AJ14+AA14+I14 -> 24.9 | BC14: =BD14/BB14 -> 4 | BD14: =AL14+AC14+K14 -> 99.6 | BE14: =AM14+AD14+L14 -> 0 | BF14: =BG14/BE14 -> #DIV/0! | BG14: =AO14+AF14+N14 -> 0 | BH14: =AP14+AG14+O14 -> 10.3 | BI14: =BJ14/BH14 -> 3.2 | BJ14: =AR14+AI14+Q14 -> 32.96 | BK14: =AV14+AY14+BB14+BE14+BH14 -> 45.7 | BL14: =BM14/BK14 -> 4.049453 | BM14: =AX14+BA14+BD14+BG14+BJ14 -> 185.06
A15: Candawaga | B15: 43 | C15: 28.8 | D15: =E15/C15 -> 5.3 | E15: 152.64 | G15: =H15/F15 -> #DIV/0! | I15: 67.4 | J15: =K15/I15 -> 4.2 | K15: 283.08 | M15: =N15/L15 -> #DIV/0! | P15: =Q15/O15 -> #DIV/0! | Q15: 0 | S15: =T15/R15 -> #DIV/0! | U15: 12 | V15: =W15/U15 -> 5.2 | W15: 62.4 | Y15: =Z15/X15 -> #DIV/0! | AA15: 22.6 | AB15: =AC15/AA15 -> 4 | AC15: 90.4 | AE15: =AF15/AD15 -> #DIV/0! | AH15: =AI15/AG15 -> #DIV/0! | AI15: 0 | AK15: =AL15/AJ15 -> #DIV/0! | AN15: =AO15/AM15 -> #DIV/0! | AQ15: =AR15/AP15 -> #DIV/0! | AT15: =AU15/AS15 -> #DIV/0! | AV15: =C15+U15 -> 40.8 | AW15: =AX15/AV15 -> 5.2705882 | AX15: =E15+W15 -> 215.04 | AY15: =F15+X15 -> 0 | AZ15: =BA15/AY15 -> #DIV/0! | BA15: =H15+Z15 -> 0 | BB15: =AJ15+AA15+I15 -> 90 | BC15: =BD15/BB15 -> 4.1497778 | BD15: =AL15+AC15+K15 -> 373.48 | BE15: =AM15+AD15+L15 -> 0 | BF15: =BG15/BE15 -> #DIV/0! | BG15: =AO15+AF15+N15 -> 0 | BH15: =AP15+AG15+O15 -> 0 | BI15: =BJ15/BH15 -> #DIV/0! | BJ15: =AR15+AI15+Q15 -> 0 | BK15: =AV15+AY15+BB15+BE15+BH15 -> 130.8 | BL15: =BM15/BK15 -> 4.4993884 | BM15: =AX15+BA15+BD15+BG15+BJ15 -> 588.52
A16: Canipaan | B16: 54 | C16: 3 | D16: =E16/C16 -> 5 | E16: 15 | G16: =H16/F16 -> #DIV/0! | I16: 24.5 | J16: =K16/I16 -> 3.9 | K16: 95.55 | M16: =N16/L16 -> #DIV/0! | O16: 2.8 | P16: =Q16/O16 -> 3.2 | Q16: 8.96 | S16: =T16/R16 -> #DIV/0! | U16: 13.4 | V16: =W16/U16 -> 4.9 | W16: 65.66 | Y16: =Z16/X16 -> #DIV/0! | AA16: 101.3 | AB16: =AC16/AA16 -> 3.7 | AC16: 374.81 | AE16: =AF16/AD16 -> #DIV/0! | AG16: 16 | AH16: =AI16/AG16 -> 3.2 | AI16: 51.2 | AK16: =AL16/AJ16 -> #DIV/0! | AN16: =AO16/AM16 -> #DIV/0! | AQ16: =AR16/AP16 -> #DIV/0! | AT16: =AU16/AS16 -> #DIV/0! | AV16: =C16+U16 -> 16.4 | AW16: =AX16/AV16 -> 4.9182927 | AX16: =E16+W16 -> 80.66 | AY16: =F16+X16 -> 0 | AZ16: =BA16/AY16 -> #DIV/0! | BA16: =H16+Z16 -> 0 | BB16: =AJ16+AA16+I16 -> 125.8 | BC16: =BD16/BB16 -> 3.7389507 | BD16: =AL16+AC16+K16 -> 470.36 | BE16: =AM16+AD16+L16 -> 0 | BF16: =BG16/BE16 -> #DIV/0! | BG16: =AO16+AF16+N16 -> 0 | BH16: =AP16+AG16+O16 -> 18.8 | BI16: =BJ16/BH16 -> 3.2 | BJ16: =AR16+AI16+Q16 -> 60.16 | BK16: =AV16+AY16+BB16+BE16+BH16 -> 161 | BL16: =BM16/BK16 -> 3.7961491 | BM16: =AX16+BA16+BD16+BG16+BJ16 -> 611.18
