Workbook

Sheet DS 2026 Cumulative
A1: Department of Agriculture
A2: REGIONAL FIELD OFFICE MIMAROPA
A3: Rice Program
A5: DRY SEASON 2026 Planting Report
A7: MUNICIPALITY / BARANGAY | B7: NO. OF FARMER PLANTED | C7: IRRIGATED | I7: RAINFED | R7: =A5 -> DRY SEASON 2026 Planting Report | X7: REMARKS
C9: HYBRID SEEDS | D9: REGISTERED SEEDS | E9: CERTIFIED SEEDS | F9: GOOD QUALITY SEEDS | G9: FARMERS HOME SAVED SEEDS / GS | H9: TOTAL | I9: LOWLAND | N9: UPLAND | Q9: TOTAL | R9: HYBRID SEEDS | S9: REGISTERED SEEDS | T9: CERTIFIED SEEDS | U9: GOOD QUALITY SEEDS | V9: FARMERS HOME SAVED SEEDS / GS | W9: TOTAL
I10: HYBRID SEEDS | J10: REGISTERED SEEDS | K10: CERTIFIED SEEDS | L10: GOOD QUALITY SEEDS | M10: FARMERS HOME SAVED SEEDS | N10: CERTIFIED SEEDS | O10: GOOD QUALITY SEEDS | P10: FARMERS HOME SAVED SEEDS / GS
A11: Rizal | B11: =SUM(B12:B23) -> 2264 | C11: =SUM(C12:C23) -> 1420.8533 | D11: =SUM(D12:D23) -> 0 | E11: =SUM(E12:E23) -> 1282.65 | F11: =SUM(F12:F23) -> 0 | G11: =SUM(G12:G23) -> 146.74 | H11: =SUM(H12:H23) -> 2850.2433 | I11: =SUM(I12:I23) -> 394.49 | ... W11: =SUM(W12:W23) -> 4195.9333
A12: Bunog | B12: =SUM('Sept 16-30'!B12,'Oct 1-15'!B12,'Oct 16-31'!B12,'Nov 1-15'!B12,'Nov 16-30'!B12,'Dec 1-15'!B12,'Dec 16-31'!B12,'Jan 1-15'!B12,'Jan 16-31'!B12,'Feb 1-15'!B12,'Feb 16-28'!B12,'Mar 1-15'!B12) -> 146 | C12: =SUM('Sept 16-30'!C12,'Oct 1-15'!C12,'Oct 16-31'!C12,'Nov 1-15'!C12,'Nov 16-30'!C12,'Dec 1-15'!C12,'Dec 16-31'!C12,'Jan 1-15'!C12,'Jan 16-31'!C12,'Feb 1-15'!C12,'Feb 16-28'!C12,'Mar 1-15'!C12) -> 10.4 | D12: =SUM('Sept 16-30'!D12,'Oct 1-15'!D12,'Oct 16-31'!D12,'Nov 1-15'!D12,'Nov 16-30'!D12,'Dec 1-15'!D12,'Dec 16-31'!D12,'Jan 1-15'!D12,'Jan 16-31'!D12,'Feb 1-15'!D12,'Feb 16-28'!D12,'Mar 1-15'!D12) -> 0 | E12: =SUM('Sept 16-30'!E12,'Oct 1-15'!E12,'Oct 16-31'!E12,'Nov 1-15'!E12,'Nov 16-30'!E12,'Dec 1-15'!E12,'Dec 16-31'!E12,'Jan 1-15'!E12,'Jan 16-31'!E12,'Feb 1-15'!E12,'Feb 16-28'!E12,'Mar 1-15'!E12) -> 11.5 | F12: =SUM('Sept 16-30'!F12,'Oct 1-15'!F12,'Oct 16-31'!F12,'Nov 1-15'!F12,'Nov 16-30'!F12,'Dec 1-15'!F12,'Dec 16-31'!F12,'Jan 1-15'!F12,'Jan 16-31'!F12,'Feb 1-15'!F12,'Feb 16-28'!F12,'Mar 1-15'!F12) -> 0 | G12: =SUM('Sept 16-30'!G12,'Oct 1-15'!G12,'Oct 16-31'!G12,'Nov 1-15'!G12,'Nov 16-30'!G12,'Dec 1-15'!G12,'Dec 16-31'!G12,'Jan 1-15'!G12,'Jan 16-31'!G12,'Feb 1-15'!G12,'Feb 16-28'!G12,'Mar 1-15'!G12) -> 15.1 | H12: =SUM(C12:G12) -> 37 | I12: =SUM('Sept 16-30'!I12,'Oct 1-15'!I12,'Oct 16-31'!I12,'Nov 1-15'!I12,'Nov 16-30'!I12,'Dec 1-15'!I12,'Dec 16-31'!I12,'Jan 1-15'!I12,'Jan 16-31'!I12,'Feb 1-15'!I12,'Feb 16-28'!I12,'Mar 1-15'!I12) -> 44.4 | J12: =SUM('Sept 16-30'!J12,'Oct 1-15'!J12,'Oct 16-31'!J12,'Nov 1-15'!J12,'Nov 16-30'!J12,'Dec 1-15'!J12,'Dec 16-31'!J12,'Jan 1-15'!J12,'Jan 16-31'!J12,'Feb 1-15'!J12,'Feb 16-28'!J12,'Mar 1-15'!J12) -> 0 | K12: =SUM('Sept 16-30'!K12,'Oct 1-15'!K12,'Oct 16-31'!K12,'Nov 1-15'!K12,'Nov 16-30'!K12,'Dec 1-15'!K12,'Dec 16-31'!K12,'Jan 1-15'!K12,'Jan 16-31'!K12,'Feb 1-15'!K12,'Feb 16-28'!K12,'Mar 1-15'!K12) -> 41.9 | L12: =SUM('Sept 16-30'!L12,'Oct 1-15'!L12,'Oct 16-31'!L12,'Nov 1-15'!L12,'Nov 16-30'!L12,'Dec 1-15'!L12,'Dec 16-31'!L12,'Jan 1-15'!L12,'Jan 16-31'!L12,'Feb 1-15'!L12,'Feb 16-28'!L12,'Mar 1-15'!L12) -> 0 | M12: =SUM('Sept 16-30'!M12,'Oct 1-15'!M12,'Oct 16-31'!M12,'Nov 1-15'!M12,'Nov 16-30'!M12,'Dec 1-15'!M12,'Dec 16-31'!M12,'Jan 1-15'!M12,'Jan 16-31'!M12,'Feb 1-15'!M12,'Feb 16-28'!M12,'Mar 1-15'!M12) -> 47.4 | N12: =SUM('Sept 16-30'!N12,'Oct 1-15'!N12,'Oct 16-31'!N12,'Nov 1-15'!N12,'Nov 16-30'!N12,'Dec 1-15'!N12,'Dec 16-31'!N12,'Jan 1-15'!N12,'Jan 16-31'!N12,'Feb 1-15'!N12,'Feb 16-28'!N12,'Mar 1-15'!N12) -> 0 | O12: =SUM('Sept 16-30'!O12,'Oct 1-15'!O12,'Oct 16-31'!O12,'Nov 1-15'!O12,'Nov 16-30'!O12,'Dec 1-15'!O12,'Dec 16-31'!O12,'Jan 1-15'!O12,'Jan 16-31'!O12,'Feb 1-15'!O12,'Feb 16-28'!O12,'Mar 1-15'!O12) -> 0 | P12: =SUM('Sept 16-30'!P12,'Oct 1-15'!P12,'Oct 16-31'!P12,'Nov 1-15'!P12,'Nov 16-30'!P12,'Dec 1-15'!P12,'Dec 16-31'!P12,'Jan 1-15'!P12,'Jan 16-31'!P12,'Feb 1-15'!P12,'Feb 16-28'!P12,'Mar 1-15'!P12) -> 0 | Q12: =SUM(I12:P12) -> 133.7 | R12: =SUM('Sept 16-30'!R12,'Oct 1-15'!R12,'Oct 16-31'!R12,'Nov 1-15'!R12,'Nov 16-30'!R12,'Dec 1-15'!R12,'Dec 16-31'!R12,'Jan 1-15'!R12,'Jan 16-31'!R12,'Feb 1-15'!R12,'Feb 16-28'!R12,'Mar 1-15'!R12) -> 54.8 | S12: =SUM('Sept 16-30'!S12,'Oct 1-15'!S12,'Oct 16-31'!S12,'Nov 1-15'!S12,'Nov 16-30'!S12,'Dec 1-15'!S12,'Dec 16-31'!S12,'Jan 1-15'!S12,'Jan 16-31'!S12,'Feb 1-15'!S12,'Feb 16-28'!S12,'Mar 1-15'!S12) -> 0 | T12: =SUM('Sept 16-30'!T12,'Oct 1-15'!T12,'Oct 16-31'!T12,'Nov 1-15'!T12,'Nov 16-30'!T12,'Dec 1-15'!T12,'Dec 16-31'!T12,'Jan 1-15'!T12,'Jan 16-31'!T12,'Feb 1-15'!T12,'Feb 16-28'!T12,'Mar 1-15'!T12) -> 53.4 | U12: =SUM('Sept 16-30'!U12,'Oct 1-15'!U12,'Oct 16-31'!U12,'Nov 1-15'!U12,'Nov 16-30'!U12,'Dec 1-15'!U12,'Dec 16-31'!U12,'Jan 1-15'!U12,'Jan 16-31'!U12,'Feb 1-15'!U12,'Feb 16-28'!U12,'Mar 1-15'!U12) -> 0 | V12: =SUM('Sept 16-30'!V12,'Oct 1-15'!V12,'Oct 16-31'!V12,'Nov 1-15'!V12,'Nov 16-30'!V12,'Dec 1-15'!V12,'Dec 16-31'!V12,'Jan 1-15'!V12,'Jan 16-31'!V12,'Feb 1-15'!V12,'Feb 16-28'!V12,'Mar 1-15'!V12) -> 62.5 | W12: =SUM(R12:V12) -> 170.7
A13: Campong Ulay | B13: =SUM('Sept 16-30'!B13,'Oct 1-15'!B13,'Oct 16-31'!B13,'Nov 1-15'!B13,'Nov 16-30'!B13,'Dec 1-15'!B13,'Dec 16-31'!B13,'Jan 1-15'!B13,'Jan 16-31'!B13,'Feb 1-15'!B13,'Feb 16-28'!B13,'Mar 1-15'!B13) -> 136 | C13: =SUM('Sept 16-30'!C13,'Oct 1-15'!C13,'Oct 16-31'!C13,'Nov 1-15'!C13,'Nov 16-30'!C13,'Dec 1-15'!C13,'Dec 16-31'!C13,'Jan 1-15'!C13,'Jan 16-31'!C13,'Feb 1-15'!C13,'Feb 16-28'!C13,'Mar 1-15'!C13) -> 78.3 | D13: =SUM('Sept 16-30'!D13,'Oct 1-15'!D13,'Oct 16-31'!D13,'Nov 1-15'!D13,'Nov 16-30'!D13,'Dec 1-15'!D13,'Dec 16-31'!D13,'Jan 1-15'!D13,'Jan 16-31'!D13,'Feb 1-15'!D13,'Feb 16-28'!D13,'Mar 1-15'!D13) -> 0 | E13: =SUM('Sept 16-30'!E13,'Oct 1-15'!E13,'Oct 16-31'!E13,'Nov 1-15'!E13,'Nov 16-30'!E13,'Dec 1-15'!E13,'Dec 16-31'!E13,'Jan 1-15'!E13,'Jan 16-31'!E13,'Feb 1-15'!E13,'Feb 16-28'!E13,'Mar 1-15'!E13) -> 81 | F13: =SUM('Sept 16-30'!F13,'Oct 1-15'!F13,'Oct 16-31'!F13,'Nov 1-15'!F13,'Nov 16-30'!F13,'Dec 1-15'!F13,'Dec 16-31'!F13,'Jan 1-15'!F13,'Jan 16-31'!F13,'Feb 1-15'!F13,'Feb 16-28'!F13,'Mar 1-15'!F13) -> 0 | G13: =SUM('Sept 16-30'!G13,'Oct 1-15'!G13,'Oct 16-31'!G13,'Nov 1-15'!G13,'Nov 16-30'!G13,'Dec 1-15'!G13,'Dec 16-31'!G13,'Jan 1-15'!G13,'Jan 16-31'!G13,'Feb 1-15'!G13,'Feb 16-28'!G13,'Mar 1-15'!G13) -> 27.5 | H13: =SUM(C13:G13) -> 186.8 | I13: =SUM('Sept 16-30'!I13,'Oct 1-15'!I13,'Oct 16-31'!I13,'Nov 1-15'!I13,'Nov 16-30'!I13,'Dec 1-15'!I13,'Dec 16-31'!I13,'Jan 1-15'!I13,'Jan 16-31'!I13,'Feb 1-15'!I13,'Feb 16-28'!I13,'Mar 1-15'!I13) -> 2.5 | J13: =SUM('Sept 16-30'!J13,'Oct 1-15'!J13,'Oct 16-31'!J13,'Nov 1-15'!J13,'Nov 16-30'!J13,'Dec 1-15'!J13,'Dec 16-31'!J13,'Jan 1-15'!J13,'Jan 16-31'!J13,'Feb 1-15'!J13,'Feb 16-28'!J13,'Mar 1-15'!J13) -> 0 | K13: =SUM('Sept 16-30'!K13,'Oct 1-15'!K13,'Oct 16-31'!K13,'Nov 1-15'!K13,'Nov 16-30'!K13,'Dec 1-15'!K13,'Dec 16-31'!K13,'Jan 1-15'!K13,'Jan 16-31'!K13,'Feb 1-15'!K13,'Feb 16-28'!K13,'Mar 1-15'!K13) -> 12 | L13: =SUM('Sept 16-30'!L13,'Oct 1-15'!L13,'Oct 16-31'!L13,'Nov 1-15'!L13,'Nov 16-30'!L13,'Dec 1-15'!L13,'Dec 16-31'!L13,'Jan 1-15'!L13,'Jan 16-31'!L13,'Feb 1-15'!L13,'Feb 16-28'!L13,'Mar 1-15'!L13) -> 0 | M13: =SUM('Sept 16-30'!M13,'Oct 1-15'!M13,'Oct 16-31'!M13,'Nov 1-15'!M13,'Nov 16-30'!M13,'Dec 1-15'!M13,'Dec 16-31'!M13,'Jan 1-15'!M13,'Jan 16-31'!M13,'Feb 1-15'!M13,'Feb 16-28'!M13,'Mar 1-15'!M13) -> 0 | N13: =SUM('Sept 16-30'!N13,'Oct 1-15'!N13,'Oct 16-31'!N13,'Nov 1-15'!N13,'Nov 16-30'!N13,'Dec 1-15'!N13,'Dec 16-31'!N13,'Jan 1-15'!N13,'Jan 16-31'!N13,'Feb 1-15'!N13,'Feb 16-28'!N13,'Mar 1-15'!N13) -> 0 | O13: =SUM('Sept 16-30'!O13,'Oct 1-15'!O13,'Oct 16-31'!O13,'Nov 1-15'!O13,'Nov 16-30'!O13,'Dec 1-15'!O13,'Dec 16-31'!O13,'Jan 1-15'!O13,'Jan 16-31'!O13,'Feb 1-15'!O13,'Feb 16-28'!O13,'Mar 1-15'!O13) -> 0 | P13: =SUM('Sept 16-30'!P13,'Oct 1-15'!P13,'Oct 16-31'!P13,'Nov 1-15'!P13,'Nov 16-30'!P13,'Dec 1-15'!P13,'Dec 16-31'!P13,'Jan 1-15'!P13,'Jan 16-31'!P13,'Feb 1-15'!P13,'Feb 16-28'!P13,'Mar 1-15'!P13) -> 0 | Q13: =SUM(I13:P13) -> 14.5 | R13: =SUM('Sept 16-30'!R13,'Oct 1-15'!R13,'Oct 16-31'!R13,'Nov 1-15'!R13,'Nov 16-30'!R13,'Dec 1-15'!R13,'Dec 16-31'!R13,'Jan 1-15'!R13,'Jan 16-31'!R13,'Feb 1-15'!R13,'Feb 16-28'!R13,'Mar 1-15'!R13) -> 80.8 | S13: =SUM('Sept 16-30'!S13,'Oct 1-15'!S13,'Oct 16-31'!S13,'Nov 1-15'!S13,'Nov 16-30'!S13,'Dec 1-15'!S13,'Dec 16-31'!S13,'Jan 1-15'!S13,'Jan 16-31'!S13,'Feb 1-15'!S13,'Feb 16-28'!S13,'Mar 1-15'!S13) -> 0 | T13: =SUM('Sept 16-30'!T13,'Oct 1-15'!T13,'Oct 16-31'!T13,'Nov 1-15'!T13,'Nov 16-30'!T13,'Dec 1-15'!T13,'Dec 16-31'!T13,'Jan 1-15'!T13,'Jan 16-31'!T13,'Feb 1-15'!T13,'Feb 16-28'!T13,'Mar 1-15'!T13) -> 93 | U13: =SUM('Sept 16-30'!U13,'Oct 1-15'!U13,'Oct 16-31'!U13,'Nov 1-15'!U13,'Nov 16-30'!U13,'Dec 1-15'!U13,'Dec 16-31'!U13,'Jan 1-15'!U13,'Jan 16-31'!U13,'Feb 1-15'!U13,'Feb 16-28'!U13,'Mar 1-15'!U13) -> 0 | V13: =SUM('Sept 16-30'!V13,'Oct 1-15'!V13,'Oct 16-31'!V13,'Nov 1-15'!V13,'Nov 16-30'!V13,'Dec 1-15'!V13,'Dec 16-31'!V13,'Jan 1-15'!V13,'Jan 16-31'!V13,'Feb 1-15'!V13,'Feb 16-28'!V13,'Mar 1-15'!V13) -> 27.5 | W13: =SUM(R13:V13) -> 201.3
A14: Candawaga | B14: =SUM('Sept 16-30'!B14,'Oct 1-15'!B14,'Oct 16-31'!B14,'Nov 1-15'!B14,'Nov 16-30'!B14,'Dec 1-15'!B14,'Dec 16-31'!B14,'Jan 1-15'!B14,'Jan 16-31'!B14,'Feb 1-15'!B14,'Feb 16-28'!B14,'Mar 1-15'!B14) -> 389 | C14: =SUM('Sept 16-30'!C14,'Oct 1-15'!C14,'Oct 16-31'!C14,'Nov 1-15'!C14,'Nov 16-30'!C14,'Dec 1-15'!C14,'Dec 16-31'!C14,'Jan 1-15'!C14,'Jan 16-31'!C14,'Feb 1-15'!C14,'Feb 16-28'!C14,'Mar 1-15'!C14) -> 668.7 | D14: =SUM('Sept 16-30'!D14,'Oct 1-15'!D14,'Oct 16-31'!D14,'Nov 1-15'!D14,'Nov 16-30'!D14,'Dec 1-15'!D14,'Dec 16-31'!D14,'Jan 1-15'!D14,'Jan 16-31'!D14,'Feb 1-15'!D14,'Feb 16-28'!D14,'Mar 1-15'!D14) -> 0 | E14: =SUM('Sept 16-30'!E14,'Oct 1-15'!E14,'Oct 16-31'!E14,'Nov 1-15'!E14,'Nov 16-30'!E14,'Dec 1-15'!E14,'Dec 16-31'!E14,'Jan 1-15'!E14,'Jan 16-31'!E14,'Feb 1-15'!E14,'Feb 16-28'!E14,'Mar 1-15'!E14) -> 158 | F14: =SUM('Sept 16-30'!F14,'Oct 1-15'!F14,'Oct 16-31'!F14,'Nov 1-15'!F14,'Nov 16-30'!F14,'Dec 1-15'!F14,'Dec 16-31'!F14,'Jan 1-15'!F14,'Jan 16-31'!F14,'Feb 1-15'!F14,'Feb 16-28'!F14,'Mar 1-15'!F14) -> 0 | G14: =SUM('Sept 16-30'!G14,'Oct 1-15'!G14,'Oct 16-31'!G14,'Nov 1-15'!G14,'Nov 16-30'!G14,'Dec 1-15'!G14,'Dec 16-31'!G14,'Jan 1-15'!G14,'Jan 16-31'!G14,'Feb 1-15'!G14,'Feb 16-28'!G14,'Mar 1-15'!G14) -> 2 | H14: =SUM(C14:G14) -> 828.7 | I14: =SUM('Sept 16-30'!I14,'Oct 1-15'!I14,'Oct 16-31'!I14,'Nov 1-15'!I14,'Nov 16-30'!I14,'Dec 1-15'!I14,'Dec 16-31'!I14,'Jan 1-15'!I14,'Jan 16-31'!I14,'Feb 1-15'!I14,'Feb 16-28'!I14,'Mar 1-15'!I14) -> 51.79 | J14: =SUM('Sept 16-30'!J14,'Oct 1-15'!J14,'Oct 16-31'!J14,'Nov 1-15'!J14,'Nov 16-30'!J14,'Dec 1-15'!J14,'Dec 16-31'!J14,'Jan 1-15'!J14,'Jan 16-31'!J14,'Feb 1-15'!J14,'Feb 16-28'!J14,'Mar 1-15'!J14) -> 0 | K14: =SUM('Sept 16-30'!K14,'Oct 1-15'!K14,'Oct 16-31'!K14,'Nov 1-15'!K14,'Nov 16-30'!K14,'Dec 1-15'!K14,'Dec 16-31'!K14,'Jan 1-15'!K14,'Jan 16-31'!K14,'Feb 1-15'!K14,'Feb 16-28'!K14,'Mar 1-15'!K14) -> 28.9 | L14: =SUM('Sept 16-30'!L14,'Oct 1-15'!L14,'Oct 16-31'!L14,'Nov 1-15'!L14,'Nov 16-30'!L14,'Dec 1-15'!L14,'Dec 16-31'!L14,'Jan 1-15'!L14,'Jan 16-31'!L14,'Feb 1-15'!L14,'Feb 16-28'!L14,'Mar 1-15'!L14) -> 0 | M14: =SUM('Sept 16-30'!M14,'Oct 1-15'!M14,'Oct 16-31'!M14,'Nov 1-15'!M14,'Nov 16-30'!M14,'Dec 1-15'!M14,'Dec 16-31'!M14,'Jan 1-15'!M14,'Jan 16-31'!M14,'Feb 1-15'!M14,'Feb 16-28'!M14,'Mar 1-15'!M14) -> 28.6 | N14: =SUM('Sept 16-30'!N14,'Oct 1-15'!N14,'Oct 16-31'!N14,'Nov 1-15'!N14,'Nov 16-30'!N14,'Dec 1-15'!N14,'Dec 16-31'!N14,'Jan 1-15'!N14,'Jan 16-31'!N14,'Feb 1-15'!N14,'Feb 16-28'!N14,'Mar 1-15'!N14) -> 0 | O14: =SUM('Sept 16-30'!O14,'Oct 1-15'!O14,'Oct 16-31'!O14,'Nov 1-15'!O14,'Nov 16-30'!O14,'Dec 1-15'!O14,'Dec 16-31'!O14,'Jan 1-15'!O14,'Jan 16-31'!O14,'Feb 1-15'!O14,'Feb 16-28'!O14,'Mar 1-15'!O14) -> 0 | P14: =SUM('Sept 16-30'!P14,'Oct 1-15'!P14,'Oct 16-31'!P14,'Nov 1-15'!P14,'Nov 16-30'!P14,'Dec 1-15'!P14,'Dec 16-31'!P14,'Jan 1-15'!P14,'Jan 16-31'!P14,'Feb 1-15'!P14,'Feb 16-28'!P14,'Mar 1-15'!P14) -> 0 | Q14: =SUM(I14:P14) -> 109.29 | R14: =SUM('Sept 16-30'!R14,'Oct 1-15'!R14,'Oct 16-31'!R14,'Nov 1-15'!R14,'Nov 16-30'!R14,'Dec 1-15'!R14,'Dec 16-31'!R14,'Jan 1-15'!R14,'Jan 16-31'!R14,'Feb 1-15'!R14,'Feb 16-28'!R14,'Mar 1-15'!R14) -> 720.49 | S14: =SUM('Sept 16-30'!S14,'Oct 1-15'!S14,'Oct 16-31'!S14,'Nov 1-15'!S14,'Nov 16-30'!S14,'Dec 1-15'!S14,'Dec 16-31'!S14,'Jan 1-15'!S14,'Jan 16-31'!S14,'Feb 1-15'!S14,'Feb 16-28'!S14,'Mar 1-15'!S14) -> 0 | T14: =SUM('Sept 16-30'!T14,'Oct 1-15'!T14,'Oct 16-31'!T14,'Nov 1-15'!T14,'Nov 16-30'!T14,'Dec 1-15'!T14,'Dec 16-31'!T14,'Jan 1-15'!T14,'Jan 16-31'!T14,'Feb 1-15'!T14,'Feb 16-28'!T14,'Mar 1-15'!T14) -> 186.9 | U14: =SUM('Sept 16-30'!U14,'Oct 1-15'!U14,'Oct 16-31'!U14,'Nov 1-15'!U14,'Nov 16-30'!U14,'Dec 1-15'!U14,'Dec 16-31'!U14,'Jan 1-15'!U14,'Jan 16-31'!U14,'Feb 1-15'!U14,'Feb 16-28'!U14,'Mar 1-15'!U14) -> 0 | V14: =SUM('Sept 16-30'!V14,'Oct 1-15'!V14,'Oct 16-31'!V14,'Nov 1-15'!V14,'Nov 16-30'!V14,'Dec 1-15'!V14,'Dec 16-31'!V14,'Jan 1-15'!V14,'Jan 16-31'!V14,'Feb 1-15'!V14,'Feb 16-28'!V14,'Mar 1-15'!V14) -> 30.6 | W14: =SUM(R14:V14) -> 937.99
A15: Canipaan | B15: =SUM('Sept 16-30'!B15,'Oct 1-15'!B15,'Oct 16-31'!B15,'Nov 1-15'!B15,'Nov 16-30'!B15,'Dec 1-15'!B15,'Dec 16-31'!B15,'Jan 1-15'!B15,'Jan 16-31'!B15,'Feb 1-15'!B15,'Feb 16-28'!B15,'Mar 1-15'!B15) -> 114 | C15: =SUM('Sept 16-30'!C15,'Oct 1-15'!C15,'Oct 16-31'!C15,'Nov 1-15'!C15,'Nov 16-30'!C15,'Dec 1-15'!C15,'Dec 16-31'!C15,'Jan 1-15'!C15,'Jan 16-31'!C15,'Feb 1-15'!C15,'Feb 16-28'!C15,'Mar 1-15'!C15) -> 20.5 | D15: =SUM('Sept 16-30'!D15,'Oct 1-15'!D15,'Oct 16-31'!D15,'Nov 1-15'!D15,'Nov 16-30'!D15,'Dec 1-15'!D15,'Dec 16-31'!D15,'Jan 1-15'!D15,'Jan 16-31'!D15,'Feb 1-15'!D15,'Feb 16-28'!D15,'Mar 1-15'!D15) -> 0 | E15: =SUM('Sept 16-30'!E15,'Oct 1-15'!E15,'Oct 16-31'!E15,'Nov 1-15'!E15,'Nov 16-30'!E15,'Dec 1-15'!E15,'Dec 16-31'!E15,'Jan 1-15'!E15,'Jan 16-31'!E15,'Feb 1-15'!E15,'Feb 16-28'!E15,'Mar 1-15'!E15) -> 33 | F15: =SUM('Sept 16-30'!F15,'Oct 1-15'!F15,'Oct 16-31'!F15,'Nov 1-15'!F15,'Nov 16-30'!F15,'Dec 1-15'!F15,'Dec 16-31'!F15,'Jan 1-15'!F15,'Jan 16-31'!F15,'Feb 1-15'!F15,'Feb 16-28'!F15,'Mar 1-15'!F15) -> 0 | G15: =SUM('Sept 16-30'!G15,'Oct 1-15'!G15,'Oct 16-31'!G15,'Nov 1-15'!G15,'Nov 16-30'!G15,'Dec 1-15'!G15,'Dec 16-31'!G15,'Jan 1-15'!G15,'Jan 16-31'!G15,'Feb 1-15'!G15,'Feb 16-28'!G15,'Mar 1-15'!G15) -> 2.8 | H15: =SUM(C15:G15) -> 56.3 | I15: =SUM('Sept 16-30'!I15,'Oct 1-15'!I15,'Oct 16-31'!I15,'Nov 1-15'!I15,'Nov 16-30'!I15,'Dec 1-15'!I15,'Dec 16-31'!I15,'Jan 1-15'!I15,'Jan 16-31'!I15,'Feb 1-15'!I15,'Feb 16-28'!I15,'Mar 1-15'!I15) -> 71.5 | J15: =SUM('Sept 16-30'!J15,'Oct 1-15'!J15,'Oct 16-31'!J15,'Nov 1-15'!J15,'Nov 16-30'!J15,'Dec 1-15'!J15,'Dec 16-31'!J15,'Jan 1-15'!J15,'Jan 16-31'!J15,'Feb 1-15'!J15,'Feb 16-28'!J15,'Mar 1-15'!J15) -> 0 | K15: =SUM('Sept 16-30'!K15,'Oct 1-15'!K15,'Oct 16-31'!K15,'Nov 1-15'!K15,'Nov 16-30'!K15,'Dec 1-15'!K15,'Dec 16-31'!K15,'Jan 1-15'!K15,'Jan 16-31'!K15,'Feb 1-15'!K15,'Feb 16-28'!K15,'Mar 1-15'!K15) -> 143.7 | L15: =SUM('Sept 16-30'!L15,'Oct 1-15'!L15,'Oct 16-31'!L15,'Nov 1-15'!L15,'Nov 16-30'!L15,'Dec 1-15'!L15,'Dec 16-31'!L15,'Jan 1-15'!L15,'Jan 16-31'!L15,'Feb 1-15'!L15,'Feb 16-28'!L15,'Mar 1-15'!L15) -> 0 | M15: =SUM('Sept 16-30'!M15,'Oct 1-15'!M15,'Oct 16-31'!M15,'Nov 1-15'!M15,'Nov 16-30'!M15,'Dec 1-15'!M15,'Dec 16-31'!M15,'Jan 1-15'!M15,'Jan 16-31'!M15,'Feb 1-15'!M15,'Feb 16-28'!M15,'Mar 1-15'!M15) -> 20.5 | N15: =SUM('Sept 16-30'!N15,'Oct 1-15'!N15,'Oct 16-31'!N15,'Nov 1-15'!N15,'Nov 16-30'!N15,'Dec 1-15'!N15,'Dec 16-31'!N15,'Jan 1-15'!N15,'Jan 16-31'!N15,'Feb 1-15'!N15,'Feb 16-28'!N15,'Mar 1-15'!N15) -> 0 | O15: =SUM('Sept 16-30'!O15,'Oct 1-15'!O15,'Oct 16-31'!O15,'Nov 1-15'!O15,'Nov 16-30'!O15,'Dec 1-15'!O15,'Dec 16-31'!O15,'Jan 1-15'!O15,'Jan 16-31'!O15,'Feb 1-15'!O15,'Feb 16-28'!O15,'Mar 1-15'!O15) -> 0 | P15: =SUM('Sept 16-30'!P15,'Oct 1-15'!P15,'Oct 16-31'!P15,'Nov 1-15'!P15,'Nov 16-30'!P15,'Dec 1-15'!P15,'Dec 16-31'!P15,'Jan 1-15'!P15,'Jan 16-31'!P15,'Feb 1-15'!P15,'Feb 16-28'!P15,'Mar 1-15'!P15) -> 0 | Q15: =SUM(I15:P15) -> 235.7 | R15: =SUM('Sept 16-30'!R15,'Oct 1-15'!R15,'Oct 16-31'!R15,'Nov 1-15'!R15,'Nov 16-30'!R15,'Dec 1-15'!R15,'Dec 16-31'!R15,'Jan 1-15'!R15,'Jan 16-31'!R15,'Feb 1-15'!R15,'Feb 16-28'!R15,'Mar 1-15'!R15) -> 92 | S15: =SUM('Sept 16-30'!S15,'Oct 1-15'!S15,'Oct 16-31'!S15,'Nov 1-15'!S15,'Nov 16-30'!S15,'Dec 1-15'!S15,'Dec 16-31'!S15,'Jan 1-15'!S15,'Jan 16-31'!S15,'Feb 1-15'!S15,'Feb 16-28'!S15,'Mar 1-15'!S15) -> 0 | T15: =SUM('Sept 16-30'!T15,'Oct 1-15'!T15,'Oct 16-31'!T15,'Nov 1-15'!T15,'Nov 16-30'!T15,'Dec 1-15'!T15,'Dec 16-31'!T15,'Jan 1-15'!T15,'Jan 16-31'!T15,'Feb 1-15'!T15,'Feb 16-28'!T15,'Mar 1-15'!T15) -> 176.7 | U15: =SUM('Sept 16-30'!U15,'Oct 1-15'!U15,'Oct 16-31'!U15,'Nov 1-15'!U15,'Nov 16-30'!U15,'Dec 1-15'!U15,'Dec 16-31'!U15,'Jan 1-15'!U15,'Jan 16-31'!U15,'Feb 1-15'!U15,'Feb 16-28'!U15,'Mar 1-15'!U15) -> 0 | V15: =SUM('Sept 16-30'!V15,'Oct 1-15'!V15,'Oct 16-31'!V15,'Nov 1-15'!V15,'Nov 16-30'!V15,'Dec 1-15'!V15,'Dec 16-31'!V15,'Jan 1-15'!V15,'Jan 16-31'!V15,'Feb 1-15'!V15,'Feb 16-28'!V15,'Mar 1-15'!V15) -> 23.3 | W15: =SUM(R15:V15) -> 292
A16: Culasian | B16: =SUM('Sept 16-30'!B16,'Oct 1-15'!B16,'Oct 16-31'!B16,'Nov 1-15'!B16,'Nov 16-30'!B16,'Dec 1-15'!B16,'Dec 16-31'!B16,'Jan 1-15'!B16,'Jan 16-31'!B16,'Feb 1-15'!B16,'Feb 16-28'!B16,'Mar 1-15'!B16) -> 141 | C16: =SUM('Sept 16-30'!C16,'Oct 1-15'!C16,'Oct 16-31'!C16,'Nov 1-15'!C16,'Nov 16-30'!C16,'Dec 1-15'!C16,'Dec 16-31'!C16,'Jan 1-15'!C16,'Jan 16-31'!C16,'Feb 1-15'!C16,'Feb 16-28'!C16,'Mar 1-15'!C16) -> 81.5 | D16: =SUM('Sept 16-30'!D16,'Oct 1-15'!D16,'Oct 16-31'!D16,'Nov 1-15'!D16,'Nov 16-30'!D16,'Dec 1-15'!D16,'Dec 16-31'!D16,'Jan 1-15'!D16,'Jan 16-31'!D16,'Feb 1-15'!D16,'Feb 16-28'!D16,'Mar 1-15'!D16) -> 0 | E16: =SUM('Sept 16-30'!E16,'Oct 1-15'!E16,'Oct 16-31'!E16,'Nov 1-15'!E16,'Nov 16-30'!E16,'Dec 1-15'!E16,'Dec 16-31'!E16,'Jan 1-15'!E16,'Jan 16-31'!E16,'Feb 1-15'!E16,'Feb 16-28'!E16,'Mar 1-15'!E16) -> 82.9 | F16: =SUM('Sept 16-30'!F16,'Oct 1-15'!F16,'Oct 16-31'!F16,'Nov 1-15'!F16,'Nov 16-30'!F16,'Dec 1-15'!F16,'Dec 16-31'!F16,'Jan 1-15'!F16,'Jan 16-31'!F16,'Feb 1-15'!F16,'Feb 16-28'!F16,'Mar 1-15'!F16) -> 0 | G16: =SUM('Sept 16-30'!G16,'Oct 1-15'!G16,'Oct 16-31'!G16,'Nov 1-15'!G16,'Nov 16-30'!G16,'Dec 1-15'!G16,'Dec 16-31'!G16,'Jan 1-15'!G16,'Jan 16-31'!G16,'Feb 1-15'!G16,'Feb 16-28'!G16,'Mar 1-15'!G16) -> 11 | H16: =SUM(C16:G16) -> 175.4 | I16: =SUM('Sept 16-30'!I16,'Oct 1-15'!I16,'Oct 16-31'!I16,'Nov 1-15'!I16,'Nov 16-30'!I16,'Dec 1-15'!I16,'Dec 16-31'!I16,'Jan 1-15'!I16,'Jan 16-31'!I16,'Feb 1-15'!I16,'Feb 16-28'!I16,'Mar 1-15'!I16) -> 0 | J16: =SUM('Sept 16-30'!J16,'Oct 1-15'!J16,'Oct 16-31'!J16,'Nov 1-15'!J16,'Nov 16-30'!J16,'Dec 1-15'!J16,'Dec 16-31'!J16,'Jan 1-15'!J16,'Jan 16-31'!J16,'Feb 1-15'!J16,'Feb 16-28'!J16,'Mar 1-15'!J16) -> 0 | K16: =SUM('Sept 16-30'!K16,'Oct 1-15'!K16,'Oct 16-31'!K16,'Nov 1-15'!K16,'Nov 16-30'!K16,'Dec 1-15'!K16,'Dec 16-31'!K16,'Jan 1-15'!K16,'Jan 16-31'!K16,'Feb 1-15'!K16,'Feb 16-28'!K16,'Mar 1-15'!K16) -> 73.7 | L16: =SUM('Sept 16-30'!L16,'Oct 1-15'!L16,'Oct 16-31'!L16,'Nov 1-15'!L16,'Nov 16-30'!L16,'Dec 1-15'!L16,'Dec 16-31'!L16,'Jan 1-15'!L16,'Jan 16-31'!L16,'Feb 1-15'!L16,'Feb 16-28'!L16,'Mar 1-15'!L16) -> 0 | M16: =SUM('Sept 16-30'!M16,'Oct 1-15'!M16,'Oct 16-31'!M16,'Nov 1-15'!M16,'Nov 16-30'!M16,'Dec 1-15'!M16,'Dec 16-31'!M16,'Jan 1-15'!M16,'Jan 16-31'!M16,'Feb 1-15'!M16,'Feb 16-28'!M16,'Mar 1-15'!M16) -> 2.9 | N16: =SUM('Sept 16-30'!N16,'Oct 1-15'!N16,'Oct 16-31'!N16,'Nov 1-15'!N16,'Nov 16-30'!N16,'Dec 1-15'!N16,'Dec 16-31'!N16,'Jan 1-15'!N16,'Jan 16-31'!N16,'Feb 1-15'!N16,'Feb 16-28'!N16,'Mar 1-15'!N16) -> 0 | O16: =SUM('Sept 16-30'!O16,'Oct 1-15'!O16,'Oct 16-31'!O16,'Nov 1-15'!O16,'Nov 16-30'!O16,'Dec 1-15'!O16,'Dec 16-31'!O16,'Jan 1-15'!O16,'Jan 16-31'!O16,'Feb 1-15'!O16,'Feb 16-28'!O16,'Mar 1-15'!O16) -> 0 | P16: =SUM('Sept 16-30'!P16,'Oct 1-15'!P16,'Oct 16-31'!P16,'Nov 1-15'!P16,'Nov 16-30'!P16,'Dec 1-15'!P16,'Dec 16-31'!P16,'Jan 1-15'!P16,'Jan 16-31'!P16,'Feb 1-15'!P16,'Feb 16-28'!P16,'Mar 1-15'!P16) -> 0 | Q16: =SUM(I16:P16) -> 76.6 | R16: =SUM('Sept 16-30'!R16,'Oct 1-15'!R16,'Oct 16-31'!R16,'Nov 1-15'!R16,'Nov 16-30'!R16,'Dec 1-15'!R16,'Dec 16-31'!R16,'Jan 1-15'!R16,'Jan 16-31'!R16,'Feb 1-15'!R16,'Feb 16-28'!R16,'Mar 1-15'!R16) -> 81.5 | S16: =SUM('Sept 16-30'!S16,'Oct 1-15'!S16,'Oct 16-31'!S16,'Nov 1-15'!S16,'Nov 16-30'!S16,'Dec 1-15'!S16,'Dec 16-31'!S16,'Jan 1-15'!S16,'Jan 16-31'!S16,'Feb 1-15'!S16,'Feb 16-28'!S16,'Mar 1-15'!S16) -> 0 | T16: =SUM('Sept 16-30'!T16,'Oct 1-15'!T16,'Oct 16-31'!T16,'Nov 1-15'!T16,'Nov 16-30'!T16,'Dec 1-15'!T16,'Dec 16-31'!T16,'Jan 1-15'!T16,'Jan 16-31'!T16,'Feb 1-15'!T16,'Feb 16-28'!T16,'Mar 1-15'!T16) -> 156.6 | U16: =SUM('Sept 16-30'!U16,'Oct 1-15'!U16,'Oct 16-31'!U16,'Nov 1-15'!U16,'Nov 16-30'!U16,'Dec 1-15'!U16,'Dec 16-31'!U16,'Jan 1-15'!U16,'Jan 16-31'!U16,'Feb 1-15'!U16,'Feb 16-28'!U16,'Mar 1-15'!U16) -> 0 | V16: =SUM('Sept 16-30'!V16,'Oct 1-15'!V16,'Oct 16-31'!V16,'Nov 1-15'!V16,'Nov 16-30'!V16,'Dec 1-15'!V16,'Dec 16-31'!V16,'Jan 1-15'!V16,'Jan 16-31'!V16,'Feb 1-15'!V16,'Feb 16-28'!V16,'Mar 1-15'!V16) -> 13.9 | W16: =SUM(R16:V16) -> 252
A17: Iraan | B17: =SUM('Sept 16-30'!B17,'Oct 1-15'!B17,'Oct 16-31'!B17,'Nov 1-15'!B17,'Nov 16-30'!B17,'Dec 1-15'!B17,'Dec 16-31'!B17,'Jan 1-15'!B17,'Jan 16-31'!B17,'Feb 1-15'!B17,'Feb 16-28'!B17,'Mar 1-15'!B17) -> 341 | C17: =SUM('Sept 16-30'!C17,'Oct 1-15'!C17,'Oct 16-31'!C17,'Nov 1-15'!C17,'Nov 16-30'!C17,'Dec 1-15'!C17,'Dec 16-31'!C17,'Jan 1-15'!C17,'Jan 16-31'!C17,'Feb 1-15'!C17,'Feb 16-28'!C17,'Mar 1-15'!C17) -> 11.3 | D17: =SUM('Sept 16-30'!D17,'Oct 1-15'!D17,'Oct 16-31'!D17,'Nov 1-15'!D17,'Nov 16-30'!D17,'Dec 1-15'!D17,'Dec 16-31'!D17,'Jan 1-15'!D17,'Jan 16-31'!D17,'Feb 1-15'!D17,'Feb 16-28'!D17,'Mar 1-15'!D17) -> 0 | E17: =SUM('Sept 16-30'!E17,'Oct 1-15'!E17,'Oct 16-31'!E17,'Nov 1-15'!E17,'Nov 16-30'!E17,'Dec 1-15'!E17,'Dec 16-31'!E17,'Jan 1-15'!E17,'Jan 16-31'!E17,'Feb 1-15'!E17,'Feb 16-28'!E17,'Mar 1-15'!E17) -> 295.7 | F17: =SUM('Sept 16-30'!F17,'Oct 1-15'!F17,'Oct 16-31'!F17,'Nov 1-15'!F17,'Nov 16-30'!F17,'Dec 1-15'!F17,'Dec 16-31'!F17,'Jan 1-15'!F17,'Jan 16-31'!F17,'Feb 1-15'!F17,'Feb 16-28'!F17,'Mar 1-15'!F17) -> 0 | G17: =SUM('Sept 16-30'!G17,'Oct 1-15'!G17,'Oct 16-31'!G17,'Nov 1-15'!G17,'Nov 16-30'!G17,'Dec 1-15'!G17,'Dec 16-31'!G17,'Jan 1-15'!G17,'Jan 16-31'!G17,'Feb 1-15'!G17,'Feb 16-28'!G17,'Mar 1-15'!G17) -> 47.19 | H17: =SUM(C17:G17) -> 354.19 | I17: =SUM('Sept 16-30'!I17,'Oct 1-15'!I17,'Oct 16-31'!I17,'Nov 1-15'!I17,'Nov 16-30'!I17,'Dec 1-15'!I17,'Dec 16-31'!I17,'Jan 1-15'!I17,'Jan 16-31'!I17,'Feb 1-15'!I17,'Feb 16-28'!I17,'Mar 1-15'!I17) -> 15 | J17: =SUM('Sept 16-30'!J17,'Oct 1-15'!J17,'Oct 16-31'!J17,'Nov 1-15'!J17,'Nov 16-30'!J17,'Dec 1-15'!J17,'Dec 16-31'!J17,'Jan 1-15'!J17,'Jan 16-31'!J17,'Feb 1-15'!J17,'Feb 16-28'!J17,'Mar 1-15'!J17) -> 0 | K17: =SUM('Sept 16-30'!K17,'Oct 1-15'!K17,'Oct 16-31'!K17,'Nov 1-15'!K17,'Nov 16-30'!K17,'Dec 1-15'!K17,'Dec 16-31'!K17,'Jan 1-15'!K17,'Jan 16-31'!K17,'Feb 1-15'!K17,'Feb 16-28'!K17,'Mar 1-15'!K17) -> 181 | L17: =SUM('Sept 16-30'!L17,'Oct 1-15'!L17,'Oct 16-31'!L17,'Nov 1-15'!L17,'Nov 16-30'!L17,'Dec 1-15'!L17,'Dec 16-31'!L17,'Jan 1-15'!L17,'Jan 16-31'!L17,'Feb 1-15'!L17,'Feb 16-28'!L17,'Mar 1-15'!L17) -> 0 | M17: =SUM('Sept 16-30'!M17,'Oct 1-15'!M17,'Oct 16-31'!M17,'Nov 1-15'!M17,'Nov 16-30'!M17,'Dec 1-15'!M17,'Dec 16-31'!M17,'Jan 1-15'!M17,'Jan 16-31'!M17,'Feb 1-15'!M17,'Feb 16-28'!M17,'Mar 1-15'!M17) -> 43 | N17: =SUM('Sept 16-30'!N17,'Oct 1-15'!N17,'Oct 16-31'!N17,'Nov 1-15'!N17,'Nov 16-30'!N17,'Dec 1-15'!N17,'Dec 16-31'!N17,'Jan 1-15'!N17,'Jan 16-31'!N17,'Feb 1-15'!N17,'Feb 16-28'!N17,'Mar 1-15'!N17) -> 0 | O17: =SUM('Sept 16-30'!O17,'Oct 1-15'!O17,'Oct 16-31'!O17,'Nov 1-15'!O17,'Nov 16-30'!O17,'Dec 1-15'!O17,'Dec 16-31'!O17,'Jan 1-15'!O17,'Jan 16-31'!O17,'Feb 1-15'!O17,'Feb 16-28'!O17,'Mar 1-15'!O17) -> 0 | P17: =SUM('Sept 16-30'!P17,'Oct 1-15'!P17,'Oct 16-31'!P17,'Nov 1-15'!P17,'Nov 16-30'!P17,'Dec 1-15'!P17,'Dec 16-31'!P17,'Jan 1-15'!P17,'Jan 16-31'!P17,'Feb 1-15'!P17,'Feb 16-28'!P17,'Mar 1-15'!P17) -> 0 | Q17: =SUM(I17:P17) -> 239 | R17: =SUM('Sept 16-30'!R17,'Oct 1-15'!R17,'Oct 16-31'!R17,'Nov 1-15'!R17,'Nov 16-30'!R17,'Dec 1-15'!R17,'Dec 16-31'!R17,'Jan 1-15'!R17,'Jan 16-31'!R17,'Feb 1-15'!R17,'Feb 16-28'!R17,'Mar 1-15'!R17) -> 26.3 | S17: =SUM('Sept 16-30'!S17,'Oct 1-15'!S17,'Oct 16-31'!S17,'Nov 1-15'!S17,'Nov 16-30'!S17,'Dec 1-15'!S17,'Dec 16-31'!S17,'Jan 1-15'!S17,'Jan 16-31'!S17,'Feb 1-15'!S17,'Feb 16-28'!S17,'Mar 1-15'!S17) -> 0 | T17: =SUM('Sept 16-30'!T17,'Oct 1-15'!T17,'Oct 16-31'!T17,'Nov 1-15'!T17,'Nov 16-30'!T17,'Dec 1-15'!T17,'Dec 16-31'!T17,'Jan 1-15'!T17,'Jan 16-31'!T17,'Feb 1-15'!T17,'Feb 16-28'!T17,'Mar 1-15'!T17) -> 476.7 | U17: =SUM('Sept 16-30'!U17,'Oct 1-15'!U17,'Oct 16-31'!U17,'Nov 1-15'!U17,'Nov 16-30'!U17,'Dec 1-15'!U17,'Dec 16-31'!U17,'Jan 1-15'!U17,'Jan 16-31'!U17,'Feb 1-15'!U17,'Feb 16-28'!U17,'Mar 1-15'!U17) -> 0 | V17: =SUM('Sept 16-30'!V17,'Oct 1-15'!V17,'Oct 16-31'!V17,'Nov 1-15'!V17,'Nov 16-30'!V17,'Dec 1-15'!V17,'Dec 16-31'!V17,'Jan 1-15'!V17,'Jan 16-31'!V17,'Feb 1-15'!V17,'Feb 16-28'!V17,'Mar 1-15'!V17) -> 90.19 | W17: =SUM(R17:V17) -> 593.19
A18: Latud | B18: =SUM('Sept 16-30'!B18,'Oct 1-15'!B18,'Oct 16-31'!B18,'Nov 1-15'!B18,'Nov 16-30'!B18,'Dec 1-15'!B18,'Dec 16-31'!B18,'Jan 1-15'!B18,'Jan 16-31'!B18,'Feb 1-15'!B18,'Feb 16-28'!B18,'Mar 1-15'!B18) -> 54 | C18: =SUM('Sept 16-30'!C18,'Oct 1-15'!C18,'Oct 16-31'!C18,'Nov 1-15'!C18,'Nov 16-30'!C18,'Dec 1-15'!C18,'Dec 16-31'!C18,'Jan 1-15'!C18,'Jan 16-31'!C18,'Feb 1-15'!C18,'Feb 16-28'!C18,'Mar 1-15'!C18) -> 0 | D18: =SUM('Sept 16-30'!D18,'Oct 1-15'!D18,'Oct 16-31'!D18,'Nov 1-15'!D18,'Nov 16-30'!D18,'Dec 1-15'!D18,'Dec 16-31'!D18,'Jan 1-15'!D18,'Jan 16-31'!D18,'Feb 1-15'!D18,'Feb 16-28'!D18,'Mar 1-15'!D18) -> 0 | E18: =SUM('Sept 16-30'!E18,'Oct 1-15'!E18,'Oct 16-31'!E18,'Nov 1-15'!E18,'Nov 16-30'!E18,'Dec 1-15'!E18,'Dec 16-31'!E18,'Jan 1-15'!E18,'Jan 16-31'!E18,'Feb 1-15'!E18,'Feb 16-28'!E18,'Mar 1-15'!E18) -> 18.5 | F18: =SUM('Sept 16-30'!F18,'Oct 1-15'!F18,'Oct 16-31'!F18,'Nov 1-15'!F18,'Nov 16-30'!F18,'Dec 1-15'!F18,'Dec 16-31'!F18,'Jan 1-15'!F18,'Jan 16-31'!F18,'Feb 1-15'!F18,'Feb 16-28'!F18,'Mar 1-15'!F18) -> 0 | G18: =SUM('Sept 16-30'!G18,'Oct 1-15'!G18,'Oct 16-31'!G18,'Nov 1-15'!G18,'Nov 16-30'!G18,'Dec 1-15'!G18,'Dec 16-31'!G18,'Jan 1-15'!G18,'Jan 16-31'!G18,'Feb 1-15'!G18,'Feb 16-28'!G18,'Mar 1-15'!G18) -> 0 | H18: =SUM(C18:G18) -> 18.5 | I18: =SUM('Sept 16-30'!I18,'Oct 1-15'!I18,'Oct 16-31'!I18,'Nov 1-15'!I18,'Nov 16-30'!I18,'Dec 1-15'!I18,'Dec 16-31'!I18,'Jan 1-15'!I18,'Jan 16-31'!I18,'Feb 1-15'!I18,'Feb 16-28'!I18,'Mar 1-15'!I18) -> 40.3 | J18: =SUM('Sept 16-30'!J18,'Oct 1-15'!J18,'Oct 16-31'!J18,'Nov 1-15'!J18,'Nov 16-30'!J18,'Dec 1-15'!J18,'Dec 16-31'!J18,'Jan 1-15'!J18,'Jan 16-31'!J18,'Feb 1-15'!J18,'Feb 16-28'!J18,'Mar 1-15'!J18) -> 0 | K18: =SUM('Sept 16-30'!K18,'Oct 1-15'!K18,'Oct 16-31'!K18,'Nov 1-15'!K18,'Nov 16-30'!K18,'Dec 1-15'!K18,'Dec 16-31'!K18,'Jan 1-15'!K18,'Jan 16-31'!K18,'Feb 1-15'!K18,'Feb 16-28'!K18,'Mar 1-15'!K18) -> 52 | L18: =SUM('Sept 16-30'!L18,'Oct 1-15'!L18,'Oct 16-31'!L18,'Nov 1-15'!L18,'Nov 16-30'!L18,'Dec 1-15'!L18,'Dec 16-31'!L18,'Jan 1-15'!L18,'Jan 16-31'!L18,'Feb 1-15'!L18,'Feb 16-28'!L18,'Mar 1-15'!L18) -> 0 | M18: =SUM('Sept 16-30'!M18,'Oct 1-15'!M18,'Oct 16-31'!M18,'Nov 1-15'!M18,'Nov 16-30'!M18,'Dec 1-15'!M18,'Dec 16-31'!M18,'Jan 1-15'!M18,'Jan 16-31'!M18,'Feb 1-15'!M18,'Feb 16-28'!M18,'Mar 1-15'!M18) -> 0 | N18: =SUM('Sept 16-30'!N18,'Oct 1-15'!N18,'Oct 16-31'!N18,'Nov 1-15'!N18,'Nov 16-30'!N18,'Dec 1-15'!N18,'Dec 16-31'!N18,'Jan 1-15'!N18,'Jan 16-31'!N18,'Feb 1-15'!N18,'Feb 16-28'!N18,'Mar 1-15'!N18) -> 0 | O18: =SUM('Sept 16-30'!O18,'Oct 1-15'!O18,'Oct 16-31'!O18,'Nov 1-15'!O18,'Nov 16-30'!O18,'Dec 1-15'!O18,'Dec 16-31'!O18,'Jan 1-15'!O18,'Jan 16-31'!O18,'Feb 1-15'!O18,'Feb 16-28'!O18,'Mar 1-15'!O18) -> 0 | P18: =SUM('Sept 16-30'!P18,'Oct 1-15'!P18,'Oct 16-31'!P18,'Nov 1-15'!P18,'Nov 16-30'!P18,'Dec 1-15'!P18,'Dec 16-31'!P18,'Jan 1-15'!P18,'Jan 16-31'!P18,'Feb 1-15'!P18,'Feb 16-28'!P18,'Mar 1-15'!P18) -> 0 | Q18: =SUM(I18:P18) -> 92.3 | R18: =SUM('Sept 16-30'!R18,'Oct 1-15'!R18,'Oct 16-31'!R18,'Nov 1-15'!R18,'Nov 16-30'!R18,'Dec 1-15'!R18,'Dec 16-31'!R18,'Jan 1-15'!R18,'Jan 16-31'!R18,'Feb 1-15'!R18,'Feb 16-28'!R18,'Mar 1-15'!R18) -> 40.3 | S18: =SUM('Sept 16-30'!S18,'Oct 1-15'!S18,'Oct 16-31'!S18,'Nov 1-15'!S18,'Nov 16-30'!S18,'Dec 1-15'!S18,'Dec 16-31'!S18,'Jan 1-15'!S18,'Jan 16-31'!S18,'Feb 1-15'!S18,'Feb 16-28'!S18,'Mar 1-15'!S18) -> 0 | T18: =SUM('Sept 16-30'!T18,'Oct 1-15'!T18,'Oct 16-31'!T18,'Nov 1-15'!T18,'Nov 16-30'!T18,'Dec 1-15'!T18,'Dec 16-31'!T18,'Jan 1-15'!T18,'Jan 16-31'!T18,'Feb 1-15'!T18,'Feb 16-28'!T18,'Mar 1-15'!T18) -> 70.5 | U18: =SUM('Sept 16-30'!U18,'Oct 1-15'!U18,'Oct 16-31'!U18,'Nov 1-15'!U18,'Nov 16-30'!U18,'Dec 1-15'!U18,'Dec 16-31'!U18,'Jan 1-15'!U18,'Jan 16-31'!U18,'Feb 1-15'!U18,'Feb 16-28'!U18,'Mar 1-15'!U18) -> 0 | V18: =SUM('Sept 16-30'!V18,'Oct 1-15'!V18,'Oct 16-31'!V18,'Nov 1-15'!V18,'Nov 16-30'!V18,'Dec 1-15'!V18,'Dec 16-31'!V18,'Jan 1-15'!V18,'Jan 16-31'!V18,'Feb 1-15'!V18,'Feb 16-28'!V18,'Mar 1-15'!V18) -> 0 | W18: =SUM(R18:V18) -> 110.8
A19: Panalingaan | B19: =SUM('Sept 16-30'!B19,'Oct 1-15'!B19,'Oct 16-31'!B19,'Nov 1-15'!B19,'Nov 16-30'!B19,'Dec 1-15'!B19,'Dec 16-31'!B19,'Jan 1-15'!B19,'Jan 16-31'!B19,'Feb 1-15'!B19,'Feb 16-28'!B19,'Mar 1-15'!B19) -> 239 | C19: =SUM('Sept 16-30'!C19,'Oct 1-15'!C19,'Oct 16-31'!C19,'Nov 1-15'!C19,'Nov 16-30'!C19,'Dec 1-15'!C19,'Dec 16-31'!C19,'Jan 1-15'!C19,'Jan 16-31'!C19,'Feb 1-15'!C19,'Feb 16-28'!C19,'Mar 1-15'!C19) -> 144.51 | D19: =SUM('Sept 16-30'!D19,'Oct 1-15'!D19,'Oct 16-31'!D19,'Nov 1-15'!D19,'Nov 16-30'!D19,'Dec 1-15'!D19,'Dec 16-31'!D19,'Jan 1-15'!D19,'Jan 16-31'!D19,'Feb 1-15'!D19,'Feb 16-28'!D19,'Mar 1-15'!D19) -> 0 | E19: =SUM('Sept 16-30'!E19,'Oct 1-15'!E19,'Oct 16-31'!E19,'Nov 1-15'!E19,'Nov 16-30'!E19,'Dec 1-15'!E19,'Dec 16-31'!E19,'Jan 1-15'!E19,'Jan 16-31'!E19,'Feb 1-15'!E19,'Feb 16-28'!E19,'Mar 1-15'!E19) -> 126.65 | F19: =SUM('Sept 16-30'!F19,'Oct 1-15'!F19,'Oct 16-31'!F19,'Nov 1-15'!F19,'Nov 16-30'!F19,'Dec 1-15'!F19,'Dec 16-31'!F19,'Jan 1-15'!F19,'Jan 16-31'!F19,'Feb 1-15'!F19,'Feb 16-28'!F19,'Mar 1-15'!F19) -> 0 | G19: =SUM('Sept 16-30'!G19,'Oct 1-15'!G19,'Oct 16-31'!G19,'Nov 1-15'!G19,'Nov 16-30'!G19,'Dec 1-15'!G19,'Dec 16-31'!G19,'Jan 1-15'!G19,'Jan 16-31'!G19,'Feb 1-15'!G19,'Feb 16-28'!G19,'Mar 1-15'!G19) -> 17.7 | H19: =SUM(C19:G19) -> 288.86 | I19: =SUM('Sept 16-30'!I19,'Oct 1-15'!I19,'Oct 16-31'!I19,'Nov 1-15'!I19,'Nov 16-30'!I19,'Dec 1-15'!I19,'Dec 16-31'!I19,'Jan 1-15'!I19,'Jan 16-31'!I19,'Feb 1-15'!I19,'Feb 16-28'!I19,'Mar 1-15'!I19) -> 40 | J19: =SUM('Sept 16-30'!J19,'Oct 1-15'!J19,'Oct 16-31'!J19,'Nov 1-15'!J19,'Nov 16-30'!J19,'Dec 1-15'!J19,'Dec 16-31'!J19,'Jan 1-15'!J19,'Jan 16-31'!J19,'Feb 1-15'!J19,'Feb 16-28'!J19,'Mar 1-15'!J19) -> 0 | K19: =SUM('Sept 16-30'!K19,'Oct 1-15'!K19,'Oct 16-31'!K19,'Nov 1-15'!K19,'Nov 16-30'!K19,'Dec 1-15'!K19,'Dec 16-31'!K19,'Jan 1-15'!K19,'Jan 16-31'!K19,'Feb 1-15'!K19,'Feb 16-28'!K19,'Mar 1-15'!K19) -> 47.5 | L19: =SUM('Sept 16-30'!L19,'Oct 1-15'!L19,'Oct 16-31'!L19,'Nov 1-15'!L19,'Nov 16-30'!L19,'Dec 1-15'!L19,'Dec 16-31'!L19,'Jan 1-15'!L19,'Jan 16-31'!L19,'Feb 1-15'!L19,'Feb 16-28'!L19,'Mar 1-15'!L19) -> 0 | M19: =SUM('Sept 16-30'!M19,'Oct 1-15'!M19,'Oct 16-31'!M19,'Nov 1-15'!M19,'Nov 16-30'!M19,'Dec 1-15'!M19,'Dec 16-31'!M19,'Jan 1-15'!M19,'Jan 16-31'!M19,'Feb 1-15'!M19,'Feb 16-28'!M19,'Mar 1-15'!M19) -> 8.5 | N19: =SUM('Sept 16-30'!N19,'Oct 1-15'!N19,'Oct 16-31'!N19,'Nov 1-15'!N19,'Nov 16-30'!N19,'Dec 1-15'!N19,'Dec 16-31'!N19,'Jan 1-15'!N19,'Jan 16-31'!N19,'Feb 1-15'!N19,'Feb 16-28'!N19,'Mar 1-15'!N19) -> 0 | O19: =SUM('Sept 16-30'!O19,'Oct 1-15'!O19,'Oct 16-31'!O19,'Nov 1-15'!O19,'Nov 16-30'!O19,'Dec 1-15'!O19,'Dec 16-31'!O19,'Jan 1-15'!O19,'Jan 16-31'!O19,'Feb 1-15'!O19,'Feb 16-28'!O19,'Mar 1-15'!O19) -> 0 | P19: =SUM('Sept 16-30'!P19,'Oct 1-15'!P19,'Oct 16-31'!P19,'Nov 1-15'!P19,'Nov 16-30'!P19,'Dec 1-15'!P19,'Dec 16-31'!P19,'Jan 1-15'!P19,'Jan 16-31'!P19,'Feb 1-15'!P19,'Feb 16-28'!P19,'Mar 1-15'!P19) -> 0 | Q19: =SUM(I19:P19) -> 96 | R19: =SUM('Sept 16-30'!R19,'Oct 1-15'!R19,'Oct 16-31'!R19,'Nov 1-15'!R19,'Nov 16-30'!R19,'Dec 1-15'!R19,'Dec 16-31'!R19,'Jan 1-15'!R19,'Jan 16-31'!R19,'Feb 1-15'!R19,'Feb 16-28'!R19,'Mar 1-15'!R19) -> 184.51 | S19: =SUM('Sept 16-30'!S19,'Oct 1-15'!S19,'Oct 16-31'!S19,'Nov 1-15'!S19,'Nov 16-30'!S19,'Dec 1-15'!S19,'Dec 16-31'!S19,'Jan 1-15'!S19,'Jan 16-31'!S19,'Feb 1-15'!S19,'Feb 16-28'!S19,'Mar 1-15'!S19) -> 0 | T19: =SUM('Sept 16-30'!T19,'Oct 1-15'!T19,'Oct 16-31'!T19,'Nov 1-15'!T19,'Nov 16-30'!T19,'Dec 1-15'!T19,'Dec 16-31'!T19,'Jan 1-15'!T19,'Jan 16-31'!T19,'Feb 1-15'!T19,'Feb 16-28'!T19,'Mar 1-15'!T19) -> 174.15 | U19: =SUM('Sept 16-30'!U19,'Oct 1-15'!U19,'Oct 16-31'!U19,'Nov 1-15'!U19,'Nov 16-30'!U19,'Dec 1-15'!U19,'Dec 16-31'!U19,'Jan 1-15'!U19,'Jan 16-31'!U19,'Feb 1-15'!U19,'Feb 16-28'!U19,'Mar 1-15'!U19) -> 0 | V19: =SUM('Sept 16-30'!V19,'Oct 1-15'!V19,'Oct 16-31'!V19,'Nov 1-15'!V19,'Nov 16-30'!V19,'Dec 1-15'!V19,'Dec 16-31'!V19,'Jan 1-15'!V19,'Jan 16-31'!V19,'Feb 1-15'!V19,'Feb 16-28'!V19,'Mar 1-15'!V19) -> 26.2 | W19: =SUM(R19:V19) -> 384.86
A20: Punta Baja | B20: =SUM('Sept 16-30'!B20,'Oct 1-15'!B20,'Oct 16-31'!B20,'Nov 1-15'!B20,'Nov 16-30'!B20,'Dec 1-15'!B20,'Dec 16-31'!B20,'Jan 1-15'!B20,'Jan 16-31'!B20,'Feb 1-15'!B20,'Feb 16-28'!B20,'Mar 1-15'!B20) -> 365 | C20: =SUM('Sept 16-30'!C20,'Oct 1-15'!C20,'Oct 16-31'!C20,'Nov 1-15'!C20,'Nov 16-30'!C20,'Dec 1-15'!C20,'Dec 16-31'!C20,'Jan 1-15'!C20,'Jan 16-31'!C20,'Feb 1-15'!C20,'Feb 16-28'!C20,'Mar 1-15'!C20) -> 305.05 | D20: =SUM('Sept 16-30'!D20,'Oct 1-15'!D20,'Oct 16-31'!D20,'Nov 1-15'!D20,'Nov 16-30'!D20,'Dec 1-15'!D20,'Dec 16-31'!D20,'Jan 1-15'!D20,'Jan 16-31'!D20,'Feb 1-15'!D20,'Feb 16-28'!D20,'Mar 1-15'!D20) -> 0 | E20: =SUM('Sept 16-30'!E20,'Oct 1-15'!E20,'Oct 16-31'!E20,'Nov 1-15'!E20,'Nov 16-30'!E20,'Dec 1-15'!E20,'Dec 16-31'!E20,'Jan 1-15'!E20,'Jan 16-31'!E20,'Feb 1-15'!E20,'Feb 16-28'!E20,'Mar 1-15'!E20) -> 364.6 | F20: =SUM('Sept 16-30'!F20,'Oct 1-15'!F20,'Oct 16-31'!F20,'Nov 1-15'!F20,'Nov 16-30'!F20,'Dec 1-15'!F20,'Dec 16-31'!F20,'Jan 1-15'!F20,'Jan 16-31'!F20,'Feb 1-15'!F20,'Feb 16-28'!F20,'Mar 1-15'!F20) -> 0 | G20: =SUM('Sept 16-30'!G20,'Oct 1-15'!G20,'Oct 16-31'!G20,'Nov 1-15'!G20,'Nov 16-30'!G20,'Dec 1-15'!G20,'Dec 16-31'!G20,'Jan 1-15'!G20,'Jan 16-31'!G20,'Feb 1-15'!G20,'Feb 16-28'!G20,'Mar 1-15'!G20) -> 12.3 | H20: =SUM(C20:G20) -> 681.95 | I20: =SUM('Sept 16-30'!I20,'Oct 1-15'!I20,'Oct 16-31'!I20,'Nov 1-15'!I20,'Nov 16-30'!I20,'Dec 1-15'!I20,'Dec 16-31'!I20,'Jan 1-15'!I20,'Jan 16-31'!I20,'Feb 1-15'!I20,'Feb 16-28'!I20,'Mar 1-15'!I20) -> 10.5 | J20: =SUM('Sept 16-30'!J20,'Oct 1-15'!J20,'Oct 16-31'!J20,'Nov 1-15'!J20,'Nov 16-30'!J20,'Dec 1-15'!J20,'Dec 16-31'!J20,'Jan 1-15'!J20,'Jan 16-31'!J20,'Feb 1-15'!J20,'Feb 16-28'!J20,'Mar 1-15'!J20) -> 0 | K20: =SUM('Sept 16-30'!K20,'Oct 1-15'!K20,'Oct 16-31'!K20,'Nov 1-15'!K20,'Nov 16-30'!K20,'Dec 1-15'!K20,'Dec 16-31'!K20,'Jan 1-15'!K20,'Jan 16-31'!K20,'Feb 1-15'!K20,'Feb 16-28'!K20,'Mar 1-15'!K20) -> 29.5 | L20: =SUM('Sept 16-30'!L20,'Oct 1-15'!L20,'Oct 16-31'!L20,'Nov 1-15'!L20,'Nov 16-30'!L20,'Dec 1-15'!L20,'Dec 16-31'!L20,'Jan 1-15'!L20,'Jan 16-31'!L20,'Feb 1-15'!L20,'Feb 16-28'!L20,'Mar 1-15'!L20) -> 0 | M20: =SUM('Sept 16-30'!M20,'Oct 1-15'!M20,'Oct 16-31'!M20,'Nov 1-15'!M20,'Nov 16-30'!M20,'Dec 1-15'!M20,'Dec 16-31'!M20,'Jan 1-15'!M20,'Jan 16-31'!M20,'Feb 1-15'!M20,'Feb 16-28'!M20,'Mar 1-15'!M20) -> 4 | N20: =SUM('Sept 16-30'!N20,'Oct 1-15'!N20,'Oct 16-31'!N20,'Nov 1-15'!N20,'Nov 16-30'!N20,'Dec 1-15'!N20,'Dec 16-31'!N20,'Jan 1-15'!N20,'Jan 16-31'!N20,'Feb 1-15'!N20,'Feb 16-28'!N20,'Mar 1-15'!N20) -> 0 | O20: =SUM('Sept 16-30'!O20,'Oct 1-15'!O20,'Oct 16-31'!O20,'Nov 1-15'!O20,'Nov 16-30'!O20,'Dec 1-15'!O20,'Dec 16-31'!O20,'Jan 1-15'!O20,'Jan 16-31'!O20,'Feb 1-15'!O20,'Feb 16-28'!O20,'Mar 1-15'!O20) -> 0 | P20: =SUM('Sept 16-30'!P20,'Oct 1-15'!P20,'Oct 16-31'!P20,'Nov 1-15'!P20,'Nov 16-30'!P20,'Dec 1-15'!P20,'Dec 16-31'!P20,'Jan 1-15'!P20,'Jan 16-31'!P20,'Feb 1-15'!P20,'Feb 16-28'!P20,'Mar 1-15'!P20) -> 0 | Q20: =SUM(I20:P20) -> 44 | R20: =SUM('Sept 16-30'!R20,'Oct 1-15'!R20,'Oct 16-31'!R20,'Nov 1-15'!R20,'Nov 16-30'!R20,'Dec 1-15'!R20,'Dec 16-31'!R20,'Jan 1-15'!R20,'Jan 16-31'!R20,'Feb 1-15'!R20,'Feb 16-28'!R20,'Mar 1-15'!R20) -> 315.55 | S20: =SUM('Sept 16-30'!S20,'Oct 1-15'!S20,'Oct 16-31'!S20,'Nov 1-15'!S20,'Nov 16-30'!S20,'Dec 1-15'!S20,'Dec 16-31'!S20,'Jan 1-15'!S20,'Jan 16-31'!S20,'Feb 1-15'!S20,'Feb 16-28'!S20,'Mar 1-15'!S20) -> 0 | T20: =SUM('Sept 16-30'!T20,'Oct 1-15'!T20,'Oct 16-31'!T20,'Nov 1-15'!T20,'Nov 16-30'!T20,'Dec 1-15'!T20,'Dec 16-31'!T20,'Jan 1-15'!T20,'Jan 16-31'!T20,'Feb 1-15'!T20,'Feb 16-28'!T20,'Mar 1-15'!T20) -> 394.1 | U20: =SUM('Sept 16-30'!U20,'Oct 1-15'!U20,'Oct 16-31'!U20,'Nov 1-15'!U20,'Nov 16-30'!U20,'Dec 1-15'!U20,'Dec 16-31'!U20,'Jan 1-15'!U20,'Jan 16-31'!U20,'Feb 1-15'!U20,'Feb 16-28'!U20,'Mar 1-15'!U20) -> 0 | V20: =SUM('Sept 16-30'!V20,'Oct 1-15'!V20,'Oct 16-31'!V20,'Nov 1-15'!V20,'Nov 16-30'!V20,'Dec 1-15'!V20,'Dec 16-31'!V20,'Jan 1-15'!V20,'Jan 16-31'!V20,'Feb 1-15'!V20,'Feb 16-28'!V20,'Mar 1-15'!V20) -> 11.3 | W20: =SUM(R20:V20) -> 720.95
A21: Ransang | B21: =SUM('Sept 16-30'!B21,'Oct 1-15'!B21,'Oct 16-31'!B21,'Nov 1-15'!B21,'Nov 16-30'!B21,'Dec 1-15'!B21,'Dec 16-31'!B21,'Jan 1-15'!B21,'Jan 16-31'!B21,'Feb 1-15'!B21,'Feb 16-28'!B21,'Mar 1-15'!B21) -> 79 | C21: =SUM('Sept 16-30'!C21,'Oct 1-15'!C21,'Oct 16-31'!C21,'Nov 1-15'!C21,'Nov 16-30'!C21,'Dec 1-15'!C21,'Dec 16-31'!C21,'Jan 1-15'!C21,'Jan 16-31'!C21,'Feb 1-15'!C21,'Feb 16-28'!C21,'Mar 1-15'!C21) -> 87.5933 | D21: =SUM('Sept 16-30'!D21,'Oct 1-15'!D21,'Oct 16-31'!D21,'Nov 1-15'!D21,'Nov 16-30'!D21,'Dec 1-15'!D21,'Dec 16-31'!D21,'Jan 1-15'!D21,'Jan 16-31'!D21,'Feb 1-15'!D21,'Feb 16-28'!D21,'Mar 1-15'!D21) -> 0 | E21: =SUM('Sept 16-30'!E21,'Oct 1-15'!E21,'Oct 16-31'!E21,'Nov 1-15'!E21,'Nov 16-30'!E21,'Dec 1-15'!E21,'Dec 16-31'!E21,'Jan 1-15'!E21,'Jan 16-31'!E21,'Feb 1-15'!E21,'Feb 16-28'!E21,'Mar 1-15'!E21) -> 13.4 | F21: =SUM('Sept 16-30'!F21,'Oct 1-15'!F21,'Oct 16-31'!F21,'Nov 1-15'!F21,'Nov 16-30'!F21,'Dec 1-15'!F21,'Dec 16-31'!F21,'Jan 1-15'!F21,'Jan 16-31'!F21,'Feb 1-15'!F21,'Feb 16-28'!F21,'Mar 1-15'!F21) -> 0 | G21: =SUM('Sept 16-30'!G21,'Oct 1-15'!G21,'Oct 16-31'!G21,'Nov 1-15'!G21,'Nov 16-30'!G21,'Dec 1-15'!G21,'Dec 16-31'!G21,'Jan 1-15'!G21,'Jan 16-31'!G21,'Feb 1-15'!G21,'Feb 16-28'!G21,'Mar 1-15'!G21) -> 5.4 | H21: =SUM(C21:G21) -> 106.3933 | I21: =SUM('Sept 16-30'!I21,'Oct 1-15'!I21,'Oct 16-31'!I21,'Nov 1-15'!I21,'Nov 16-30'!I21,'Dec 1-15'!I21,'Dec 16-31'!I21,'Jan 1-15'!I21,'Jan 16-31'!I21,'Feb 1-15'!I21,'Feb 16-28'!I21,'Mar 1-15'!I21) -> 12 | J21: =SUM('Sept 16-30'!J21,'Oct 1-15'!J21,'Oct 16-31'!J21,'Nov 1-15'!J21,'Nov 16-30'!J21,'Dec 1-15'!J21,'Dec 16-31'!J21,'Jan 1-15'!J21,'Jan 16-31'!J21,'Feb 1-15'!J21,'Feb 16-28'!J21,'Mar 1-15'!J21) -> 0 | K21: =SUM('Sept 16-30'!K21,'Oct 1-15'!K21,'Oct 16-31'!K21,'Nov 1-15'!K21,'Nov 16-30'!K21,'Dec 1-15'!K21,'Dec 16-31'!K21,'Jan 1-15'!K21,'Jan 16-31'!K21,'Feb 1-15'!K21,'Feb 16-28'!K21,'Mar 1-15'!K21) -> 40.6 | L21: =SUM('Sept 16-30'!L21,'Oct 1-15'!L21,'Oct 16-31'!L21,'Nov 1-15'!L21,'Nov 16-30'!L21,'Dec 1-15'!L21,'Dec 16-31'!L21,'Jan 1-15'!L21,'Jan 16-31'!L21,'Feb 1-15'!L21,'Feb 16-28'!L21,'Mar 1-15'!L21) -> 0 | M21: =SUM('Sept 16-30'!M21,'Oct 1-15'!M21,'Oct 16-31'!M21,'Nov 1-15'!M21,'Nov 16-30'!M21,'Dec 1-15'!M21,'Dec 16-31'!M21,'Jan 1-15'!M21,'Jan 16-31'!M21,'Feb 1-15'!M21,'Feb 16-28'!M21,'Mar 1-15'!M21) -> 0 | N21: =SUM('Sept 16-30'!N21,'Oct 1-15'!N21,'Oct 16-31'!N21,'Nov 1-15'!N21,'Nov 16-30'!N21,'Dec 1-15'!N21,'Dec 16-31'!N21,'Jan 1-15'!N21,'Jan 16-31'!N21,'Feb 1-15'!N21,'Feb 16-28'!N21,'Mar 1-15'!N21) -> 0 | O21: =SUM('Sept 16-30'!O21,'Oct 1-15'!O21,'Oct 16-31'!O21,'Nov 1-15'!O21,'Nov 16-30'!O21,'Dec 1-15'!O21,'Dec 16-31'!O21,'Jan 1-15'!O21,'Jan 16-31'!O21,'Feb 1-15'!O21,'Feb 16-28'!O21,'Mar 1-15'!O21) -> 0 | P21: =SUM('Sept 16-30'!P21,'Oct 1-15'!P21,'Oct 16-31'!P21,'Nov 1-15'!P21,'Nov 16-30'!P21,'Dec 1-15'!P21,'Dec 16-31'!P21,'Jan 1-15'!P21,'Jan 16-31'!P21,'Feb 1-15'!P21,'Feb 16-28'!P21,'Mar 1-15'!P21) -> 0 | Q21: =SUM(I21:P21) -> 52.6 | R21: =SUM('Sept 16-30'!R21,'Oct 1-15'!R21,'Oct 16-31'!R21,'Nov 1-15'!R21,'Nov 16-30'!R21,'Dec 1-15'!R21,'Dec 16-31'!R21,'Jan 1-15'!R21,'Jan 16-31'!R21,'Feb 1-15'!R21,'Feb 16-28'!R21,'Mar 1-15'!R21) -> 99.5933 | S21: =SUM('Sept 16-30'!S21,'Oct 1-15'!S21,'Oct 16-31'!S21,'Nov 1-15'!S21,'Nov 16-30'!S21,'Dec 1-15'!S21,'Dec 16-31'!S21,'Jan 1-15'!S21,'Jan 16-31'!S21,'Feb 1-15'!S21,'Feb 16-28'!S21,'Mar 1-15'!S21) -> 0 | T21: =SUM('Sept 16-30'!T21,'Oct 1-15'!T21,'Oct 16-31'!T21,'Nov 1-15'!T21,'Nov 16-30'!T21,'Dec 1-15'!T21,'Dec 16-31'!T21,'Jan 1-15'!T21,'Jan 16-31'!T21,'Feb 1-15'!T21,'Feb 16-28'!T21,'Mar 1-15'!T21) -> 54 | U21: =SUM('Sept 16-30'!U21,'Oct 1-15'!U21,'Oct 16-31'!U21,'Nov 1-15'!U21,'Nov 16-30'!U21,'Dec 1-15'!U21,'Dec 16-31'!U21,'Jan 1-15'!U21,'Jan 16-31'!U21,'Feb 1-15'!U21,'Feb 16-28'!U21,'Mar 1-15'!U21) -> 0 | V21: =SUM('Sept 16-30'!V21,'Oct 1-15'!V21,'Oct 16-31'!V21,'Nov 1-15'!V21,'Nov 16-30'!V21,'Dec 1-15'!V21,'Dec 16-31'!V21,'Jan 1-15'!V21,'Jan 16-31'!V21,'Feb 1-15'!V21,'Feb 16-28'!V21,'Mar 1-15'!V21) -> 5.4 | W21: =SUM(R21:V21) -> 158.9933
A22: Taburi | B22: =SUM('Sept 16-30'!B22,'Oct 1-15'!B22,'Oct 16-31'!B22,'Nov 1-15'!B22,'Nov 16-30'!B22,'Dec 1-15'!B22,'Dec 16-31'!B22,'Jan 1-15'!B22,'Jan 16-31'!B22,'Feb 1-15'!B22,'Feb 16-28'!B22,'Mar 1-15'!B22) -> 260 | C22: =SUM('Sept 16-30'!C22,'Oct 1-15'!C22,'Oct 16-31'!C22,'Nov 1-15'!C22,'Nov 16-30'!C22,'Dec 1-15'!C22,'Dec 16-31'!C22,'Jan 1-15'!C22,'Jan 16-31'!C22,'Feb 1-15'!C22,'Feb 16-28'!C22,'Mar 1-15'!C22) -> 13 | D22: =SUM('Sept 16-30'!D22,'Oct 1-15'!D22,'Oct 16-31'!D22,'Nov 1-15'!D22,'Nov 16-30'!D22,'Dec 1-15'!D22,'Dec 16-31'!D22,'Jan 1-15'!D22,'Jan 16-31'!D22,'Feb 1-15'!D22,'Feb 16-28'!D22,'Mar 1-15'!D22) -> 0 | E22: =SUM('Sept 16-30'!E22,'Oct 1-15'!E22,'Oct 16-31'!E22,'Nov 1-15'!E22,'Nov 16-30'!E22,'Dec 1-15'!E22,'Dec 16-31'!E22,'Jan 1-15'!E22,'Jan 16-31'!E22,'Feb 1-15'!E22,'Feb 16-28'!E22,'Mar 1-15'!E22) -> 97.4 | F22: =SUM('Sept 16-30'!F22,'Oct 1-15'!F22,'Oct 16-31'!F22,'Nov 1-15'!F22,'Nov 16-30'!F22,'Dec 1-15'!F22,'Dec 16-31'!F22,'Jan 1-15'!F22,'Jan 16-31'!F22,'Feb 1-15'!F22,'Feb 16-28'!F22,'Mar 1-15'!F22) -> 0 | G22: =SUM('Sept 16-30'!G22,'Oct 1-15'!G22,'Oct 16-31'!G22,'Nov 1-15'!G22,'Nov 16-30'!G22,'Dec 1-15'!G22,'Dec 16-31'!G22,'Jan 1-15'!G22,'Jan 16-31'!G22,'Feb 1-15'!G22,'Feb 16-28'!G22,'Mar 1-15'!G22) -> 5.75 | H22: =SUM(C22:G22) -> 116.15 | I22: =SUM('Sept 16-30'!I22,'Oct 1-15'!I22,'Oct 16-31'!I22,'Nov 1-15'!I22,'Nov 16-30'!I22,'Dec 1-15'!I22,'Dec 16-31'!I22,'Jan 1-15'!I22,'Jan 16-31'!I22,'Feb 1-15'!I22,'Feb 16-28'!I22,'Mar 1-15'!I22) -> 106.5 | J22: =SUM('Sept 16-30'!J22,'Oct 1-15'!J22,'Oct 16-31'!J22,'Nov 1-15'!J22,'Nov 16-30'!J22,'Dec 1-15'!J22,'Dec 16-31'!J22,'Jan 1-15'!J22,'Jan 16-31'!J22,'Feb 1-15'!J22,'Feb 16-28'!J22,'Mar 1-15'!J22) -> 0 | K22: =SUM('Sept 16-30'!K22,'Oct 1-15'!K22,'Oct 16-31'!K22,'Nov 1-15'!K22,'Nov 16-30'!K22,'Dec 1-15'!K22,'Dec 16-31'!K22,'Jan 1-15'!K22,'Jan 16-31'!K22,'Feb 1-15'!K22,'Feb 16-28'!K22,'Mar 1-15'!K22) -> 150.5 | L22: =SUM('Sept 16-30'!L22,'Oct 1-15'!L22,'Oct 16-31'!L22,'Nov 1-15'!L22,'Nov 16-30'!L22,'Dec 1-15'!L22,'Dec 16-31'!L22,'Jan 1-15'!L22,'Jan 16-31'!L22,'Feb 1-15'!L22,'Feb 16-28'!L22,'Mar 1-15'!L22) -> 0 | M22: =SUM('Sept 16-30'!M22,'Oct 1-15'!M22,'Oct 16-31'!M22,'Nov 1-15'!M22,'Nov 16-30'!M22,'Dec 1-15'!M22,'Dec 16-31'!M22,'Jan 1-15'!M22,'Jan 16-31'!M22,'Feb 1-15'!M22,'Feb 16-28'!M22,'Mar 1-15'!M22) -> 0 | N22: =SUM('Sept 16-30'!N22,'Oct 1-15'!N22,'Oct 16-31'!N22,'Nov 1-15'!N22,'Nov 16-30'!N22,'Dec 1-15'!N22,'Dec 16-31'!N22,'Jan 1-15'!N22,'Jan 16-31'!N22,'Feb 1-15'!N22,'Feb 16-28'!N22,'Mar 1-15'!N22) -> 0 | O22: =SUM('Sept 16-30'!O22,'Oct 1-15'!O22,'Oct 16-31'!O22,'Nov 1-15'!O22,'Nov 16-30'!O22,'Dec 1-15'!O22,'Dec 16-31'!O22,'Jan 1-15'!O22,'Jan 16-31'!O22,'Feb 1-15'!O22,'Feb 16-28'!O22,'Mar 1-15'!O22) -> 0 | P22: =SUM('Sept 16-30'!P22,'Oct 1-15'!P22,'Oct 16-31'!P22,'Nov 1-15'!P22,'Nov 16-30'!P22,'Dec 1-15'!P22,'Dec 16-31'!P22,'Jan 1-15'!P22,'Jan 16-31'!P22,'Feb 1-15'!P22,'Feb 16-28'!P22,'Mar 1-15'!P22) -> 0 | Q22: =SUM(I22:P22) -> 257 | R22: =SUM('Sept 16-30'!R22,'Oct 1-15'!R22,'Oct 16-31'!R22,'Nov 1-15'!R22,'Nov 16-30'!R22,'Dec 1-15'!R22,'Dec 16-31'!R22,'Jan 1-15'!R22,'Jan 16-31'!R22,'Feb 1-15'!R22,'Feb 16-28'!R22,'Mar 1-15'!R22) -> 119.5 | S22: =SUM('Sept 16-30'!S22,'Oct 1-15'!S22,'Oct 16-31'!S22,'Nov 1-15'!S22,'Nov 16-30'!S22,'Dec 1-15'!S22,'Dec 16-31'!S22,'Jan 1-15'!S22,'Jan 16-31'!S22,'Feb 1-15'!S22,'Feb 16-28'!S22,'Mar 1-15'!S22) -> 0 | T22: =SUM('Sept 16-30'!T22,'Oct 1-15'!T22,'Oct 16-31'!T22,'Nov 1-15'!T22,'Nov 16-30'!T22,'Dec 1-15'!T22,'Dec 16-31'!T22,'Jan 1-15'!T22,'Jan 16-31'!T22,'Feb 1-15'!T22,'Feb 16-28'!T22,'Mar 1-15'!T22) -> 247.9 | U22: =SUM('Sept 16-30'!U22,'Oct 1-15'!U22,'Oct 16-31'!U22,'Nov 1-15'!U22,'Nov 16-30'!U22,'Dec 1-15'!U22,'Dec 16-31'!U22,'Jan 1-15'!U22,'Jan 16-31'!U22,'Feb 1-15'!U22,'Feb 16-28'!U22,'Mar 1-15'!U22) -> 0 | V22: =SUM('Sept 16-30'!V22,'Oct 1-15'!V22,'Oct 16-31'!V22,'Nov 1-15'!V22,'Nov 16-30'!V22,'Dec 1-15'!V22,'Dec 16-31'!V22,'Jan 1-15'!V22,'Jan 16-31'!V22,'Feb 1-15'!V22,'Feb 16-28'!V22,'Mar 1-15'!V22) -> 5.75 | W22: =SUM(R22:V22) -> 373.15
A24: - to be submitted every 15th and 30th day of the month
A25: - March 15 submission for terminal planting under DS cropping
A26: =-A29 -> 0

Sheet Sept 16-30
A1: Department of Agriculture
A2: REGIONAL FIELD OFFICE MIMAROPA
A3: Rice Program
A5: DRY SEASON 2026 Planting Report
A6: as of September 30, 2025
A7: MUNICIPALITY / BARANGAY | B7: NO. OF FARMER PLANTED | C7: IRRIGATED | I7: RAINFED | R7: =A5 -> DRY SEASON 2026 Planting Report | X7: REMARKS
C9: HYBRID SEEDS | D9: REGISTERED SEEDS | E9: CERTIFIED SEEDS | F9: GOOD QUALITY SEEDS | G9: FARMERS HOME SAVED SEEDS / GS | H9: TOTAL | I9: LOWLAND | N9: UPLAND | Q9: TOTAL | R9: HYBRID SEEDS | S9: REGISTERED SEEDS | T9: CERTIFIED SEEDS | U9: GOOD QUALITY SEEDS | V9: FARMERS HOME SAVED SEEDS / GS | W9: TOTAL
I10: HYBRID SEEDS | J10: REGISTERED SEEDS | K10: CERTIFIED SEEDS | L10: GOOD QUALITY SEEDS | M10: FARMERS HOME SAVED SEEDS | N10: CERTIFIED SEEDS | O10: GOOD QUALITY SEEDS | P10: FARMERS HOME SAVED SEEDS / GS
A11: Rizal | B11: =SUM(B12:B23) -> 45 | C11: =SUM(C12:C23) -> 2.6 | D11: =SUM(D12:D23) -> 0 | E11: =SUM(E12:E23) -> 30.2 | F11: =SUM(F12:F23) -> 0 | G11: =SUM(G12:G23) -> 10.1 | H11: =SUM(H12:H23) -> 42.9 | I11: =SUM(I12:I23) -> 1 | ... W11: =SUM(W12:W23) -> 73
A12: Bunog | B12: - | H12: =SUM(C12:G12) -> 0 | Q12: =SUM(I12:P12) -> 0 | R12: =C12+I12 -> 0 | S12: =D12+J12 -> 0 | T12: =E12+K12+N12 -> 0 | U12: =F12+L12+O12 -> 0 | V12: =G12+M12+P12 -> 0 | W12: =SUM(R12:V12) -> 0
A13: Campong Ulay | B13: 7 | E13: 8 | H13: =SUM(C13:G13) -> 8 | K13: 1.5 | Q13: =SUM(I13:P13) -> 1.5 | R13: =C13+I13 -> 0 | S13: =D13+J13 -> 0 | T13: =E13+K13+N13 -> 9.5 | U13: =F13+L13+O13 -> 0 | V13: =G13+M13+P13 -> 0 | W13: =SUM(R13:V13) -> 9.5
A14: Candawaga | B14: - | H14: =SUM(C14:G14) -> 0 | Q14: =SUM(I14:P14) -> 0 | R14: =C14+I14 -> 0 | S14: =D14+J14 -> 0 | T14: =E14+K14+N14 -> 0 | U14: =F14+L14+O14 -> 0 | V14: =G14+M14+P14 -> 0 | W14: =SUM(R14:V14) -> 0
A15: Canipaan | B15: 20 | E15: 5.5 | H15: =SUM(C15:G15) -> 5.5 | K15: 20.3 | M15: 3.5 | Q15: =SUM(I15:P15) -> 23.8 | R15: =C15+I15 -> 0 | S15: =D15+J15 -> 0 | T15: =E15+K15+N15 -> 25.8 | U15: =F15+L15+O15 -> 0 | V15: =G15+M15+P15 -> 3.5 | W15: =SUM(R15:V15) -> 29.3
A16: Culasian | B16: - | H16: =SUM(C16:G16) -> 0 | Q16: =SUM(I16:P16) -> 0 | R16: =C16+I16 -> 0 | S16: =D16+J16 -> 0 | T16: =E16+K16+N16 -> 0 | U16: =F16+L16+O16 -> 0 | V16: =G16+M16+P16 -> 0 | W16: =SUM(R16:V16) -> 0
A17: Iraan | B17: 6 | G17: 3.6 | H17: =SUM(C17:G17) -> 3.6 | I17: 1 | M17: 2.5 | Q17: =SUM(I17:P17) -> 3.5 | R17: =C17+I17 -> 1 | S17: =D17+J17 -> 0 | T17: =E17+K17+N17 -> 0 | U17: =F17+L17+O17 -> 0 | V17: =G17+M17+P17 -> 6.1 | W17: =SUM(R17:V17) -> 7.1
A18: Latud | B18: - | H18: =SUM(C18:G18) -> 0 | Q18: =SUM(I18:P18) -> 0 | R18: =C18+I18 -> 0 | S18: =D18+J18 -> 0 | T18: =E18+K18+N18 -> 0 | U18: =F18+L18+O18 -> 0 | V18: =G18+M18+P18 -> 0 | W18: =SUM(R18:V18) -> 0
A19: Panalingaan | B19: - | H19: =SUM(C19:G19) -> 0 | Q19: =SUM(I19:P19) -> 0 | R19: =C19+I19 -> 0 | S19: =D19+J19 -> 0 | T19: =E19+K19+N19 -> 0 | U19: =F19+L19+O19 -> 0 | V19: =G19+M19+P19 -> 0 | W19: =SUM(R19:V19) -> 0
A20: Punta Baja | B20: 8 | E20: 15.7 | G20: 2 | H20: =SUM(C20:G20) -> 17.7 | Q20: =SUM(I20:P20) -> 0 | R20: =C20+I20 -> 0 | S20: =D20+J20 -> 0 | T20: =E20+K20+N20 -> 15.7 | U20: =F20+L20+O20 -> 0 | V20: =G20+M20+P20 -> 2 | W20: =SUM(R20:V20) -> 17.7
A21: Ransang | B21: 4 | C21: 2.6 | E21: 1 | G21: 4.5 | H21: =SUM(C21:G21) -> 8.1 | K21: 1.3 | Q21: =SUM(I21:P21) -> 1.3 | R21: =C21+I21 -> 2.6 | S21: =D21+J21 -> 0 | T21: =E21+K21+N21 -> 2.3 | U21: =F21+L21+O21 -> 0 | V21: =G21+M21+P21 -> 4.5 | W21: =SUM(R21:V21) -> 9.4
A22: Taburi | B22: - | H22: =SUM(C22:G22) -> 0 | Q22: =SUM(I22:P22) -> 0 | R22: =C22+I22 -> 0 | S22: =D22+J22 -> 0 | T22: =E22+K22+N22 -> 0 | U22: =F22+L22+O22 -> 0 | V22: =G22+M22+P22 -> 0 | W22: =SUM(R22:V22) -> 0
A24: - to be submitted every 15th and 30th day of the month
A25: - March 15 submission for terminal planting under DS cropping
A26: =-A29 -> 0

Sheet Sept 16-30 Materlist (2)
A1: Department of Agriculture
A2: REGIONAL FIELD OFFICE MIMAROPA
A3: Rice Program
A5: DRY SEASON 2026 Planting Report
A6: as of Sept 30
A7: Farm Location (Barangay) | B7: Name of farmer | F7: Area Planted (Hectares) | G7: Date of Crop Establishent | H7: Location | I7: Type of Seeds and Variety | N7: Seeding Rate (Kg/Ha.) | O7: Field source of water
B8: first_name | C8: middle_name | D8: last_name | E8: ext_name | G8: (Transplanting or Broadcasting) | I8: HYBRID SEEDS | J8: REGISTERED SEEDS | K8: CERTIFIED SEEDS | L8: GOOD QUALITY SEEDS | M8: FARMERS HOME SAVED SEEDS / GS | O8: (Irrigated/ Rainfed Lowland/ Rainfed Upland)
B9: MARIANITA | C9: LEIDO | D9: EDEP | F9: 2 | H9: Campong Ulay | K9: RC 402 | O9: Irrigated
B10: ELGEN | C10: AMIRELA | D10: NOYNOYAN | F10: 2 | H10: Campong Ulay | K10: RC402 | O10: Irrigated
A11: Rizal | B11: SAIDEL | C11: ERONG | D11: PONGO | F11: 1 | H11: Campong Ulay | K11: RC402 | O11: Irrigated
A12: Bunog | B12: ROMMEL | C12: MARING | D12: PONGO | F12: 1 | H12: Campong Ulay | K12: RC402 | O12: Irrigated
A13: Campong Ulay | B13: EDWIN | C13: TUMACA | D13: SOLABO | F13: 1 | H13: Campong Ulay | K13: rc222 | O13: Irrigated
A14: Candawaga | B14: MOISES | C14: GAPILANGO | D14: TABI | F14: 1 | H14: Campong Ulay | K14: RC402 | O14: Irrigated
A15: Canipaan | B15: JOJO | D15: NOMAN | F15: 1.5 | H15: Campong Ulay | K15: RC222 | O15: Rainfed
A16: Culasian | B16: GEDION | C16: PERALTA | D16: BALDOS | F16: 1 | H16: Canipaan | K16: RC402 | O16: Rainfed
A17: Iraan | B17: GIRLIE | C17: PERALTA | D17: BALDOS | F17: 1 | H17: Canipaan | K17: RC222 | O17: Rainfed
A18: Latud | B18: ENDRITA | C18: MAMUCO | D18: BONBON | F18: 2 | H18: Canipaan | M18: BLONDE | O18: Rainfed
A19: Panalingaan | B19: ARENIO | C19: FAVILA | D19: BUNDAL | E19: JR | F19: 2 | H19: Canipaan | K19: RC402 | O19: Rainfed
A20: Punta Baja | B20: SANTONY | C20: TRINIDAD | D20: CAYAO | F20: 1 | H20: Canipaan | K20: RC402 | O20: Rainfed
A21: Ransang | B21: REX | C21: NICOR | D21: CLAVERIA | F21: 2 | H21: Canipaan | K21: rc222 | O21: Irrigated
A22: Taburi | B22: JULIO | C22: CARDIJON | D22: MAGBANUA | F22: 1 | H22: Canipaan | K22: RC402 | O22: Rainfed
B23: ANNABELLE | C23: CABATANA | D23: MANILINGAN | F23: 3 | H23: Canipaan | K23: RC222 | O23: Rainfed
B24: GUILLERMA | C24: BAYADOS | D24: MANILINGAN | F24: 1 | H24: Canipaan | K24: rc222 | O24: Rainfed
B25: BRAHIM | C25: MAGBANUA | D25: PASE | F25: 1 | H25: Canipaan | K25: rc222 | O25: Irrigated
A26: =-A29 -> 0 | B26: VICTOR | C26: MAGBANUA | D26: PASE | F26: 1 | H26: Canipaan | K26: rc402 | O26: Irrigated
B27: DOMINADOR | C27: SILAO | D27: SAGUCIO | F27: 1 | H27: Canipaan | K27: RC222 | O27: Rainfed
B28: ALBERTA | C28: CAYAO | D28: TRINIDAD | F28: 1.5 | H28: Canipaan | K28: rc222 | O28: Irrigated
B29: EDDIE | C29: BONBON | D29: TRINIDAD | F29: 1 | H29: Canipaan | K29: RC402 | O29: Rainfed
B30: ERWIN | C30: CLAVERIA | D30: TRINIDAD | F30: 2 | H30: Canipaan | K30: rc222 | O30: Rainfed
B31: QUIRICO | C31: CAYAO | D31: TRINIDAD | F31: 1 | H31: Canipaan | K31: rc22 | O31: Rainfed
B32: YOKO | C32: APOSTOL | D32: TRINIDAD | F32: 2 | H32: Canipaan | K32: RC222 | O32: Rainfed
B33: RICARDO | C33: LIGARDE | D33: VILLANUEVA | F33: 2 | H33: Canipaan | K33: rc218 | O33: Rainfed
B34: angella | C34: cayao | D34: trinidad | F34: 1.3 | H34: Canipaan | K34: rc222 | O34: Rainfed
B35: LILIA | C35: BONBON | D35: TRINIDAD | F35: 1.5 | H35: Canipaan | M35: BLONDE | O35: Rainfed
B36: LILIA | C36: ASPERA | D36: AZUELO | F36: 1 | H36: Iraan | I36: TH 82 | O36: Rainfed
B37: ENECITA | C37: MIRANDA | D37: BALAURO | F37: 0.5 | H37: Iraan | M37: BLANDI | O37: Rainfed
B38: RENANTE | C38: LUSOC | D38: DUHAYLUNGSOD | F38: 1.8 | H38: Iraan | M38: BLANDE | O38: Irrigated
B39: JOLANE | C39: CAPUNONG | D39: GAITERA | F39: 1.8 | H39: Iraan | M39: SR | O39: Irrigated
B40: JOEMAR | C40: TABLANZA | D40: MONGCAL | F40: 1 | H40: Iraan | M40: BLANDE | O40: Rainfed
B41: ALICIA | C41: CARTACIANO | D41: MONTARGO | F41: 1 | H41: Iraan | M41: THAILAND | O41: Rainfed
B42: ROSE MARIE ANN | C42: LUCERO | D42: BLASINO | F42: 1 | H42: Punta Baja | K42: RC 218 | O42: Irrigated
B43: LOPE | C43: ENCARNACION | D43: BOHOL | F43: 2 | H43: Punta Baja | M43: KINADOY | O43: Irrigated
B44: LYN | C44: ESTEBAN | D44: BONBON | F44: 3.3 | H44: Punta Baja | K44: RC 18 | O44: Irrigated
B45: NORBELIANO | C45: IGNACIO | D45: DEVIS | F45: 3.2 | H45: Punta Baja | K45: RC 402 | O45: Irrigated
B46: TEOFILO | C46: BACALTOS | D46: ELEAZAR | F46: 3.4 | H46: Punta Baja | K46: RC 402 | O46: Irrigated
B47: BELMOR | C47: TATO | D47: IBAG | F47: 1 | H47: Punta Baja | K47: RC 18 | O47: Irrigated
B48: JOEL | C48: LAURIO | D48: NONALES | F48: 2.8 | H48: Punta Baja | K48: RC 216 | O48: Irrigated
B49: RODOLFO | C49: VILLAROS | D49: PALAPAS | F49: 1 | H49: Punta Baja | K49: RC 222 | O49: Irrigated
B50: SAPPAL | C50: LINGGISON | D50: HAMSON | F50: 1.3 | H50: Ransang | K50: RC 402 | O50: Rainfed
B51: GUMER SINDO | C51: HERDA | D51: OBENZA | F51: 2.6 | H51: Ransang | I51: HABILIS | O51: Irrigated
B52: REYMUNDO | C52: SALVADOR | D52: TANDUG | E52: SR | F52: 4.5 | H52: Ransang | M52: JASMINE | O52: Irrigated
B53: NOEL | C53: CHAN | D53: TUPANAN | F53: 1 | H53: Ransang | K53: RC 402 | O53: Irrigated

Sheet Oct 1-15
A1: Department of Agriculture
A2: REGIONAL FIELD OFFICE MIMAROPA
A3: Rice Program
A5: DRY SEASON 2026 Planting Report
A6: as of October 15, 2025
A7: MUNICIPALITY / BARANGAY | B7: NO. OF FARMER PLANTED | C7: IRRIGATED | I7: RAINFED | R7: =A5 -> DRY SEASON 2026 Planting Report | X7: REMARKS
C9: HYBRID SEEDS | D9: REGISTERED SEEDS | E9: CERTIFIED SEEDS | F9: GOOD QUALITY SEEDS | G9: FARMERS HOME SAVED SEEDS / GS | H9: TOTAL | I9: LOWLAND | N9: UPLAND | Q9: TOTAL | R9: HYBRID SEEDS | S9: REGISTERED SEEDS | T9: CERTIFIED SEEDS | U9: GOOD QUALITY SEEDS | V9: FARMERS HOME SAVED SEEDS / GS | W9: TOTAL
I10: HYBRID SEEDS | J10: REGISTERED SEEDS | K10: CERTIFIED SEEDS | L10: GOOD QUALITY SEEDS | M10: FARMERS HOME SAVED SEEDS | N10: CERTIFIED SEEDS | O10: GOOD QUALITY SEEDS | P10: FARMERS HOME SAVED SEEDS / GS
A11: Rizal | B11: =SUM(B12:B23) -> 80 | C11: =SUM(C12:C23) -> 24.7 | D11: =SUM(D12:D23) -> 0 | E11: =SUM(E12:E23) -> 35.5 | F11: =SUM(F12:F23) -> 0 | G11: =SUM(G12:G23) -> 5 | H11: =SUM(H12:H23) -> 0 | I11: =SUM(I12:I23) -> 8.9 | ... W11: =SUM(W12:W23) -> 123.6
A12: Bunog | B12: 6 | I12: 2.8 | K12: 0.5 | M12: 2.9 | Q12: =SUM(I12:P12) -> 6.2 | R12: =C12+I12 -> 2.8 | S12: =D12+J12 -> 0 | T12: =E12+K12+N12 -> 0.5 | U12: =F12+L12+O12 -> 0 | V12: =G12+M12+P12 -> 2.9 | W12: =SUM(R12:V12) -> 6.2
A13: Campong Ulay | B13: 4 | C13: 4 | K13: 3.5 | Q13: =SUM(I13:P13) -> 3.5 | R13: =C13+I13 -> 4 | S13: =D13+J13 -> 0 | T13: =E13+K13+N13 -> 3.5 | U13: =F13+L13+O13 -> 0 | V13: =G13+M13+P13 -> 0 | W13: =SUM(R13:V13) -> 7.5
A14: Candawaga | B14: 5 | C14: 7 | E14: 3.5 | K14: 2.5 | Q14: =SUM(I14:P14) -> 2.5 | R14: =C14+I14 -> 7 | S14: =D14+J14 -> 0 | T14: =E14+K14+N14 -> 6 | U14: =F14+L14+O14 -> 0 | V14: =G14+M14+P14 -> 0 | W14: =SUM(R14:V14) -> 13
A15: Canipaan | B15: 13 | C15: 2.8 | E15: 3 | I15: 3.6 | K15: 10.8 | M15: 1 | Q15: =SUM(I15:P15) -> 15.4 | R15: =C15+I15 -> 6.4 | S15: =D15+J15 -> 0 | T15: =E15+K15+N15 -> 13.8 | U15: =F15+L15+O15 -> 0 | V15: =G15+M15+P15 -> 1 | W15: =SUM(R15:V15) -> 21.2
A16: Culasian | B16: 4 | E16: 2 | K16: 3.8 | Q16: =SUM(I16:P16) -> 3.8 | R16: =C16+I16 -> 0 | S16: =D16+J16 -> 0 | T16: =E16+K16+N16 -> 5.8 | U16: =F16+L16+O16 -> 0 | V16: =G16+M16+P16 -> 0 | W16: =SUM(R16:V16) -> 5.8
A17: Iraan | B17: 19 | C17: 1 | E17: 8.5 | G17: 2.8 | K17: 13.5 | M17: 3.5 | Q17: =SUM(I17:P17) -> 17 | R17: =C17+I17 -> 1 | S17: =D17+J17 -> 0 | T17: =E17+K17+N17 -> 22 | U17: =F17+L17+O17 -> 0 | V17: =G17+M17+P17 -> 6.3 | W17: =SUM(R17:V17) -> 29.3
A18: Latud | B18: 0 | Q18: =SUM(I18:P18) -> 0 | R18: =C18+I18 -> 0 | S18: =D18+J18 -> 0 | T18: =E18+K18+N18 -> 0 | U18: =F18+L18+O18 -> 0 | V18: =G18+M18+P18 -> 0 | W18: =SUM(R18:V18) -> 0
A19: Panalingaan | B19: 0 | Q19: =SUM(I19:P19) -> 0 | R19: =C19+I19 -> 0 | S19: =D19+J19 -> 0 | T19: =E19+K19+N19 -> 0 | U19: =F19+L19+O19 -> 0 | V19: =G19+M19+P19 -> 0 | W19: =SUM(R19:V19) -> 0
A20: Punta Baja | B20: 18 | C20: 7.7 | E20: 12.5 | G20: 2.2 | I20: 2.5 | K20: 1 | Q20: =SUM(I20:P20) -> 3.5 | R20: =C20+I20 -> 10.2 | S20: =D20+J20 -> 0 | T20: =E20+K20+N20 -> 13.5 | U20: =F20+L20+O20 -> 0 | V20: =G20+M20+P20 -> 2.2 | W20: =SUM(R20:V20) -> 25.9
A21: Ransang | B21: 7 | C21: 2.2 | E21: 6 | K21: 1.5 | Q21: =SUM(I21:P21) -> 1.5 | R21: =C21+I21 -> 2.2 | S21: =D21+J21 -> 0 | T21: =E21+K21+N21 -> 7.5 | U21: =F21+L21+O21 -> 0 | V21: =G21+M21+P21 -> 0 | W21: =SUM(R21:V21) -> 9.7
A22: Taburi | B22: 4 | K22: 5 | Q22: =SUM(I22:P22) -> 5 | R22: =C22+I22 -> 0 | S22: =D22+J22 -> 0 | T22: =E22+K22+N22 -> 5 | U22: =F22+L22+O22 -> 0 | V22: =G22+M22+P22 -> 0 | W22: =SUM(R22:V22) -> 5
A24: - to be submitted every 15th and 30th day of the month
A25: - March 15 submission for terminal planting under DS cropping
A26: =-A29 -> 0

Sheet Oct 1-15 Materlist
A1: Department of Agriculture
A2: REGIONAL FIELD OFFICE MIMAROPA
A3: Rice Program
A5: DRY SEASON 2026 Planting Report | I5: H | K5: CS | M5: FS
A6: as of Oct 15, 2025
A7: Location | B7: Name of Farmer | F7: Area Planted (Hectares) | G7: Date of Crop Establishent | H7: Location | I7: Type of Seeds and Variety | N7: Seeding Rate (Kg/Ha.) | O7: Field source of water
B8: first_name | C8: middle_name | D8: last_name | E8: ext_name | G8: (Transplanting or Broadcasting) | I8: HYBRID SEEDS | J8: REGISTERED SEEDS | K8: CERTIFIED SEEDS | L8: GOOD QUALITY SEEDS | M8: FARMERS HOME SAVED SEEDS / GS | O8: (Irrigated/ Rainfed Lowland/ Rainfed Upland)
B9: YASHIR | C9: AMILASAN | D9: ALAM | F9: 1.6 | H9: Bunog | I9: JACKPOT | O9: Rainfed
B10: HADSMAR | C10: OMIS | D10: AMILASAN | F10: 0.7 | H10: Bunog | I10: JACKPOT | O10: Rainfed
A11: Rizal | B11: ERWIN | C11: ESO | D11: JABEL | F11: 1.9 | H11: Bunog | M11: b-4 | O11: Rainfed
A12: Bunog | B12: ARCHIE | C12: ESO | D12: JABEL | F12: 1 | H12: Bunog | M12: speed | O12: Rainfed
A13: Campong Ulay | B13: ALFREDO | C13: TAUBAN | D13: JURILLA SR. | F13: 0.5 | H13: Bunog | I13: HABILIS | O13: Rainfed
A14: Candawaga | B14: RAIDE | C14: JAIBE | D14: SAYROL | F14: 0.5 | H14: Bunog | K14: rc 402 | O14: Rainfed
A15: Canipaan | B15: ZENAIDA | C15: BADENAS | D15: DIESTA | F15: 3 | H15: Campong Ulay | I15: HABILIS | O15: Irrigated
A16: Culasian | B16: GEORGE | C16: TIPO | D16: LIANG | F16: 1 | H16: Campong Ulay | I16: HABILIS | O16: Irrigated
A17: Iraan | B17: MANOLING | C17: ANGELES | D17: MARTINEZ | F17: 1.5 | H17: Campong Ulay | K17: RC402 | O17: Rainfed
A18: Latud | B18: HAKIMIN | C18: ABDULAH | D18: SAYLILA | F18: 2 | H18: Campong Ulay | K18: RC402 | O18: Rainfed
A19: Panalingaan | B19: JEFFREY | C19: CAYAO | D19: BONBON | F19: 1 | H19: Canipaan | K19: RC 222 | O19: Rainfed
A20: Punta Baja | B20: ARLENE | C20: MAGBANUA | D20: BUNDAL | F20: 2 | H20: Canipaan | I20: HABILIS | O20: Rainfed
A21: Ransang | B21: LORNA | C21: DELGADO | D21: CAYAO | F21: 1.5 | H21: Canipaan | K21: RC 402 | O21: Rainfed
A22: Taburi | B22: ABIAS | C22: MONTIEL | D22: CLAVERIA | F22: 2 | H22: Canipaan | K22: RC 222 | O22: Rainfed
B23: LIZA | C23: BALBERDE | D23: FAVILA | F23: 1 | H23: Canipaan | K23: RC 222 | O23: Rainfed
B24: ANDRES | C24: CAYAO | D24: LIBANAN | F24: 1 | H24: Canipaan | K24: RC 402 | O24: Rainfed
B25: ANTONIO | C25: FAVILA | D25: MAGBANUA | E25: SR | F25: 1.6 | H25: Canipaan | I25: HABILIS | O25: Rainfed
A26: =-A29 -> 0 | B26: STEPANIA | C26: CAYAO | D26: MAGBANUA | F26: 1 | H26: Canipaan | M26: BLANDI | O26: Rainfed
B27: DANA | C27: FAVILA | D27: OMBI-ON | F27: 2 | H27: Canipaan | K27: RC 222 | O27: Irrigated
B28: JL | C28: FAVILA | D28: OMBI-ON | F28: 2.8 | H28: Canipaan | I28: HABILIS | O28: Irrigated
B29: JOLITO | C29: RONGCO | D29: OMBI-ON | F29: 3 | H29: Canipaan | K29: RC 402 | O29: Rainfed
B30: DEXTER | C30: ROXAS | D30: SEMILLANO | F30: 1 | H30: Canipaan | K30: RC 402 | O30: Irrigated
B31: MERLYN | C31: DIALOGO | D31: VILLAFUERTE | F31: 1.3 | H31: Canipaan | K31: RC 222 | O31: Rainfed
B32: MALY | C32: BACALLA | D32: ALEJO | F32: 2.5 | H32: Candawaga | K32: RC 222 | O32: Rainfed
B33: HYDIE | C33: BELO | D33: BANTAN | F33: 5 | H33: Candawaga | I33: HABILIS | O33: Irrigated
B34: JONATHAN | C34: GUARIN | D34: BERTO | F34: 2 | H34: Candawaga | I34: HABILIS | O34: Irrigated
B35: ESMERALDA | C35: ANGCAR | D35: MALONES | F35: 0.5 | H35: Candawaga | K35: RC222 | O35: Irrigated
B36: OSCAR | C36: BARDELOSA | D36: NIEGAS | F36: 3 | H36: Candawaga | K36: RC 222 | O36: Irrigated
B37: JERWEL | C37: BUHAWI | D37: GALIN | F37: 0.8 | H37: Culasian | K37: rc 402 | O37: Rainfed
B38: NESTOR | C38: ENELONA | D38: MAGBANUA | F38: 1 | H38: Culasian | K38: rc 222 | O38: Rainfed
B39: JERSON | C39: SALEM | D39: PARADERO | F39: 2 | H39: Culasian | K39: rc 402 | O39: Irrigated
B40: LAURIANO | C40: LUNAY | D40: POLANCOS | F40: 2 | H40: Culasian | K40: rc 402 | O40: Rainfed
B41: NORAYA | C41: USOP | D41: ABDAN | F41: 1 | H41: Iraan | K41: RC 216 | O41: Rainfed
B42: EDELYN | C42: DOLAR | D42: ASPERA | F42: 1 | H42: Iraan | K42: RC 402 | O42: Rainfed
B43: NORIN | C43: AMIN | D43: ASUTILLA | F43: 2 | H43: Iraan | K43: RC 402 | O43: Rainfed
B44: EFRAIM | C44: PONCIANO | D44: BATACULIN | F44: 2.9 | H44: Iraan | K44: RC 402 | O44: Rainfed
B45: RICHARD | C45: JALBUNA | D45: BATACULIN | F45: 1 | H45: Iraan | K45: RC 18 | O45: Rainfed
B46: RAMEL | C46: VILLANUEVA | D46: BLANCIA | F46: 3 | H46: Iraan | K46: RC 402 | O46: Rainfed
B47: VINCENT CORNEL | C47: VILLANUEVA | D47: BLANCIA | F47: 2.5 | H47: Iraan | M47: BLANDI | O47: Rainfed
B48: NORENZA | C48: ABDURAZID | D48: BLANCIA | F48: 1 | H48: Iraan | K48: RC 402 | O48: Rainfed
B49: ELMER | C49: BORRES | D49: CABILOQUE | F49: 2.5 | H49: Iraan | K49: RC 402 | O49: Irrigated
B50: DIOSCORO | C50: QUINEQUITO | D50: CAPUNONG | F50: 1.9 | H50: Iraan | M50: BLANDI | O50: Irrigated
B51: JENNY | C51: MAMPAY | D51: CARTACIANO | F51: 0.9 | H51: Iraan | M51: BLANDI | O51: Irrigated
B52: EPIFANIO | C52: BARELA | D52: DAGON | F52: 1.5 | H52: Iraan | K52: RC 216 | O52: Irrigated
B53: MARCOS | C53: CANETE | D53: GOMEZ | F53: 1 | H53: Iraan | M53: B4 | O53: Rainfed
B54: ANDY BOY | C54: VILLARTA | D54: LANGUIDO | F54: 0.6 | H54: Iraan | K54: RC 218 | O54: Rainfed
B55: JESUS | C55: TERANTE | D55: LUSOC | F55: 1.5 | H55: Iraan | K55: RC 218 | O55: Irrigated
B56: ARGEN | C56: HINGOYON | D56: NOBLEZA | F56: 1 | H56: Iraan | I56: JACKPOT | O56: Irrigated
B57: ERLIDA | C57: CRAEL | D57: OMISON | F57: 1 | H57: Iraan | K57: RC 402 | O57: Rainfed
B58: MYRNA | C58: SARIL | D58: PALPARAN | F58: 1 | H58: Iraan | K58: RC 222 | O58: Irrigated
B59: ROLLY | C59: MAPAGDALITA | D59: RODIL | F59: 2 | H59: Iraan | K59: RC 222 | O59: Irrigated
B60: VALERIANO | C60: FERNANDO | D60: ARANGOTE | F60: 1 | H60: Punta Baja | K60: RC 402 | O60: Irrigated
B61: TERESITO | C61: AGAC | D61: ARZAGA | F61: 1 | H61: Punta Baja | K61: RC 222 | O61: Irrigated
B62: EDUARD | C62: SANCHEZ | D62: ASENTISTA | F62: 1 | H62: Punta Baja | I62: HABILIS | O62: Irrigated
B63: MERCY | C63: TALAVER | D63: BACLAY | F63: 1 | H63: Punta Baja | K63: RC 18 | O63: Rainfed
B64: GUILLERMO | C64: DAQUIA | D64: CABLAS | F64: 3 | H64: Punta Baja | K64: RC 402 | O64: Irrigated
B65: CRISTOPHER | C65: CATAMORA | D65: CARBONILLA | F65: 0.7 | H65: Punta Baja | K65: RC 402 | O65: Irrigated
B66: ARTHUR | C66: CUTAMURA | D66: CARBONILLA | F66: 1.6 | H66: Punta Baja | K66: RC 18 | O66: Irrigated
B67: DARUIS | C67: CUTAMORA | D67: CARBONILLA | F67: 0.7 | H67: Punta Baja | K67: RC 18 | O67: Irrigated
B68: VIRGELIO | C68: GILVERO | D68: CARREON | F68: 0.7 | H68: Punta Baja | I68: DINORADO | O68: Irrigated
B69: LUZVIMINDA | C69: GUILARAN | D69: GALLEGO | F69: 2 | H69: Punta Baja | K69: RC 402 | O69: Irrigated
B70: LAWRENCE | C70: DAGUIA | D70: MARAASIN | F70: 2.5 | H70: Punta Baja | I70: HABILIS | O70: Rainfed
B71: RAMON | C71: ESBERTO | D71: PASCASIO | F71: 1 | H71: Punta Baja | K71: RC 18 | O71: Irrigated
B72: FRANCISCO | C72: SOLA | D72: PINES | F72: 1 | H72: Punta Baja | I72: DINORADO | O72: Irrigated
B73: FRANCISCO | C73: PAJARILLO | D73: PINES | E73: JR | F73: 3 | H73: Punta Baja | I73: DINORADO | O73: Irrigated
B74: ANTONIO | C74: PAJARILLO | D74: PINES | F74: 2 | H74: Punta Baja | I74: DINORADO | O74: Irrigated
B75: CONIE | C75: BEDIORES | D75: TAMOLIN | F75: 1.5 | H75: Punta Baja | K75: rc 222 | O75: Irrigated
B76: WACASI | C76: B | D76: JALAIN | F76: 1 | H76: Punta Baja | M76: BULAO | O76: Irrigated
B77: RUBEN | C77: A. | D77: BORDAJE | F77: 1.2 | H77: Punta Baja | M77: C4 | O77: Irrigated
B78: JUNALYN | C78: MARCELINO | D78: ALISEN | F78: 1.5 | H78: Ransang | K78: rc 402 | O78: Rainfed
B79: JONARD | C79: UGHAYON | D79: ALISEN | F79: 1 | H79: Ransang | I79: jackpot | O79: Irrigated
B80: ALBERTO | C80: APE | D80: BATOON | F80: 1.2 | H80: Ransang | I80: habilis | O80: Irrigated
B81: JON JON | C81: LIAGONO | D81: BERNARDO | F81: 2.2 | H81: Ransang | K81: rc 402 | O81: Irrigated
B82: JONATHAN | C82: LAHAWLAHAW | D82: CASTRO | F82: 1 | H82: Ransang | K82: rc 402 | O82: Irrigated
B83: RENA | C83: ANDAYA | D83: CHIVA | F83: 1.2 | H83: Ransang | K83: rc 402 | O83: Irrigated
B84: ROSALIE | C84: CABELLETA | D84: VISTA | F84: 1.6 | H84: Ransang | K84: rc 402 | O84: Irrigated
B85: EFREN | C85: ALAYON | D85: ARANETA | F85: 2 | H85: Taburi | K85: rc 222 | O85: Rainfed
B86: PERTIN | C86: AYOYO | D86: ASNAGUE | F86: 1 | H86: Taburi | K86: rc 222 | O86: Rainfed
B87: VIRGINIO | C87: MADJI | D87: RAMSIK | F87: 1 | H87: Taburi | K87: rc 222 | O87: Rainfed
B88: INGKAS | C88: TEO | D88: TOMAY | F88: 1 | H88: Taburi | K88: rc 222 | O88: Rainfed

Sheet Oct 16-31
A1: Department of Agriculture
A2: REGIONAL FIELD OFFICE MIMAROPA
A3: Rice Program
A5: DRY SEASON 2026 Planting Report
A6: as of Oct 31, 2025
A7: MUNICIPALITY / BARANGAY | B7: NO. OF FARMER PLANTED | C7: IRRIGATED | I7: RAINFED | R7: =A5 -> DRY SEASON 2026 Planting Report | X7: REMARKS
C9: HYBRID SEEDS | D9: REGISTERED SEEDS | E9: CERTIFIED SEEDS | F9: GOOD QUALITY SEEDS | G9: FARMERS HOME SAVED SEEDS / GS | H9: TOTAL | I9: LOWLAND | N9: UPLAND | Q9: TOTAL | R9: HYBRID SEEDS | S9: REGISTERED SEEDS | T9: CERTIFIED SEEDS | U9: GOOD QUALITY SEEDS | V9: FARMERS HOME SAVED SEEDS / GS | W9: TOTAL
I10: HYBRID SEEDS | J10: REGISTERED SEEDS | K10: CERTIFIED SEEDS | L10: GOOD QUALITY SEEDS | M10: FARMERS HOME SAVED SEEDS | N10: CERTIFIED SEEDS | O10: GOOD QUALITY SEEDS | P10: FARMERS HOME SAVED SEEDS / GS
A11: Rizal | B11: =SUM(B12:B23) -> 34 | C11: =SUM(C12:C23) -> 5 | D11: =SUM(D12:D23) -> 0 | E11: =SUM(E12:E23) -> 17.5 | F11: =SUM(F12:F23) -> 0 | G11: =SUM(G12:G23) -> 0.7 | H11: =SUM(H12:H23) -> 0 | I11: =SUM(I12:I23) -> 0 | ... W11: =SUM(W12:W23) -> 45.8
A12: Bunog | B12: 0 | Q12: =SUM(I12:P12) -> 0 | R12: =C12+I12 -> 0 | S12: =D12+J12 -> 0 | T12: =E12+K12+N12 -> 0 | U12: =F12+L12+O12 -> 0 | V12: =G12+M12+P12 -> 0 | W12: =SUM(R12:V12) -> 0
A13: Campong Ulay | B13: 9 | C13: 5 | E13: 2.5 | K13: 3 | Q13: =SUM(I13:P13) -> 3 | R13: =C13+I13 -> 5 | S13: =D13+J13 -> 0 | T13: =E13+K13+N13 -> 5.5 | U13: =F13+L13+O13 -> 0 | V13: =G13+M13+P13 -> 0 | W13: =SUM(R13:V13) -> 10.5
A14: Candawaga | B14: 0 | Q14: =SUM(I14:P14) -> 0 | R14: =C14+I14 -> 0 | S14: =D14+J14 -> 0 | T14: =E14+K14+N14 -> 0 | U14: =F14+L14+O14 -> 0 | V14: =G14+M14+P14 -> 0 | W14: =SUM(R14:V14) -> 0
A15: Canipaan | B15: 0 | Q15: =SUM(I15:P15) -> 0 | R15: =C15+I15 -> 0 | S15: =D15+J15 -> 0 | T15: =E15+K15+N15 -> 0 | U15: =F15+L15+O15 -> 0 | V15: =G15+M15+P15 -> 0 | W15: =SUM(R15:V15) -> 0
A16: Culasian | B16: 6 | E16: 4.4 | K16: 4.3 | M16: 1.7 | Q16: =SUM(I16:P16) -> 6 | R16: =C16+I16 -> 0 | S16: =D16+J16 -> 0 | T16: =E16+K16+N16 -> 8.7 | U16: =F16+L16+O16 -> 0 | V16: =G16+M16+P16 -> 1.7 | W16: =SUM(R16:V16) -> 10.4
A17: Iraan | B17: 8 | E17: 5.4 | K17: 4.1 | M17: 1.8 | Q17: =SUM(I17:P17) -> 5.9 | R17: =C17+I17 -> 0 | S17: =D17+J17 -> 0 | T17: =E17+K17+N17 -> 9.5 | U17: =F17+L17+O17 -> 0 | V17: =G17+M17+P17 -> 1.8 | W17: =SUM(R17:V17) -> 11.3
A18: Latud | B18: 0 | Q18: =SUM(I18:P18) -> 0 | R18: =C18+I18 -> 0 | S18: =D18+J18 -> 0 | T18: =E18+K18+N18 -> 0 | U18: =F18+L18+O18 -> 0 | V18: =G18+M18+P18 -> 0 | W18: =SUM(R18:V18) -> 0
A19: Panalingaan | B19: 0 | Q19: =SUM(I19:P19) -> 0 | R19: =C19+I19 -> 0 | S19: =D19+J19 -> 0 | T19: =E19+K19+N19 -> 0 | U19: =F19+L19+O19 -> 0 | V19: =G19+M19+P19 -> 0 | W19: =SUM(R19:V19) -> 0
A20: Punta Baja | B20: 1 | G20: 0.7 | Q20: =SUM(I20:P20) -> 0 | R20: =C20+I20 -> 0 | S20: =D20+J20 -> 0 | T20: =E20+K20+N20 -> 0 | U20: =F20+L20+O20 -> 0 | V20: =G20+M20+P20 -> 0.7 | W20: =SUM(R20:V20) -> 0.7
A21: Ransang | B21: 3 | E21: 4.4 | K21: 1.7 | Q21: =SUM(I21:P21) -> 1.7 | R21: =C21+I21 -> 0 | S21: =D21+J21 -> 0 | T21: =E21+K21+N21 -> 6.1 | U21: =F21+L21+O21 -> 0 | V21: =G21+M21+P21 -> 0 | W21: =SUM(R21:V21) -> 6.1
A22: Taburi | B22: 7 | E22: 0.8 | K22: 6 | Q22: =SUM(I22:P22) -> 6 | R22: =C22+I22 -> 0 | S22: =D22+J22 -> 0 | T22: =E22+K22+N22 -> 6.8 | U22: =F22+L22+O22 -> 0 | V22: =G22+M22+P22 -> 0 | W22: =SUM(R22:V22) -> 6.8
A24: - to be submitted every 15th and 30th day of the month
A25: - March 15 submission for terminal planting under DS cropping
A26: =-A29 -> 0

Sheet Oct 16-31 Materlist
A1: Department of Agriculture
A2: REGIONAL FIELD OFFICE MIMAROPA
A3: Rice Program
A5: DRY SEASON 2026 Planting Report
A6: as of Oct 30 | I6: H | K6: CS | M6: FS
A7: Location | B7: Name of Farmer | F7: Area Planted (Hectares) | G7: Date of Crop Establishent | H7: Location | I7: Type of Seeds and Variety | N7: Seeding Rate (Kg/Ha.) | O7: Field source of water
B8: first_name | C8: middle_name | D8: last_name | E8: ext_name | G8: (Transplanting or Broadcasting) | I8: HYBRID SEEDS | J8: REGISTERED SEEDS | K8: CERTIFIED SEEDS | L8: GOOD QUALITY SEEDS | M8: FARMERS HOME SAVED SEEDS / GS | O8: (Irrigated/ Rainfed Lowland/ Rainfed Upland)
B9: CARLOS | C9: CACATIAN | D9: BADENAS | F9: 2 | H9: Campong Ulay | K9: RC 402 | O9: Rainfed | P9: CS
B10: FLAVIANO | C10: MADEJA | D10: BADENAS | F10: 1 | H10: Campong Ulay | K10: RC 402 | O10: Rainfed | P10: CS
A11: Rizal | B11: GUILER | C11: LINGKONG | D11: CASTIL | F11: 0.5 | H11: Campong Ulay | K11: RC 402 | O11: Irrigated | P11: CS
A12: Bunog | B12: MEDARDO | C12: BARCINAL | D12: DELES | F12: 1 | H12: Campong Ulay | K12: RC 402 | O12: Irrigated | P12: CS
A13: Campong Ulay | B13: EDWARDO | C13: ESPINOSA | D13: ENRIQUEZ | F13: 1 | H13: Campong Ulay | I13: JACKPOT | O13: Irrigated | P13: H
A14: Candawaga | B14: EDWIN | C14: ESPINOSA | D14: ENRIQUEZ | F14: 1 | H14: Campong Ulay | I14: JACKPOT | O14: Irrigated | P14: H
A15: Canipaan | B15: EDGAR | C15: BEJEGA | D15: ENRIQUEZ | F15: 2 | H15: Campong Ulay | I15: JACKPOT | O15: Irrigated | P15: H
A16: Culasian | B16: NOBESIO | C16: CONEL | D16: LUMBAG | F16: 1 | H16: Campong Ulay | K16: RC 402 | O16: Irrigated | P16: CS
A17: Iraan | B17: ANNIE JOY | C17: ENRIQUEZ | D17: RECTO | F17: 1 | H17: Campong Ulay | I17: JACKPOT | O17: Irrigated | P17: H
A18: Latud | B18: DARLIDA | C18: GUMATA | D18: BUDONG | F18: 0.8 | H18: Culasian | K18: RC 222 | O18: Rainfed | P18: CS
A19: Panalingaan | B19: RENANTE | C19: CAPUYAN | D19: CARACOL | F19: 1.7 | H19: Culasian | M19: BULLRICE | O19: Rainfed | P19: FS
A20: Punta Baja | B20: DARIO | C20: CAPUYAN | D20: CARACOL | F20: 1.8 | H20: Culasian | K20: RC 222 | O20: Rainfed | P20: CS
A21: Ransang | B21: ROSALIE | C21: COLIMBO | D21: FABURADA | F21: 3.4 | H21: Culasian | K21: RC 222 | O21: Irrigated | P21: CS
A22: Taburi | B22: NENITA | C22: CAVENTA | D22: ONG | F22: 1 | H22: Culasian | K22: RC 222 | O22: Irrigated | P22: CS
B23: RENEROSE | D23: DAUD | F23: 1.7 | H23: Culasian | K23: RC 222 | O23: Rainfed | P23: CS
B24: NICHOLSON | C24: ABONO | D24: BOLEMA | F24: 1.8 | H24: Iraan | K24: RC 222 | O24: Irrigated | P24: CS
B25: JULIE | C25: CONDESA | D25: BONBON | F25: 0.7 | H25: Iraan | M25: BLANDE | O25: Rainfed | P25: FS
A26: =-A29 -> 0 | B26: REYNOLD | C26: TORRES | D26: CADUNGOG | F26: 1.1 | H26: Iraan | M26: BLANDI | O26: Rainfed | P26: FS
B27: ALECASIO | C27: ESPIDES | D27: CRISPO | F27: 1.2 | H27: Iraan | K27: RC 222 | O27: Irrigated | P27: CS
B28: JANICE | C28: CASIPONG | D28: NAMUCO | F28: 2.7 | H28: Iraan | K28: RC 402 | O28: Rainfed | P28: CS
B29: ARIEL | C29: NOBLEZA | D29: PAUDEN | F29: 0.9 | H29: Iraan | K29: RC 402 | O29: Irrigated | P29: CS
B30: CARMIE | C30: NANGIT | D30: REYNO | F30: 1.4 | H30: Iraan | K30: RC 218 | O30: Rainfed | P30: CS
B31: ELEONORA | C31: BARREDO | D31: RIOPAY | F31: 1.5 | H31: Iraan | K31: RC 216 | O31: Irrigated | P31: CS
B32: HERON | C32: LONTES | D32: BOCOL | F32: 0.7 | H32: Punta Baja | M32: BLANDE | O32: Irrigated | P32: FS
B33: MARK LEONARD | C33: PEDRIGOZA | D33: CATABAY | F33: 1.7 | H33: Ransang | K33: RC 222 | O33: Rainfed | P33: CS
B34: JAIME | C34: ASINERO | D34: CATABAY | F34: 2.4 | H34: Ransang | K34: RC 222 | O34: Irrigated | P34: CS
B35: LODIVICO | C35: MASAYON | D35: COYOCA | F35: 2 | H35: Ransang | K35: RC 222 | O35: Irrigated | P35: CS
B36: EFREN | C36: ALAYON | D36: ARANETA | F36: 2 | H36: Taburi | K36: rc 222 | O36: Rainfed | P36: CS
B37: PERTIN | C37: AYOYO | D37: ASNAGUE | F37: 1 | H37: Taburi | K37: rc 222 | O37: Rainfed | P37: CS
B38: JENALD | C38: MALIKI | D38: BUDJAL | F38: 0.5 | H38: Taburi | K38: RC 222 | O38: Irrigated | P38: CS
B39: ERLITO | C39: MATEO | D39: EMIL | F39: 0.3 | H39: Taburi | K39: RC 160 | O39: Irrigated | P39: CS
B40: VIRGINIO | C40: MADJI | D40: RAMSIK | F40: 1 | H40: Taburi | K40: rc 222 | O40: Rainfed | P40: CS
B41: RUBEN | C41: AMBONG | D41: TAGA | F41: 1 | H41: Taburi | K41: RC 402 | O41: Rainfed | P41: CS
B42: INGKAS | C42: TEO | D42: TOMAY | F42: 1 | H42: Taburi | K42: rc 222 | O42: Rainfed | P42: CS

Sheet Nov 1-15
A1: Department of Agriculture
A2: REGIONAL FIELD OFFICE MIMAROPA
A3: Rice Program
A5: DRY SEASON 2026 Planting Report
A6: as of November 15, 2025
A7: MUNICIPALITY / BARANGAY | B7: NO. OF FARMER PLANTED | C7: IRRIGATED | I7: RAINFED | R7: =A5 -> DRY SEASON 2026 Planting Report | X7: REMARKS
C9: HYBRID SEEDS | D9: REGISTERED SEEDS | E9: CERTIFIED SEEDS | F9: GOOD QUALITY SEEDS | G9: FARMERS HOME SAVED SEEDS / GS | H9: TOTAL | I9: LOWLAND | N9: UPLAND | Q9: TOTAL | R9: HYBRID SEEDS | S9: REGISTERED SEEDS | T9: CERTIFIED SEEDS | U9: GOOD QUALITY SEEDS | V9: FARMERS HOME SAVED SEEDS / GS | W9: TOTAL
I10: HYBRID SEEDS | J10: REGISTERED SEEDS | K10: CERTIFIED SEEDS | L10: GOOD QUALITY SEEDS | M10: FARMERS HOME SAVED SEEDS | N10: CERTIFIED SEEDS | O10: GOOD QUALITY SEEDS | P10: FARMERS HOME SAVED SEEDS / GS
A11: Rizal | B11: =SUM(B12:B23) -> 109 | C11: =SUM(C12:C23) -> 16 | D11: =SUM(D12:D23) -> 0 | E11: =SUM(E12:E23) -> 70.3 | F11: =SUM(F12:F23) -> 0 | G11: =SUM(G12:G23) -> 16.5 | H11: =SUM(H12:H23) -> 0 | I11: =SUM(I12:I23) -> 4.3 | ... W11: =SUM(W12:W23) -> 165.3
A12: Bunog | B12: 21 | C12: 1.2 | G12: 0.6 | K12: 7.4 | M12: 14.3 | Q12: =SUM(I12:P12) -> 21.7 | R12: =C12+I12 -> 1.2 | S12: =D12+J12 -> 0 | T12: =E12+K12+N12 -> 7.4 | U12: =F12+L12+O12 -> 0 | V12: =G12+M12+P12 -> 14.9 | W12: =SUM(R12:V12) -> 23.5
A13: Campong Ulay | B13: 5 | E13: 9 | G13: 1 | Q13: =SUM(I13:P13) -> 0 | R13: =C13+I13 -> 0 | S13: =D13+J13 -> 0 | T13: =E13+K13+N13 -> 9 | U13: =F13+L13+O13 -> 0 | V13: =G13+M13+P13 -> 1 | W13: =SUM(R13:V13) -> 10
A14: Candawaga | B14: 13 | C14: 13.6 | E14: 7.5 | I14: 2.3 | K14: 1.8 | M14: 3 | Q14: =SUM(I14:P14) -> 7.1 | R14: =C14+I14 -> 15.9 | S14: =D14+J14 -> 0 | T14: =E14+K14+N14 -> 9.3 | U14: =F14+L14+O14 -> 0 | V14: =G14+M14+P14 -> 3 | W14: =SUM(R14:V14) -> 28.2
A15: Canipaan | Q15: =SUM(I15:P15) -> 0 | R15: =C15+I15 -> 0 | S15: =D15+J15 -> 0 | T15: =E15+K15+N15 -> 0 | U15: =F15+L15+O15 -> 0 | V15: =G15+M15+P15 -> 0 | W15: =SUM(R15:V15) -> 0
A16: Culasian | B16: 6 | E16: 4 | K16: 5.1 | M16: 1.2 | Q16: =SUM(I16:P16) -> 6.3 | R16: =C16+I16 -> 0 | S16: =D16+J16 -> 0 | T16: =E16+K16+N16 -> 9.1 | U16: =F16+L16+O16 -> 0 | V16: =G16+M16+P16 -> 1.2 | W16: =SUM(R16:V16) -> 10.3
A17: Iraan | B17: 34 | E17: 29.2 | G17: 4.6 | K17: 6 | M17: 4 | Q17: =SUM(I17:P17) -> 10 | R17: =C17+I17 -> 0 | S17: =D17+J17 -> 0 | T17: =E17+K17+N17 -> 35.2 | U17: =F17+L17+O17 -> 0 | V17: =G17+M17+P17 -> 8.6 | W17: =SUM(R17:V17) -> 43.8
A18: Latud | Q18: =SUM(I18:P18) -> 0 | R18: =C18+I18 -> 0 | S18: =D18+J18 -> 0 | T18: =E18+K18+N18 -> 0 | U18: =F18+L18+O18 -> 0 | V18: =G18+M18+P18 -> 0 | W18: =SUM(R18:V18) -> 0
A19: Panalingaan | B19: 25 | C19: 1.2 | E19: 20 | G19: 5 | I19: 2 | K19: 8.8 | M19: 6 | Q19: =SUM(I19:P19) -> 16.8 | R19: =C19+I19 -> 3.2 | S19: =D19+J19 -> 0 | T19: =E19+K19+N19 -> 28.8 | U19: =F19+L19+O19 -> 0 | V19: =G19+M19+P19 -> 11 | W19: =SUM(R19:V19) -> 43
A20: Punta Baja | B20: 3 | E20: 0.6 | G20: 4.4 | Q20: =SUM(I20:P20) -> 0 | R20: =C20+I20 -> 0 | S20: =D20+J20 -> 0 | T20: =E20+K20+N20 -> 0.6 | U20: =F20+L20+O20 -> 0 | V20: =G20+M20+P20 -> 4.4 | W20: =SUM(R20:V20) -> 5
A21: Ransang | B21: 2 | G21: 0.9 | K21: 0.6 | Q21: =SUM(I21:P21) -> 0.6 | R21: =C21+I21 -> 0 | S21: =D21+J21 -> 0 | T21: =E21+K21+N21 -> 0.6 | U21: =F21+L21+O21 -> 0 | V21: =G21+M21+P21 -> 0.9 | W21: =SUM(R21:V21) -> 1.5
A22: Taburi | Q22: =SUM(I22:P22) -> 0 | R22: =C22+I22 -> 0 | S22: =D22+J22 -> 0 | T22: =E22+K22+N22 -> 0 | U22: =F22+L22+O22 -> 0 | V22: =G22+M22+P22 -> 0 | W22: =SUM(R22:V22) -> 0
A24: - to be submitted every 15th and 30th day of the month
A25: - March 15 submission for terminal planting under DS cropping
A26: =-A29 -> 0

Sheet Nov 1-15 Materlist
A1: Department of Agriculture
A2: REGIONAL FIELD OFFICE MIMAROPA
A3: Rice Program
A5: DRY SEASON 2026 Planting Report
A6: as of Nov 15, 2025 | I6: h | K6: cs | M6: fs
A7: Location | B7: Name of Farmer | F7: Area Planted (Hectares) | G7: Date of Crop Establishent | H7: Location | I7: Type of Seeds and Variety | N7: Seeding Rate (Kg/Ha.) | O7: Field source of water
B8: first_name | C8: middle_name | D8: last_name | E8: ext_name | G8: (Transplanting or Broadcasting) | I8: HYBRID SEEDS | J8: REGISTERED SEEDS | K8: CERTIFIED SEEDS | L8: GOOD QUALITY SEEDS | M8: FARMERS HOME SAVED SEEDS / GS | O8: (Irrigated/ Rainfed Lowland/ Rainfed Upland)
B9: FRANCISCO | C9: RAMIREZ | D9: BELNAS | F9: 1.8 | H9: Bunog | K9: RC 216 | O9: Rainfed
B10: ROMEL | C10: ARADIN | D10: BLASCO | F10: 0.5 | H10: Bunog | M10: B4 | O10: Rainfed
A11: Rizal | B11: JUMEL | C11: DEMETILLO | D11: BOCOL | F11: 1.2 | H11: Bunog | I11: JACKPOT | O11: Irrigated
A12: Bunog | B12: CONCHITA | C12: ACOJEDO | D12: CABUENA | F12: 1 | H12: Bunog | M12: BLANDE | O12: Rainfed
A13: Campong Ulay | B13: JASON | C13: OCHEA | D13: GARGALLANO | F13: 1 | H13: Bunog | M13: BLONDE | O13: Rainfed
A14: Candawaga | B14: EDUARDO | C14: LAYES | D14: GARGALLANO | F14: 2 | H14: Bunog | M14: BLONDE | O14: Rainfed
A15: Canipaan | B15: SALVADOR | C15: SUCAYRE | D15: HELARIA | F15: 1 | H15: Bunog | M15: B-4 | O15: Rainfed
A16: Culasian | B16: JERIC | C16: CORTEZ | D16: HELARIA | F16: 1 | H16: Bunog | M16: B-4 | O16: Rainfed
A17: Iraan | B17: FRANCISCO | C17: TAUBAN | D17: JURILLA | F17: 1.3 | H17: Bunog | M17: JASMIN | O17: Rainfed
A18: Latud | B18: ARNEL | C18: JAPOLE | D18: LACPAO | F18: 0.6 | H18: Bunog | M18: B-4 | O18: Irrigated
A19: Panalingaan | B19: THADZMAHAL | C19: SABDANI | D19: LACQUIN | F19: 1 | H19: Bunog | M19: BLANDE | O19: Rainfed
A20: Punta Baja | B20: MARIO | C20: SURAO | D20: LACQUIN | F20: 0.3 | H20: Bunog | K20: RC 402 | O20: Rainfed
A21: Ransang | B21: ABNER | C21: SURAO | D21: LACQUIN | F21: 0.5 | H21: Bunog | K21: RC 402 | O21: Rainfed
A22: Taburi | B22: FEDERICO | C22: CAHILIG | D22: LANUZA | F22: 1 | H22: Bunog | M22: B-4 | O22: Rainfed
B23: CYRUS | C23: GARCIA | D23: MONSERATE | F23: 1.5 | H23: Bunog | M23: BLONDE | O23: Rainfed
B24: ACE | C24: JURILLA | D24: MONSERATE | F24: 2 | H24: Bunog | M24: SPEED | O24: Rainfed
B25: REY | C25: LEGARDA | D25: QUINDO | F25: 1 | H25: Bunog | K25: RC 402 | O25: Rainfed
A26: =-A29 -> 0 | B26: ROSALINA | C26: LACQUIN | D26: SUAN | F26: 2 | H26: Bunog | K26: RC 402 | O26: Rainfed
B27: GLADE | C27: NGALO NGALO | D27: SUMUGAT | F27: 1 | H27: Bunog | M27: blande | O27: Rainfed
B28: ANTHONY | C28: TABILI | D28: TAWTAWAN | F28: 1 | H28: Bunog | K28: RC 402 | O28: Rainfed
B29: JHONLE MARK | C29: CORTAJE | D29: DRILON | F29: 0.8 | H29: BUNOG | K29: RC 222 | O29: Rainfed
B30: CELSO | C30: TABI | D30: ACEPCION | F30: 3 | H30: Campong Ulay | K30: RC402 | O30: Irrigated
B31: JERSON | C31: FAVILA | D31: GAPILANGO | F31: 1 | H31: Campong Ulay | M31: RC438 | O31: Irrigated
B32: JURIEL | C32: RAMBUYOG | D32: LUBAS | F32: 2 | H32: Campong Ulay | K32: RC18 | O32: Irrigated
B33: NANCY | C33: RAMBUYONG | D33: LUBAS | F33: 1 | H33: Campong Ulay | K33: RC18 | O33: Irrigated
B34: JOEL | C34: GARGOLES | D34: MORERA | F34: 3 | H34: Campong Ulay | K34: RC402 | O34: Irrigated
B35: DOMINADOR | C35: GALLARDO | D35: ALBA | E35: SR | F35: 3 | H35: Candawaga | I35: SL19 | O35: Irrigated
B36: IVAN | C36: MONTANO | D36: ARAGON | F36: 1.6 | H36: Candawaga | I36: JACKPOT | O36: Irrigated
B37: ARSENIA | C37: LEOCADIO | D37: BESALES | F37: 2 | H37: Candawaga | K37: RC 222 | O37: Irrigated
B38: NELLY | C38: ESTEBAN | D38: BESITE | F38: 1.7 | H38: Candawaga | K38: RC 402 | O38: Irrigated
B39: ALICIA | C39: LEOCADIO | D39: CAMILON | F39: 2.8 | H39: Candawaga | K39: RC 402 | O39: Irrigated
B40: CELERINO | C40: MANGARAN | D40: FALCASANTOS | E40: JR | F40: 3 | H40: Candawaga | I40: HABILIS | O40: Irrigated
B41: FE | C41: FRESNILLO | D41: MALUNES | F41: 3 | H41: Candawaga | I41: HABILIS | O41: Irrigated
B42: ARNEL | C42: BAYLON | D42: MAMON | F42: 1.8 | H42: Candawaga | K42: RC 222 | O42: Rainfed
B43: VEDASTO | C43: BALLAIS | D43: REYES | E43: JR | F43: 1 | H43: Candawaga | K43: RC 222 | O43: Irrigated
B44: ENDOY | C44: VIOVE CENTE | D44: ROMENA | F44: 3 | H44: Candawaga | M44: REDRICE | O44: Rainfed
B45: GINA | C45: PEDRO | D45: ROQUERO | F45: 3 | H45: Candawaga | I45: TH82 | O45: Irrigated
B46: RODOLFO | C46: B | D46: NARCISO | E46: JR | F46: 1.3 | H46: Candawaga | I46: JACKPOT | O46: Rainfed
B47: GODELITO | C47: O | D47: DELOS SANTOS | F47: 1 | H47: Candawaga | I47: TH82 | O47: Rainfed
B48: AIRYN | C48: DE MAYO | D48: CAMUGAO | F48: 1.7 | H48: Culasian | K48: RC 222 | O48: Rainfed
B49: RIZALYN | C49: SOLANO | D49: DAVID | F49: 1.4 | H49: Culasian | K49: RC 222 | O49: Rainfed
B50: JIMMY | C50: GONZALES | D50: OSHITA | F50: 2 | H50: Culasian | K50: RC 222 | O50: Rainfed
B51: ROMANDO | C51: MEDIE | D51: SAMBER | F51: 1 | H51: Culasian | K51: RC 222 | O51: Irrigated
B52: JORGE | C52: DESTAJO | D52: VIGO | E52: JR | F52: 3 | H52: Culasian | K52: RC 222 | O52: Irrigated
B53: ARVAINA | C53: T | D53: MAGALLADORA | F53: 1.2 | H53: Culasian | M53: MACARINA | O53: Rainfed
B54: JESSIE | C54: SESTBERIO | D54: ABONO | F54: 0.7 | H54: Iraan | K54: RC 216 | O54: Rainfed
B55: GEORGE | C55: ESTRIBO | D55: ACANTO | F55: 1.4 | H55: Iraan | M55: BLANDI | O55: Irrigated
B56: DIONESIO | C56: SARINO | D56: ALBISO | E56: SR | F56: 1 | H56: Iraan | K56: RC 402 | O56: Rainfed
B57: HECTOR | C57: YAN | D57: BOQUILLA | F57: 1.3 | H57: Iraan | K57: RC 222 | O57: Rainfed
B58: ROMEO | C58: PARADERO | D58: CANTILA | F58: 0.5 | H58: Iraan | K58: RC 402 | O58: Irrigated
B59: DONALD | C59: CASTILLA | D59: CARMELO | F59: 2 | H59: Iraan | K59: RC 222 | O59: Irrigated
B60: LAILANIE | C60: HERMOSO | D60: CASAMPOL | F60: 0.9 | H60: Iraan | K60: RC 402 | O60: Irrigated
B61: EVA | C61: MONTARGO | D61: DOLAR | F61: 1.2 | H61: Iraan | K61: RC 402 | O61: Irrigated
B62: ADONIS | C62: RUPENTA | D62: ESPANOLA | F62: 1.5 | H62: Iraan | K62: RC 216 | O62: Irrigated
B63: JONALYN | C63: HERMOSO | D63: ESTACION | F63: 0.5 | H63: Iraan | K63: RC 402 | O63: Irrigated
B64: HANCHEL | C64: ESTOCONING | D64: FLORENTINO | F64: 1 | H64: Iraan | M64: THAILAND | O64: Irrigated
B65: WILSITO | C65: BARREDO | D65: FLORENTINO | F65: 0.6 | H65: Iraan | K65: RC 402 | O65: Irrigated
B66: EDITHA | C66: FAT | D66: HANDOG | F66: 1 | H66: Iraan | K66: RC 218 | O66: Rainfed
B67: ROSE EDEN | C67: APOSTOL | D67: HERMOSO | F67: 1.7 | H67: Iraan | K67: RC 222 | O67: Irrigated
B68: REY | C68: ODONG | D68: HERMOSO | F68: 0.5 | H68: Iraan | K68: RC 402 | O68: Irrigated
B69: TEODORO | C69: ODONG | D69: HERMOSO | E69: JR | F69: 3.2 | H69: Iraan | K69: RC 222 | O69: Irrigated
B70: LAILA | C70: ODONG | D70: HERMOSO | F70: 0.5 | H70: Iraan | K70: RC 402 | O70: Irrigated
B71: TEODORO | C71: RUPENTA | D71: HERMOSO | E71: SR | F71: 1.1 | H71: Iraan | K71: RC 402 | O71: Irrigated
B72: ANGELIN | C72: JALBUNA | D72: LAMPON | F72: 1.5 | H72: Iraan | K72: RC 222 | O72: Irrigated
B73: RICKSMAN | C73: HERRERA | D73: MAGBANUA | E73: SR | F73: 2 | H73: Iraan | K73: RC 402 | O73: Irrigated
B74: FRANCIS | C74: BLANCIA | D74: MAGBANUA | F74: 2.4 | H74: Iraan | K74: RC 402 | O74: Irrigated
B75: OLIBIA | C75: YONGCOL | D75: MANOCE | F75: 1.4 | H75: Iraan | K75: RC 222 | O75: Irrigated
B76: JESUS | C76: ALEGRIA | D76: MENDOZA | F76: 3.5 | H76: Iraan | K76: RC 222 | O76: Irrigated
B77: ANANIAS | C77: GABOTERO | D77: MENDOZA | F77: 0.7 | H77: Iraan | K77: RC 402 | O77: Irrigated
B78: JIIMMY | C78: YONGCAL | D78: MONGCAL | F78: 1 | H78: Iraan | K78: RC 402 | O78: Rainfed
B79: ALEJANDRO | C79: PIALA | D79: MORTES | E79: SR | F79: 1 | H79: Iraan | K79: RC 402 | O79: Rainfed
B80: VERGILIO | C80: ANTENORIO | D80: NEMENIO | F80: 3 | H80: Iraan | K80: RC 402 | O80: Irrigated
B81: MARLON | C81: NANGIT | D81: REYNO | F81: 1 | H81: Iraan | M81: BLANDE | O81: Rainfed
B82: ANGELO | C82: CALAGO | D82: RIOPAY | F82: 0.7 | H82: Iraan | M82: BLANDE | O82: Rainfed
B83: GRETCHEL | C83: RIOPAY | D83: SALCEDO | F83: 0.7 | H83: Iraan | M83: BLANDI | O83: Irrigated
B84: MARIA FE | C84: RIOPAY | D84: SALCEDO | F84: 1 | H84: Iraan | M84: BLANDI | O84: Rainfed
B85: JOE | C85: APOSTOL | D85: SARIL | F85: 0.5 | H85: Iraan | K85: RC 402 | O85: Irrigated
B86: MELCHOR | C86: DEQUITO | D86: SARIL | E86: SR | F86: 1.3 | H86: Iraan | M86: BLANDI | O86: Rainfed
B87: JOCELYN | C87: SANOL | D87: TABLANZA | F87: 1.5 | H87: Iraan | M87: BLANDE | O87: Irrigated
B88: BORDO | C88: MANDEKE | D88: ANANAY | F88: 1 | H88: Panalingaan | K88: RC 160 | O88: Rainfed
B89: LARRY | C89: TILO | D89: DECENA | F89: 1.5 | H89: Panalingaan | K89: RC 222 | O89: Irrigated
B90: SEVERINO | C90: TAGALA | D90: FERNANDO | E90: JR | F90: 2 | H90: Panalingaan | M90: GSR | O90: Irrigated
B91: EDWIN | C91: GIMIO | D91: GARDOSE | F91: 2 | H91: Panalingaan | M91: REDRICE | O91: Rainfed
B92: REMARK | C92: MONATO | D92: GASPAR | F92: 1.2 | H92: Panalingaan | I92: HABILIS | O92: Irrigated
B93: HENRY | C93: LEBROJO | D93: GASPAR | F93: 1.8 | H93: Panalingaan | K93: RC 222 | O93: Irrigated
B94: HENRY | C94: REDILLA | D94: JINO | F94: 1.2 | H94: Panalingaan | K94: RC 402 | O94: Irrigated
B95: PATREX | C95: BALABA | D95: NAVAT | F95: 2 | H95: Panalingaan | M95: GSR | O95: Irrigated
B96: MICHAEL | C96: BALABA | D96: NAVAT | F96: 2 | H96: Panalingaan | K96: RC 402 | O96: Irrigated
B97: GIL | C97: EDQUIBAL | D97: NAVAT | F97: 2 | H97: Panalingaan | K97: RC 402 | O97: Irrigated
B98: RODEN | C98: EDQUIBAL | D98: NAVAT | F98: 0.8 | H98: Panalingaan | K98: RC 222 | O98: Rainfed
B99: BENITO | C99: MAG ASO | D99: OPCIAR | E99: SR | F99: 2 | H99: Panalingaan | I99: JACKPOT | O99: Rainfed
B100: RICHMOND | C100: GONZAGA | D100: OPSIAR | F100: 2.8 | H100: Panalingaan | K100: RC 222 | O100: Irrigated
B101: RAMER | C101: OPCIAR | D101: PABILLARAN | F101: 2 | H101: Panalingaan | K101: RC 222 | O101: Irrigated
...

Sheet Nov 16-30
A1: Department of Agriculture
A2: REGIONAL FIELD OFFICE MIMAROPA
A3: Rice Program
A5: DRY SEASON 2026 Planting Report
A6: as of November 30, 2025
A7: MUNICIPALITY / BARANGAY | B7: NO. OF FARMER PLANTED | C7: IRRIGATED | I7: RAINFED | R7: =A5 -> DRY SEASON 2026 Planting Report | X7: REMARKS
C9: HYBRID SEEDS | D9: REGISTERED SEEDS | E9: CERTIFIED SEEDS | F9: GOOD QUALITY SEEDS | G9: FARMERS HOME SAVED SEEDS / GS | H9: TOTAL | I9: LOWLAND | N9: UPLAND | Q9: TOTAL | R9: HYBRID SEEDS | S9: REGISTERED SEEDS | T9: CERTIFIED SEEDS | U9: GOOD QUALITY SEEDS | V9: FARMERS HOME SAVED SEEDS / GS | W9: TOTAL
I10: HYBRID SEEDS | J10: REGISTERED SEEDS | K10: CERTIFIED SEEDS | L10: GOOD QUALITY SEEDS | M10: FARMERS HOME SAVED SEEDS | N10: CERTIFIED SEEDS | O10: GOOD QUALITY SEEDS | P10: FARMERS HOME SAVED SEEDS / GS
A11: Rizal | B11: =SUM(B12:B23) -> 109 | C11: =SUM(C12:C23) -> 61.8 | D11: =SUM(D12:D23) -> 0 | E11: =SUM(E12:E23) -> 54.9 | F11: =SUM(F12:F23) -> 0 | G11: =SUM(G12:G23) -> 7.7 | H11: =SUM(H12:H23) -> 0 | I11: =SUM(I12:I23) -> 10 | J11: =SUM(J12:J23) -> 0 | L11: =SUM(L12:L23) -> 0 | M11: =SUM(M12:M23) -> 9.8 | N11: =SUM(N12:N23) -> 0 | O11: =SUM(O12:O23) -> 0 | P11: =SUM(P12:P23) -> 0 | Q11: =SUM(Q12:Q23) -> 52.1 | R11: =SUM(R12:R23) -> 71.8 | S11: =SUM(S12:S23) -> 0 | ... W11: =SUM(W12:W23) -> 176.5
A12: Bunog | B12: 0 | Q12: =SUM(I12:P12) -> 0 | R12: =C12+I12 -> 0 | S12: =D12+J12 -> 0 | T12: =E12+K12+N12 -> 0 | U12: =F12+L12+O12 -> 0 | V12: =G12+M12+P12 -> 0 | W12: =SUM(R12:V12) -> 0
A13: Campong Ulay | B13: 0 | Q13: =SUM(I13:P13) -> 0 | R13: =C13+I13 -> 0 | S13: =D13+J13 -> 0 | T13: =E13+K13+N13 -> 0 | U13: =F13+L13+O13 -> 0 | V13: =G13+M13+P13 -> 0 | W13: =SUM(R13:V13) -> 0
A14: Candawaga | B14: 0 | Q14: =SUM(I14:P14) -> 0 | R14: =C14+I14 -> 0 | S14: =D14+J14 -> 0 | T14: =E14+K14+N14 -> 0 | U14: =F14+L14+O14 -> 0 | V14: =G14+M14+P14 -> 0 | W14: =SUM(R14:V14) -> 0
A15: Canipaan | B15: 0 | Q15: =SUM(I15:P15) -> 0 | R15: =C15+I15 -> 0 | S15: =D15+J15 -> 0 | T15: =E15+K15+N15 -> 0 | U15: =F15+L15+O15 -> 0 | V15: =G15+M15+P15 -> 0 | W15: =SUM(R15:V15) -> 0
A16: Culasian | B16: 0 | Q16: =SUM(I16:P16) -> 0 | R16: =C16+I16 -> 0 | S16: =D16+J16 -> 0 | T16: =E16+K16+N16 -> 0 | U16: =F16+L16+O16 -> 0 | V16: =G16+M16+P16 -> 0 | W16: =SUM(R16:V16) -> 0
A17: Iraan | B17: 15 | E17: 5.8 | K17: 5.9 | M17: 7.3 | Q17: =SUM(I17:P17) -> 13.2 | R17: =C17+I17 -> 0 | S17: =D17+J17 -> 0 | T17: =E17+K17+N17 -> 11.7 | U17: =F17+L17+O17 -> 0 | V17: =G17+M17+P17 -> 7.3 | W17: =SUM(R17:V17) -> 19
A18: Latud | B18: 0 | Q18: =SUM(I18:P18) -> 0 | R18: =C18+I18 -> 0 | S18: =D18+J18 -> 0 | T18: =E18+K18+N18 -> 0 | U18: =F18+L18+O18 -> 0 | V18: =G18+M18+P18 -> 0 | W18: =SUM(R18:V18) -> 0
A19: Panalingaan | B19: 70 | C19: 8.3 | E19: 49.1 | G19: 7.7 | I19: 10 | K19: 26.4 | M19: 2.5 | Q19: =SUM(I19:P19) -> 38.9 | R19: =C19+I19 -> 18.3 | S19: =D19+J19 -> 0 | T19: =E19+K19+N19 -> 75.5 | U19: =F19+L19+O19 -> 0 | V19: =G19+M19+P19 -> 10.2 | W19: =SUM(R19:V19) -> 104
A20: Punta Baja | B20: 24 | C20: 53.5 | Q20: =SUM(I20:P20) -> 0 | R20: =C20+I20 -> 53.5 | S20: =D20+J20 -> 0 | T20: =E20+K20+N20 -> 0 | U20: =F20+L20+O20 -> 0 | V20: =G20+M20+P20 -> 0 | W20: =SUM(R20:V20) -> 53.5
A21: Ransang | B21: 0 | Q21: =SUM(I21:P21) -> 0 | R21: =C21+I21 -> 0 | S21: =D21+J21 -> 0 | T21: =E21+K21+N21 -> 0 | U21: =F21+L21+O21 -> 0 | V21: =G21+M21+P21 -> 0 | W21: =SUM(R21:V21) -> 0
A22: Taburi | B22: 0 | Q22: =SUM(I22:P22) -> 0 | R22: =C22+I22 -> 0 | S22: =D22+J22 -> 0 | T22: =E22+K22+N22 -> 0 | U22: =F22+L22+O22 -> 0 | V22: =G22+M22+P22 -> 0 | W22: =SUM(R22:V22) -> 0
A24: - to be submitted every 15th and 30th day of the month
A25: - March 15 submission for terminal planting under DS cropping
A26: =-A29 -> 0

Sheet Nov 16-31 Materlist
A1: Department of Agriculture
A2: REGIONAL FIELD OFFICE MIMAROPA
A3: Rice Program
A5: DRY SEASON 2026 Planting Report | I5: h | K5: cs | M5: fs
A6: as of Nov 31
A7: Location | B7: Name of Farmer | F7: Area Planted (Hectares) | G7: Date of Crop Establishent | H7: Location | I7: Type of Seeds and Variety | N7: Seeding Rate (Kg/Ha.) | O7: Field source of water
B8: first_name | C8: middle_name | D8: last_name | E8: ext_name | G8: (Transplanting or Broadcasting) | I8: HYBRID SEEDS | J8: REGISTERED SEEDS | K8: CERTIFIED SEEDS | L8: GOOD QUALITY SEEDS | M8: FARMERS HOME SAVED SEEDS / GS | O8: (Irrigated/ Rainfed Lowland/ Rainfed Upland)
B9: ROMMEL | C9: JACOB | D9: AGOSTO | F9: 1.5 | H9: Iraan | M9: BLANDI | O9: Rainfed | P9: FS
B10: MELODINA | C10: LAMOSTE | D10: AGUSTO | F10: 2 | H10: Iraan | K10: RC 222 | O10: Rainfed | P10: CS
A11: Rizal | B11: REYNALDO | C11: BARTOLOME | D11: ALBACINO | F11: 1 | H11: Iraan | M11: BLANDI | O11: Rainfed | P11: FS
A12: Bunog | B12: RAYMOND FRANCIS | C12: CATABAY | D12: AVANCENA | F12: 1.5 | H12: Iraan | K12: RC 222 | O12: Irrigated | P12: CS
A13: Campong Ulay | B13: MA NIDA | C13: MEDEZ | D13: CARIM | F13: 1.4 | H13: Iraan | K13: RC 402 | O13: Rainfed | P13: CS
A14: Candawaga | B14: JOVY | C14: AGOSTO | D14: CASTILLA | F14: 2 | H14: Iraan | K14: RC 402 | O14: Irrigated | P14: CS
A15: Canipaan | B15: JEOTER | C15: FERNANDEZ | D15: DIONG | F15: 1 | H15: Iraan | M15: BLANDI | O15: Rainfed | P15: FS
A16: Culasian | B16: IMELDA | C16: MAHUSAY | D16: JUAREZ | F16: 1 | H16: Iraan | K16: RC 402 | O16: Irrigated | P16: CS
A17: Iraan | B17: CRYSLINE MAE | C17: CASTILLA | D17: LEGARDA | F17: 1.5 | H17: Iraan | K17: RC 18 | O17: Rainfed | P17: CS
A18: Latud | B18: BERMANDO | C18: ALMENDRALA | D18: MAGSAEL | F18: 1.1 | H18: Iraan | M18: BLANDI | O18: Rainfed | P18: FS
A19: Panalingaan | B19: EDITHA | C19: RUPENTA | D19: MAHUSAY | F19: 1 | H19: Iraan | K19: RC 216 | O19: Rainfed | P19: CS
A20: Punta Baja | B20: EDSAN | C20: YAN | D20: MOLINA | F20: 1.2 | H20: Iraan | M20: BLANDI | O20: Rainfed | P20: FS
A21: Ransang | B21: JIMMY | C21: YUNGCOL | D21: MONGCAL | F21: 1 | H21: Iraan | M21: BLANDI | O21: Rainfed | P21: FS
A22: Taburi | B22: RUBEN | C22: LABA | D22: PILAYO | F22: 1.3 | H22: Iraan | K22: RC 402 | O22: Irrigated | P22: CS
B23: FRANKLY | C23: MERCADO | D23: UTOH | F23: 0.5 | H23: Iraan | M23: BLANDI | O23: Rainfed | P23: FS
B24: ANNABELLE | C24: AMOR | D24: AGOILO | F24: 2 | H24: Panalingaan | K24: RC 402 | O24: Irrigated | P24: CS
B25: ALLAN | C25: DALISAY | D25: AMOR | F25: 3 | H25: Panalingaan | K25: RC 222 | O25: Irrigated | P25: CS
A26: =-A29 -> 0 | B26: ALEXANDER | C26: DALISAY | D26: AMOR | F26: 2 | H26: Panalingaan | K26: RC 222 | O26: Irrigated | P26: CS
B27: RICHARD | C27: KHU | D27: AMOR | F27: 1.7 | H27: Panalingaan | K27: RC 222 | O27: Rainfed | P27: CS
B28: SANILA | C28: LINGGAN | D28: AMPING | F28: 0.7 | H28: Panalingaan | K28: RC 222 | O28: Rainfed | P28: CS
B29: MARCO | C29: GUERERRO | D29: BADAJOS | F29: 2 | H29: Panalingaan | K29: RC 222 | O29: Irrigated | P29: CS
B30: ROMY | C30: ANTARAY | D30: BAILY | F30: 0.9 | H30: Panalingaan | K30: RC 222 | O30: Irrigated | P30: CS
B31: ROMEO | C31: MUYCO | D31: BANAS | F31: 0.7 | H31: Panalingaan | I31: HABILIS | O31: Irrigated | P31: H
B32: EVELYN | C32: AMBAIT | D32: BARAYOGA | F32: 1.7 | H32: Panalingaan | K32: RC 402 | O32: Rainfed | P32: CS
B33: ACHMAN | C33: NIPA NIPA | D33: BERNAL | F33: 2 | H33: Panalingaan | K33: RC 222 | O33: Rainfed | P33: CS
B34: FRANCING | C34: NIPA-NIPA | D34: BERNAL | F34: 1.3 | H34: Panalingaan | K34: RC 222 | O34: Irrigated | P34: CS
B35: RAZID | C35: NIPA NIPA | D35: BERNAL | F35: 2 | H35: Panalingaan | I35: JACKPOT | O35: Irrigated | P35: H
B36: ALLAN | C36: ASUNCION | D36: CALLEJO | F36: 1.4 | H36: Panalingaan | M36: BULRICE | O36: Irrigated | P36: FS
B37: MICHAEL DAVE | C37: TACANCOY | D37: CALLEJO | F37: 2 | H37: Panalingaan | K37: RC 222 | O37: Irrigated | P37: CS
B38: ELENA | C38: ARTOCILLA | D38: CAPUNONG | F38: 2.1 | H38: Panalingaan | K38: RC 222 | O38: Irrigated | P38: CS
B39: JAIME | C39: DACUTAN | D39: CRISOSTOMO | F39: 3 | H39: Panalingaan | K39: RC 222 | O39: Irrigated | P39: CS
B40: LETECIA | C40: PARONG | D40: DALISAY | F40: 2 | H40: Panalingaan | K40: RC 402 | O40: Rainfed | P40: CS
B41: ERWIN | C41: AGAGETA | D41: DAYHOP | F41: 0.5 | H41: Panalingaan | K41: RC 18 | O41: Rainfed | P41: CS
B42: ROLINA | C42: ODA | D42: DECENA | F42: 1.5 | H42: Panalingaan | K42: RC 222 | O42: Rainfed | P42: CS
B43: CRISPINA | C43: JINO | D43: DECENA | F43: 3 | H43: Panalingaan | K43: RC 222 | O43: Irrigated | P43: CS
B44: MARILOU | C44: GASPAR | D44: ENDRICO | F44: 1.4 | H44: Panalingaan | I44: HABILIS | O44: Irrigated | P44: H
B45: ANAFE | C45: ASNARA | D45: FLORES | F45: 1.2 | H45: Panalingaan | I45: HABILIS | O45: Irrigated | P45: H
B46: RAMIE | C46: LIBROHJO | D46: GASPAR | F46: 1.6 | H46: Panalingaan | K46: RC 222 | O46: Irrigated | P46: CS
B47: MARY ANN | C47: VALENCIA | D47: GASPAR | F47: 0.5 | H47: Panalingaan | M47: 352 | O47: Irrigated | P47: FS
B48: NENITA | C48: DUMAYO | D48: GASPAR | F48: 2 | H48: Panalingaan | K48: RC 222 | O48: Irrigated | P48: CS
B49: JUDY | C49: ODOC | D49: GASPAR | F49: 1 | H49: Panalingaan | M49: 352 | O49: Irrigated | P49: FS
B50: REYNANTE | C50: RECOTE | D50: GENOL | F50: 2 | H50: Panalingaan | K50: RC 222 | O50: Rainfed | P50: CS
B51: MURPHY | C51: HIPONIA | D51: GUELOS | F51: 0.8 | H51: Panalingaan | I51: HABILIS | O51: Rainfed | P51: H
B52: BALISTEN | C52: ELAHAN | D52: JATUHAN | F52: 1.5 | H52: Panalingaan | M52: BULLRICE | O52: Irrigated | P52: FS
B53: ENRILE | C53: JOAN | D53: JATUHAN | F53: 2 | H53: Panalingaan | K53: RC 222 | O53: Irrigated | P53: CS
B54: ARVIE | C54: JABAGAT | D54: JURILLA | F54: 1.8 | H54: Panalingaan | K54: RC 402 | O54: Irrigated | P54: CS
B55: BERNARD | C55: TAOBAN | D55: JURILLA | E55: SR | F55: 1.8 | H55: Panalingaan | K55: RC 402 | O55: Irrigated | P55: CS
B56: ARMILETO | C56: ASNARA | D56: LINGGAN | F56: 2 | H56: Panalingaan | M56: BULLRICE | O56: Rainfed | P56: FS
B57: JACOB | C57: ASNARA | D57: LINGGAN | F57: 1.2 | H57: Panalingaan | K57: RC 222 | O57: Rainfed | P57: CS
B58: EDNA | C58: ESMAEL | D58: MADIL | F58: 1.7 | H58: Panalingaan | K58: RC 222 | O58: Rainfed | P58: CS
B59: BASTA | C59: ANDUNGAYAN | D59: MAGNAN | F59: 0.5 | H59: Panalingaan | K59: RC 222 | O59: Rainfed | P59: CS
B60: MARLINO | C60: ELIS | D60: MALNAN | F60: 0.5 | H60: Panalingaan | K60: RC 222 | O60: Rainfed | P60: CS
B61: JERALD | C61: LAPIS | D61: MANSING | F61: 1 | H61: Panalingaan | K61: RC 222 | O61: Rainfed | P61: CS
B62: BENITO | C62: DE ASIS | D62: MAQUILING | F62: 2 | H62: Panalingaan | I62: HABILIS | O62: Irrigated | P62: H
B63: ALEJANDRO | C63: BERDIDA | D63: MONATO | F63: 2 | H63: Panalingaan | I63: HABILIS | O63: Rainfed | P63: H
B64: ALJOHN | C64: GASPAR | D64: MONATO | F64: 1.8 | H64: Panalingaan | K64: RC 222 | O64: Irrigated | P64: CS
B65: MARIALYN | C65: BARAYOGA | D65: MONDIDO | F65: 2.2 | H65: Panalingaan | K65: RC 222 | O65: Irrigated | P65: CS
B66: SAMUEL | C66: ATORDIDO | D66: MONTEJO | F66: 2.8 | H66: Panalingaan | I66: JACKPOT | O66: Rainfed | P66: H
B67: ROMEL | C67: ATORDIDO | D67: MONTEJO | F67: 1.4 | H67: Panalingaan | I67: JACKPOT | O67: Rainfed | P67: H
B68: JOY | C68: HISONA | D68: MONTEJO | F68: 1.5 | H68: Panalingaan | K68: RC 402 | O68: Rainfed | P68: CS
B69: JANIBOY | C69: TAMPIK | D69: NAHA | F69: 0.7 | H69: Panalingaan | K69: RC 222 | O69: Irrigated | P69: CS
B70: EVERCIO | C70: IRADER | D70: NAVARRA | F70: 0.9 | H70: Panalingaan | K70: RC 402 | O70: Rainfed | P70: CS
B71: RICARDO | C71: BERNAL | D71: NIPA-NIPA | F71: 1 | H71: Panalingaan | K71: RC 222 | O71: Irrigated | P71: CS
B72: VICTOR | C72: BERNAL | D72: PABITERO | F72: 0.7 | H72: Panalingaan | K72: RC 222 | O72: Irrigated | P72: CS
B73: ESPERANZA | C73: BAOANG | D73: PALU AY | F73: 1 | H73: Panalingaan | K73: RC 222 | O73: Irrigated | P73: CS
B74: JEZRIEL | C74: BADANG | D74: PALU-AY | F74: 1.8 | H74: Panalingaan | M74: BULLRICE | O74: Irrigated | P74: FS
B75: LIEZEL | C75: TOMASIS | D75: PONCE DE LEON | F75: 1.2 | H75: Panalingaan | K75: RC 222 | O75: Irrigated | P75: CS
B76: LACENA | C76: LINGGAN | D76: PUDO | F76: 0.5 | H76: Panalingaan | M76: BULLRICE | O76: Rainfed | P76: FS
B77: CHRIS | C77: PALARCA | D77: QUIOCSON | F77: 1.7 | H77: Panalingaan | I77: HABILIS | O77: Rainfed | P77: H
B78: BENJAMIN | C78: FRANCISCO | D78: RELOTA | F78: 2 | H78: Panalingaan | K78: RC 222 | O78: Irrigated | P78: CS
B79: JIMMY | C79: DIPAYA | D79: REVILLO | F79: 0.6 | H79: Panalingaan | M79: BULRICE | O79: Irrigated | P79: FS
B80: NIKYBOY | C80: MANSARI | D80: REVILLO | F80: 0.9 | H80: Panalingaan | M80: BULRICE | O80: Irrigated | P80: FS
B81: BONTOY | C81: ONOS | D81: REVILLO | F81: 1.3 | H81: Panalingaan | K81: RC 402 | O81: Irrigated | P81: CS
B82: NOLI | C82: LUPIGAN | D82: REVILLO | F82: 1.2 | H82: Panalingaan | K82: RC 222 | O82: Irrigated | P82: CS
B83: LEKI | C83: BOSAL | D83: RIPANG | F83: 1 | H83: Panalingaan | K83: RC 222 | O83: Rainfed | P83: CS
B84: RONAROSE | C84: REVILLO | D84: SARAHINA | F84: 1 | H84: Panalingaan | K84: RC 402 | O84: Rainfed | P84: CS
B85: REGINA | C85: REVILLO | D85: SEGAY | F85: 0.9 | H85: Panalingaan | K85: RC 402 | O85: Irrigated | P85: CS
B86: MIRASOL | C86: FLORES | D86: TALHA | F86: 1.5 | H86: Panalingaan | K86: RC 222 | O86: Rainfed | P86: CS
B87: MICHEAL VINCENT | C87: CAYAPAS | D87: TAPALLA | F87: 1.3 | H87: Panalingaan | I87: HABILIS | O87: Rainfed | P87: H
B88: RODEN | C88: SAMILLANO | D88: TEJANO | F88: 1.5 | H88: Panalingaan | K88: RC 222 | O88: Rainfed | P88: CS
B89: SIMFORIANO | C89: ORTEGA | D89: TOLORIO | F89: 2 | H89: Panalingaan | K89: RC 222 | O89: Irrigated | P89: CS
B90: SALVADOR | C90: DASIGAN | D90: TORENA | F90: 1 | H90: Panalingaan | I90: HABILIS | O90: Irrigated | P90: H
B91: JULIA | C91: TEMPLO | D91: TUMASIS | F91: 2 | H91: Panalingaan | K91: RC 222 | O91: Rainfed | P91: CS
B92: JORIEL | C92: TEMPLO | D92: TUMASIS | F92: 2 | H92: Panalingaan | K92: RC 222 | O92: Irrigated | P92: CS
B93: RENE | C93: RUSTIA | D93: YGOT | F93: 0.6 | H93: Panalingaan | K93: RC 222 | O93: Irrigated | P93: CS
B94: LINO | C94: MARTINEZ | D94: ANG ANGAN | F94: 3 | H94: Punta Baja | I94: LONGPING | O94: Irrigated | P94: H
B95: WILFREDO | C95: CASPIS | D95: AVANCENA | F95: 3 | H95: Punta Baja | I95: LONGPING | O95: Irrigated | P95: H
B96: RODERICK | C96: GALARRITA | D96: BACULIO | F96: 1 | H96: Punta Baja | I96: LONGPING | O96: Irrigated | P96: H
B97: MARIBEL | C97: LUCERO | D97: BLASINO | F97: 1 | H97: Punta Baja | I97: LONGPING | O97: Irrigated | P97: H
B98: PETER | C98: CALDERON | D98: BRAVANTE | F98: 2.8 | H98: Punta Baja | I98: LONGPING | O98: Irrigated | P98: H
B99: AFRIQUITO | C99: DIMIGAYA | D99: CABILING | F99: 1 | H99: Punta Baja | I99: LONGPING | O99: Irrigated | P99: H
B100: VICENTE | C100: TABI | D100: CLEMENTE | F100: 2.5 | H100: Punta Baja | I100: LONGPING | O100: Irrigated | P100: H
B101: PELAGIO | C101: LOPEZ | D101: CORPUZ | E101: JR | F101: 1.7 | H101: Punta Baja | I101: LONGPING | O101: Irrigated | P101: H
...

Sheet Dec 1-15
A1: Department of Agriculture
A2: REGIONAL FIELD OFFICE MIMAROPA
A3: Rice Program
A5: DRY SEASON 2026 Planting Report
A6: as of Dec 15, 2025
A7: MUNICIPALITY / BARANGAY | B7: NO. OF FARMER PLANTED | C7: IRRIGATED | I7: RAINFED | R7: =A5 -> DRY SEASON 2026 Planting Report | X7: REMARKS
C9: HYBRID SEEDS | D9: REGISTERED SEEDS | E9: CERTIFIED SEEDS | F9: GOOD QUALITY SEEDS | G9: FARMERS HOME SAVED SEEDS / GS | H9: TOTAL | I9: LOWLAND | N9: UPLAND | Q9: TOTAL | R9: HYBRID SEEDS | S9: REGISTERED SEEDS | T9: CERTIFIED SEEDS | U9: GOOD QUALITY SEEDS | V9: FARMERS HOME SAVED SEEDS / GS | W9: TOTAL
I10: HYBRID SEEDS | J10: REGISTERED SEEDS | K10: CERTIFIED SEEDS | L10: GOOD QUALITY SEEDS | M10: FARMERS HOME SAVED SEEDS | N10: CERTIFIED SEEDS | O10: GOOD QUALITY SEEDS | P10: FARMERS HOME SAVED SEEDS / GS
A11: Rizal | B11: =SUM(B12:B23) -> 274 | C11: =SUM(C12:C23) -> 280.5 | D11: =SUM(D12:D23) -> 0 | E11: =SUM(E12:E23) -> 61.4 | F11: =SUM(F12:F23) -> 0 | G11: =SUM(G12:G23) -> 26.2 | H11: =SUM(H12:H23) -> 0 | I11: =SUM(I12:I23) -> 32.3 | ... W11: =SUM(W12:W23) -> 481
A12: Bunog | B12: 59 | C12: 1 | E12: 5.5 | G12: 8.1 | I12: 10.3 | K12: 24 | M12: 23.6 | Q12: =SUM(I12:P12) -> 57.9 | R12: =C12+I12 -> 11.3 | S12: =D12+J12 -> 0 | T12: =E12+K12+N12 -> 29.5 | U12: =F12+L12+O12 -> 0 | V12: =G12+M12+P12 -> 31.7 | W12: =SUM(R12:V12) -> 72.5
A13: Campong Ulay | B13: 25 | C13: 3.8 | E13: 15.3 | G13: 11.7 | Q13: =SUM(I13:P13) -> 0 | R13: =C13+I13 -> 3.8 | S13: =D13+J13 -> 0 | T13: =E13+K13+N13 -> 15.3 | U13: =F13+L13+O13 -> 0 | V13: =G13+M13+P13 -> 11.7 | W13: =SUM(R13:V13) -> 30.8
A14: Candawaga | B14: 137 | C14: 272.9 | I14: 15 | Q14: =SUM(I14:P14) -> 15 | R14: =C14+I14 -> 287.9 | S14: =D14+J14 -> 0 | T14: =E14+K14+N14 -> 0 | U14: =F14+L14+O14 -> 0 | V14: =G14+M14+P14 -> 0 | W14: =SUM(R14:V14) -> 287.9
A15: Canipaan | B15: 12 | I15: 7 | K15: 11.3 | Q15: =SUM(I15:P15) -> 18.3 | R15: =C15+I15 -> 7 | S15: =D15+J15 -> 0 | T15: =E15+K15+N15 -> 11.3 | U15: =F15+L15+O15 -> 0 | V15: =G15+M15+P15 -> 0 | W15: =SUM(R15:V15) -> 18.3
A16: Culasian | B16: 0 | Q16: =SUM(I16:P16) -> 0 | R16: =C16+I16 -> 0 | S16: =D16+J16 -> 0 | T16: =E16+K16+N16 -> 0 | U16: =F16+L16+O16 -> 0 | V16: =G16+M16+P16 -> 0 | W16: =SUM(R16:V16) -> 0
A17: Iraan | B17: 28 | E17: 20.8 | G17: 5.2 | K17: 9.9 | M17: 10.5 | Q17: =SUM(I17:P17) -> 20.4 | R17: =C17+I17 -> 0 | S17: =D17+J17 -> 0 | T17: =E17+K17+N17 -> 30.7 | U17: =F17+L17+O17 -> 0 | V17: =G17+M17+P17 -> 15.7 | W17: =SUM(R17:V17) -> 46.4
A18: Latud | B18: 0 | Q18: =SUM(I18:P18) -> 0 | R18: =C18+I18 -> 0 | S18: =D18+J18 -> 0 | T18: =E18+K18+N18 -> 0 | U18: =F18+L18+O18 -> 0 | V18: =G18+M18+P18 -> 0 | W18: =SUM(R18:V18) -> 0
A19: Panalingaan | B19: 8 | C19: 2.8 | E19: 8.8 | G19: 1.2 | K19: 1.3 | Q19: =SUM(I19:P19) -> 1.3 | R19: =C19+I19 -> 2.8 | S19: =D19+J19 -> 0 | T19: =E19+K19+N19 -> 10.1 | U19: =F19+L19+O19 -> 0 | V19: =G19+M19+P19 -> 1.2 | W19: =SUM(R19:V19) -> 14.1
A20: Punta Baja | B20: 5 | E20: 11 | Q20: =SUM(I20:P20) -> 0 | R20: =C20+I20 -> 0 | S20: =D20+J20 -> 0 | T20: =E20+K20+N20 -> 11 | U20: =F20+L20+O20 -> 0 | V20: =G20+M20+P20 -> 0 | W20: =SUM(R20:V20) -> 11
A21: Ransang | B21: 0 | Q21: =SUM(I21:P21) -> 0 | R21: =C21+I21 -> 0 | S21: =D21+J21 -> 0 | T21: =E21+K21+N21 -> 0 | U21: =F21+L21+O21 -> 0 | V21: =G21+M21+P21 -> 0 | W21: =SUM(R21:V21) -> 0
A22: Taburi | B22: 0 | Q22: =SUM(I22:P22) -> 0 | R22: =C22+I22 -> 0 | S22: =D22+J22 -> 0 | T22: =E22+K22+N22 -> 0 | U22: =F22+L22+O22 -> 0 | V22: =G22+M22+P22 -> 0 | W22: =SUM(R22:V22) -> 0
A24: - to be submitted every 15th and 30th day of the month
A25: - March 15 submission for terminal planting under DS cropping
A26: =-A29 -> 0

Sheet Dec 1-15 Materlist
A1: Department of Agriculture
A2: REGIONAL FIELD OFFICE MIMAROPA
A3: Rice Program
A5: DRY SEASON 2026 Planting Report
A6: as of Dec 15, 2025
A7: Location | B7: Name of Farmer | F7: Area Planted (Hectares) | G7: Date of Crop Establishent | H7: Location | I7: Type of Seeds and Variety | N7: Seeding Rate (Kg/Ha.) | O7: Field source of water
B8: first_name | C8: middle_name | D8: last_name | E8: ext_name | G8: (Transplanting or Broadcasting) | I8: HYBRID SEEDS | J8: REGISTERED SEEDS | K8: CERTIFIED SEEDS | L8: GOOD QUALITY SEEDS | M8: FARMERS HOME SAVED SEEDS / GS | O8: (Irrigated/ Rainfed Lowland/ Rainfed Upland)
B9: SAIREL | C9: KILAN | D9: ABDUL | F9: 0.8 | H9: Bunog | M9: blande | O9: Rainfed
B10: MICHAEL | C10: KILAN | D10: ABDURAJAK | F10: 0.5 | H10: Bunog | M10: SPEED | O10: Rainfed
A11: Rizal | B11: JONATHAN | C11: VERZO | D11: AMAN | F11: 3 | H11: Bunog | M11: blande | O11: Irrigated
A12: Bunog | B12: MOHAMMAD | C12: ALAM | D12: AMILASAN | F12: 0.6 | H12: Bunog | M12: SPEED | O12: Irrigated
A13: Campong Ulay | B13: MARTIN | C13: DUSONG | D13: APOSTOL | F13: 2 | H13: Bunog | M13: speed | O13: Rainfed
A14: Candawaga | B14: DAREL | C14: METANTE | D14: BALAGOSA | F14: 1.3 | H14: Bunog | M14: blande | O14: Rainfed
A15: Canipaan | B15: RICARDO | C15: DRILON | D15: BARCENAL | F15: 1.5 | H15: Bunog | K15: RC 216 | O15: Rainfed
A16: Culasian | B16: ROLINDA | C16: DRILON | D16: BARCENAL | F16: 0.5 | H16: Bunog | K16: rc 402 | O16: Rainfed
A17: Iraan | B17: RODORA | C17: LAMBOT | D17: BEDLIKAN | F17: 1 | H17: Bunog | K17: RC 402 | O17: Rainfed
A18: Latud | B18: ELEAZAR | C18: DEMEJELLO | D18: BEPINOSO | F18: 1 | H18: Bunog | K18: RC 402 | O18: Irrigated
A19: Panalingaan | B19: ENRIQUITO | C19: ESMERALDA | D19: BULANON | F19: 0.9 | H19: Bunog | K19: RC 222 | O19: Rainfed
A20: Punta Baja | B20: ROLANDO | C20: ANTIQUERA | D20: CARBON | F20: 1.75 | H20: Bunog | I20: SYNGENTA | O20: Rainfed
A21: Ransang | B21: ARSADON | C21: ARBAIN | D21: CARIAN | F21: 1 | H21: Bunog | I21: JACK POT | O21: Irrigated
A22: Taburi | B22: PORTACIO | C22: SURAO | D22: CARIAN | F22: 0.5 | H22: Bunog | M22: B-4 | O22: Rainfed
B23: GINA | C23: DAJAY | D23: CORDERO | F23: 1 | H23: Bunog | M23: B-4 | O23: Rainfed
B24: FERNAND | C24: GINOL | D24: DAJAY | F24: 1 | H24: Bunog | M24: SPEED | O24: Rainfed
B25: MARIALYN | C25: GREGORIO | D25: DALUMPINES | F25: 1 | H25: Bunog | K25: rc 222 | O25: Rainfed
A26: =-A29 -> 0 | B26: TEODORO | C26: PARENO | D26: DELICANA | F26: 1 | H26: Bunog | M26: BLANDE | O26: Rainfed
B27: RICKY | C27: DELIO | D27: DELOS SANTOS | F27: 1.6 | H27: Bunog | M27: B-4 | O27: Rainfed
B28: DELIA | C28: MORENO | D28: DORADO | F28: 1 | H28: Bunog | M28: BLANDE | O28: Irrigated
B29: ALMARIO | C29: EMBORNIZA | D29: DRILON | F29: 0.4 | H29: Bunog | M29: BLANDE | O29: Rainfed
B30: FREDDIE | C30: DEQUINA | D30: DRILON | F30: 2.5 | H30: Bunog | M30: BLANDE | O30: Rainfed
B31: JOSE | C31: EMBORNISA | D31: DRILON | F31: 3.8 | H31: Bunog | M31: B-4 | O31: Rainfed
B32: CORAZON | C32: PUNZALAN | D32: EMBORNIZA | F32: 1 | H32: Bunog | M32: RC 402 | O32: Rainfed
B33: NESTOR | C33: DOLARTE | D33: ENDENCIO | F33: 1.6 | H33: Bunog | K33: RC 222 | O33: Rainfed
B34: MARIO | C34: TUGADO | D34: ESPARAGOZA | F34: 1 | H34: Bunog | M34: blande | O34: Rainfed
B35: JESSIE | C35: CENAL | D35: FORRO | F35: 1.2 | H35: Bunog | M35: speed | O35: Rainfed
B36: DEXTER | C36: DRILON | D36: GALGO | F36: 1 | H36: Bunog | M36: SPEED | O36: Rainfed
B37: MARGARITA | C37: CAMIAS | D37: GALGO | F37: 0.8 | H37: Bunog | M37: B-4 | O37: Rainfed
B38: VERGIE | C38: JARDIN | D38: GALGO | F38: 2 | H38: Bunog | M38: B-4 | O38: Rainfed
B39: TEODOLFO | C39: EYOY | D39: GAMOSA | E39: JR | F39: 0.7 | H39: Bunog | M39: BLANDE | O39: Rainfed
B40: EDGAR | C40: LAYES | D40: GARGALLANO | F40: 1 | H40: Bunog | K40: RC 402 | O40: Rainfed
B41: DOMINADOR | C41: JABAGAT | D41: GENEGOYO | F41: 1.5 | H41: Bunog | K41: rc 402 | O41: Irrigated
B42: RODANTE | C42: GALLEGO | D42: IBANEZ | F42: 2 | H42: Bunog | M42: BLANDE | O42: Irrigated
B43: AKRIN | C43: ABDUL | D43: JAIBE | F43: 2 | H43: Bunog | M43: SPEED | O43: Rainfed
B44: ALBERTO | C44: MENTOY | D44: JURILLA | F44: 0.75 | H44: Bunog | M44: SPEED | O44: Rainfed
B45: JORNITA | C45: EGDAN | D45: LAMBOT | F45: 1.2 | H45: Bunog | K45: RC 402 | O45: Rainfed
B46: RUSSEL | C46: EDDON | D46: LAMBOT | F46: 1 | H46: Bunog | K46: RC 402 | O46: Rainfed
B47: EDUARDO | C47: MOYCO | D47: LAMIGO | F47: 1 | H47: Bunog | K47: RC 402 | O47: Rainfed
B48: JOVEN | C48: PADILLA | D48: LAMIGO | F48: 1.5 | H48: Bunog | K48: RC 402 | O48: Rainfed
B49: PENIDOR | C49: LAMIN | D49: LINDANGAN | F49: 1 | H49: Bunog | M49: B-4 | O49: Irrigated
B50: ROMEO | C50: CAMIAS | D50: MAGBANUA | F50: 1.6 | H50: Bunog | I50: jack pot | O50: Rainfed
B51: CELIA | C51: ESTRELLA | D51: MANSAMAD | F51: 3 | H51: Bunog | I51: sygenta | O51: Rainfed
B52: FLORENDA | C52: BESANEZ | D52: MONSERATE | F52: 1 | H52: Bunog | K52: RC 18 | O52: Rainfed
B53: MELCHOR | C53: ESTRADA | D53: MONTANEZ | F53: 2 | H53: Bunog | K53: RC 402 | O53: Rainfed
B54: ELVIRA | C54: DRILON | D54: NGALONGALO | F54: 1 | H54: Bunog | M54: blande | O54: Rainfed
B55: ALEX | C55: CUEVAS | D55: PALABRICA | F55: 0.5 | H55: Bunog | K55: rc 402 | O55: Irrigated
B56: FERNANDO | C56: PALMA | D56: PALABRICA | F56: 1 | H56: Bunog | K56: rc 402 | O56: Irrigated
B57: REYNALDO | C57: GRANADA | D57: PALMA | F57: 2 | H57: Bunog | I57: SYNGENTA | O57: Rainfed
B58: MARILYN | C58: BEPINOSO | D58: PARDILLO | F58: 0.5 | H58: Bunog | K58: RC 402 | O58: Irrigated
B59: JONAS | C59: CAUTIBAR | D59: QUIOCSON | F59: 1.5 | H59: Bunog | M59: BLANDE | O59: Irrigated
B60: JOEY | C60: CAUTIBAR | D60: QUIOCSON | F60: 0.4 | H60: Bunog | M60: BLANDE | O60: Rainfed
B61: JERIEL | C61: ARCUYO | D61: QUIOCSON | F61: 1.9 | H61: Bunog | I61: JACK POT | O61: Rainfed
B62: HAJI | C62: ABDUL | D62: SABDANI | F62: 0.75 | H62: Bunog | M62: B-4 | O62: Rainfed
B63: EMRAN | C63: KILAN | D63: SABDULA | F63: 0.5 | H63: Bunog | M63: SPEED | O63: Rainfed
B64: ARLYN | C64: SUMAYO | D64: SANOL | F64: 0.4 | H64: Bunog | M64: B-4 | O64: Rainfed
B65: LARRY | C65: CATACATA | D65: SOTTO | F65: 0.5 | H65: Bunog | K65: RC 402 | O65: Rainfed
B66: EDITHA | C66: DAJAY | D66: VILLEGAS | F66: 1 | H66: Bunog | M66: B-4 | O66: Rainfed
B67: TERESITA | C67: GENOL | D67: DAJAY | F67: 1 | H67: BUNOG | M67: SPEED | O67: Rainfed
B68: JHONNY | C68: BERBO | D68: APORADO | E68: SR | F68: 1 | H68: Campong Ulay | M68: BLANDIE | O68: Irrigated
B69: HELENITA | C69: EDEP | D69: BAACO | F69: 1 | H69: Campong Ulay | K69: RC402 | O69: Irrigated
B70: ALEXIS | C70: SAGA | D70: BERMUDEZ | F70: 1 | H70: Campong Ulay | K70: RC18 | O70: Irrigated
B71: NOLI | C71: FAVILA | D71: BONBON | F71: 1 | H71: Campong Ulay | K71: RC18 | O71: Irrigated
B72: EUGENE | C72: BACUEL | D72: CABUQUID | F72: 2 | H72: Campong Ulay | I72: SYNGENTA | O72: Irrigated
B73: VERGILIO | C73: PALOMAR | D73: CADAYONA | F73: 1 | H73: Campong Ulay | K73: RC18 | O73: Irrigated
B74: LUZVIE | C74: TAOM | D74: CASAM | F74: 1 | H74: Campong Ulay | K74: rc18 | O74: Irrigated
B75: MARIO | C75: MALO | D75: ENRIQUEZ | F75: 1 | H75: Campong Ulay | M75: BLANDIE | O75: Irrigated
B76: RICKY | C76: ALORRO | D76: ENRIQUEZ | F76: 1 | H76: Campong Ulay | M76: BLANDIE | O76: Irrigated
B77: VERGILIO | C77: MALO | D77: ENRIQUEZ | F77: 1 | H77: Campong Ulay | M77: blandie | O77: Irrigated
B78: JESSA MAE | C78: TORRES | D78: ESPARAGOZA | F78: 0.75 | H78: Campong Ulay | I78: syngenta | O78: Irrigated
B79: DANILO | C79: BASA | D79: ESPURA | F79: 2 | H79: Campong Ulay | M79: AROMA | O79: Irrigated
B80: MICHAEL | C80: ENRIQUEZ | D80: ESPURA | F80: 1 | H80: Campong Ulay | K80: RC216 | O80: Irrigated
B81: ARIEL | C81: ORDONIO | D81: FLORA | F81: 1 | H81: Campong Ulay | M81: RC130 | O81: Irrigated
B82: ERIC | C82: ORDONIO | D82: FLORA | F82: 1 | H82: Campong Ulay | K82: RC222 | O82: Irrigated
B83: LETECIA | C83: ORDONIO | D83: FLORA | F83: 1 | H83: Campong Ulay | M83: RC130 | O83: Irrigated
B84: GODOFREDO | C84: FAVILA | D84: GAPILANGO | E84: JR | F84: 2.3 | H84: Campong Ulay | K84: RC18 | O84: Irrigated
B85: RENE | C85: JAVAREZ | D85: JARDINERO | F85: 1 | H85: Campong Ulay | M85: RC130 | O85: Irrigated
B86: JORAYNA | C86: BAHADDA | D86: LUBAS | F86: 2 | H86: Campong Ulay | K86: RC402 | O86: Irrigated
B87: NICASIO | C87: NONES | D87: NOYNOYAN | E87: SR | F87: 1 | H87: Campong Ulay | K87: RC18 | O87: Irrigated
B88: ROGIE | C88: CAMBARI | D88: OMADLAO | F88: 1 | H88: Campong Ulay | K88: RC402 | O88: Irrigated
B89: JOSELITO | C89: ORTEGA | D89: OMBION | F89: 1 | H89: Campong Ulay | K89: RC402 | O89: Irrigated
B90: HERMINIA | C90: TABI | D90: PACULAN | F90: 2.7 | H90: Campong Ulay | M90: RC130 | O90: Irrigated
B91: CRISTO | D91: SEMONA | F91: 1 | H91: Campong Ulay | K91: RC18 | O91: Irrigated
B92: BABY JAMAICA | C92: TABANGAY | D92: TORRES | F92: 1 | H92: Campong Ulay | I92: syngenta | O92: Irrigated
B93: JOSE REY | C93: NAVAJA | D93: BOCALING | F93: 1 | H93: Canipaan | K93: rc18 | O93: Rainfed
B94: REY | C94: MANILINGAN | D94: BOCALING | F94: 1 | H94: Canipaan | K94: rc18 | O94: Rainfed
B95: REX | C95: LAQUIRES | D95: DELGADO | F95: 1 | H95: Canipaan | K95: rc18 | O95: Rainfed
B96: ROLLY | C96: LAQUIREZ | D96: DELGADO | F96: 1.3 | H96: Canipaan | K96: rc18 | O96: Rainfed
B97: MOROLES | C97: LIMBOG | D97: DOROT | F97: 3 | H97: Canipaan | K97: rc18 | O97: Rainfed
B98: JONEL | C98: CASIDSID | D98: DUROT | F98: 1 | H98: Canipaan | K98: rc18 | O98: Rainfed
B99: FANNY | C99: GARZON | D99: FERNANDO | F99: 2 | H99: Canipaan | I99: longping | O99: Rainfed
B100: ROTSIL | C100: RADIANY | D100: HOLGUIN | F100: 1 | H100: Canipaan | K100: rc18 | O100: Rainfed
B101: JOEL | C101: CATILLO | D101: MANILINGAN | F101: 1 | H101: Canipaan | I101: longping | O101: Rainfed
...

Sheet Dec 16-31
A1: Department of Agriculture
A2: REGIONAL FIELD OFFICE MIMAROPA
A3: Rice Program
A5: DRY SEASON 2026 Planting Report
A6: as of Dec 31, 2025
A7: MUNICIPALITY / BARANGAY | B7: NO. OF FARMER PLANTED | C7: IRRIGATED | I7: RAINFED | R7: =A5 -> DRY SEASON 2026 Planting Report | X7: REMARKS
C9: HYBRID SEEDS | D9: REGISTERED SEEDS | E9: CERTIFIED SEEDS | F9: GOOD QUALITY SEEDS | G9: FARMERS HOME SAVED SEEDS / GS | H9: TOTAL | I9: LOWLAND | N9: UPLAND | Q9: TOTAL | R9: HYBRID SEEDS | S9: REGISTERED SEEDS | T9: CERTIFIED SEEDS | U9: GOOD QUALITY SEEDS | V9: FARMERS HOME SAVED SEEDS / GS | W9: TOTAL
I10: HYBRID SEEDS | J10: REGISTERED SEEDS | K10: CERTIFIED SEEDS | L10: GOOD QUALITY SEEDS | M10: FARMERS HOME SAVED SEEDS | N10: CERTIFIED SEEDS | O10: GOOD QUALITY SEEDS | P10: FARMERS HOME SAVED SEEDS / GS
A11: Rizal | B11: =SUM(B12:B23) -> 272 | C11: =SUM(C12:C23) -> 115 | D11: =SUM(D12:D23) -> 0 | E11: =SUM(E12:E23) -> 296.7 | F11: =SUM(F12:F23) -> 0 | G11: =SUM(G12:G23) -> 23.1 | H11: =SUM(H12:H23) -> 0 | I11: =SUM(I12:I23) -> 80.4 | ... W11: =SUM(W12:W23) -> 755.3
A12: Bunog | B12: 11 | C12: 2 | E12: 5 | G12: 2 | I12: 3 | K12: 5 | M12: 2 | Q12: =SUM(I12:P12) -> 10 | R12: =C12+I12 -> 5 | S12: =D12+J12 -> 0 | T12: =E12+K12+N12 -> 10 | U12: =F12+L12+O12 -> 0 | V12: =G12+M12+P12 -> 4 | W12: =SUM(R12:V12) -> 19
A13: Campong Ulay | B13: 20 | C13: 10.5 | E13: 24.9 | G13: 10.3 | I13: 0 | K13: 0 | M13: 0 | Q13: =SUM(I13:P13) -> 0 | R13: =C13+I13 -> 10.5 | S13: =D13+J13 -> 0 | T13: =E13+K13+N13 -> 24.9 | U13: =F13+L13+O13 -> 0 | V13: =G13+M13+P13 -> 10.3 | W13: =SUM(R13:V13) -> 45.7
A14: Candawaga | B14: 43 | C14: 28.8 | E14: 67.4 | I14: 12 | K14: 22.6 | Q14: =SUM(I14:P14) -> 34.6 | R14: =C14+I14 -> 40.8 | S14: =D14+J14 -> 0 | T14: =E14+K14+N14 -> 90 | U14: =F14+L14+O14 -> 0 | V14: =G14+M14+P14 -> 0 | W14: =SUM(R14:V14) -> 130.8
A15: Canipaan | B15: 54 | C15: 3 | E15: 24.5 | G15: 2.8 | I15: 13.4 | K15: 101.3 | M15: 16 | Q15: =SUM(I15:P15) -> 130.7 | R15: =C15+I15 -> 16.4 | S15: =D15+J15 -> 0 | T15: =E15+K15+N15 -> 125.8 | U15: =F15+L15+O15 -> 0 | V15: =G15+M15+P15 -> 18.8 | W15: =SUM(R15:V15) -> 161
A16: Culasian | B16: 11 | C16: 7 | E16: 8.5 | G16: 6 | K16: 9 | Q16: =SUM(I16:P16) -> 9 | R16: =C16+I16 -> 7 | S16: =D16+J16 -> 0 | T16: =E16+K16+N16 -> 17.5 | U16: =F16+L16+O16 -> 0 | V16: =G16+M16+P16 -> 6 | W16: =SUM(R16:V16) -> 30.5
A17: Iraan | B17: 24 | C17: 10.3 | E17: 34.5 | G17: 2 | I17: 14 | K17: 6 | Q17: =SUM(I17:P17) -> 20 | R17: =C17+I17 -> 24.3 | S17: =D17+J17 -> 0 | T17: =E17+K17+N17 -> 40.5 | U17: =F17+L17+O17 -> 0 | V17: =G17+M17+P17 -> 2 | W17: =SUM(R17:V17) -> 66.8
A18: Latud | B18: 0 | C18: 0 | E18: 0 | G18: 0 | I18: 0 | K18: 0 | M18: 0 | Q18: =SUM(I18:P18) -> 0 | R18: =C18+I18 -> 0 | S18: =D18+J18 -> 0 | T18: =E18+K18+N18 -> 0 | U18: =F18+L18+O18 -> 0 | V18: =G18+M18+P18 -> 0 | W18: =SUM(R18:V18) -> 0
A19: Panalingaan | B19: 20 | C19: 13 | E19: 24 | I19: 10 | K19: 11 | Q19: =SUM(I19:P19) -> 21 | R19: =C19+I19 -> 23 | S19: =D19+J19 -> 0 | T19: =E19+K19+N19 -> 35 | U19: =F19+L19+O19 -> 0 | V19: =G19+M19+P19 -> 0 | W19: =SUM(R19:V19) -> 58
A20: Punta Baja | B20: 42 | C20: 36.4 | E20: 91.9 | I20: 4 | K20: 5.7 | Q20: =SUM(I20:P20) -> 9.7 | R20: =C20+I20 -> 40.4 | S20: =D20+J20 -> 0 | T20: =E20+K20+N20 -> 97.6 | U20: =F20+L20+O20 -> 0 | V20: =G20+M20+P20 -> 0 | W20: =SUM(R20:V20) -> 138
A21: Ransang | B21: 19 | E21: 2 | I21: 12 | K21: 35.5 | Q21: =SUM(I21:P21) -> 47.5 | R21: =C21+I21 -> 12 | S21: =D21+J21 -> 0 | T21: =E21+K21+N21 -> 37.5 | U21: =F21+L21+O21 -> 0 | V21: =G21+M21+P21 -> 0 | W21: =SUM(R21:V21) -> 49.5
A22: Taburi | B22: 28 | C22: 4 | E22: 14 | I22: 12 | K22: 26 | Q22: =SUM(I22:P22) -> 38 | R22: =C22+I22 -> 16 | S22: =D22+J22 -> 0 | T22: =E22+K22+N22 -> 40 | U22: =F22+L22+O22 -> 0 | V22: =G22+M22+P22 -> 0 | W22: =SUM(R22:V22) -> 56
A24: - to be submitted every 15th and 30th day of the month
A25: - March 15 submission for terminal planting under DS cropping
A26: =-A29 -> 0

Sheet Dec 16-31 Materlist
A1: Department of Agriculture
A2: REGIONAL FIELD OFFICE MIMAROPA
A3: Rice Program
A5: DRY SEASON 2026 Planting Report | I5: h | K5: cs | M5: fs
A6: as of Dec 31, 2025
A7: Location | B7: Name of Farmer | F7: Area Planted (Hectares) | G7: Date of Crop Establishent | H7: Location | I7: Type of Seeds and Variety | N7: Seeding Rate (Kg/Ha.) | O7: Field source of water
B8: first_name | C8: middle_name | D8: last_name | E8: ext_name | G8: (Transplanting or Broadcasting) | I8: HYBRID SEEDS | J8: REGISTERED SEEDS | K8: CERTIFIED SEEDS | L8: GOOD QUALITY SEEDS | M8: FARMERS HOME SAVED SEEDS / GS | O8: (Irrigated/ Rainfed Lowland/ Rainfed Upland)
B9: REGIE | C9: GALGO | D9: AGAS | F9: 1 | H9: Bunog | I9: RC 18 | O9: Irrigated | P9: CS
B10: SURAO | C10: ARADIN | D10: ALA | F10: 1 | H10: Bunog | I10: RC 18 | O10: Rainfed | P10: CS
A11: Rizal | B11: SALVADOR | C11: MONTIKALBO | D11: AMOR | F11: 2 | H11: Bunog | I11: RC 222 | O11: Irrigated | P11: CS
A12: Bunog | B12: EHIGEN | C12: CASTILLO | D12: AMOR | F12: 2 | H12: Bunog | I12: RC 222 | O12: Rainfed | P12: CS
A13: Campong Ulay | B13: RICARDO | C13: DRILON | D13: BARCENAL | F13: 1 | H13: Bunog | I13: BIGANTE | O13: Rainfed | P13: H
A14: Candawaga | B14: NESTOR | C14: BASANES | D14: CAHILIG | F14: 2 | H14: Bunog | I14: BIGANTE | O14: Irrigated | P14: H
A15: Canipaan | B15: JOSE | C15: FAJANILBO | D15: CASTILLA | F15: 2 | H15: Bunog | I15: BIGANTE | O15: Rainfed | P15: H
A16: Culasian | B16: ERNIE | C16: TABLANZA | D16: CASTILLO | F16: 2 | H16: Bunog | I16: BLANDE | O16: Irrigated | P16: FS
A17: Iraan | B17: MARLON | C17: ARCONES | D17: DEQUITO | F17: 2 | H17: Bunog | I17: BLANDE | O17: Rainfed | P17: FS
A18: Latud | B18: CARMELITO | C18: RUBIO | D18: JABEL | F18: 2 | H18: Bunog | I18: RC 402 | O18: Rainfed | P18: CS
A19: Panalingaan | B19: NESTOR | C19: GUARDIANO | D19: TIMBANGAN | F19: 2 | H19: Bunog | I19: RC 402 | O19: Irrigated | P19: CS
A20: Punta Baja | B20: ARIEL | C20: RAYMUNDO | D20: ALCAIDE | F20: 1 | H20: Campong Ulay | I20: RC 402 | O20: Irrigated | P20: CS
A21: Ransang | B21: JERUEL | C21: CANONAYON | D21: ARSINO | F21: 3.7 | H21: Campong Ulay | I21: BLANDE | O21: Irrigated | P21: FS
A22: Taburi | B22: PORFERIO | C22: CASTIS | D22: AVANCENA | F22: 3 | H22: Campong Ulay | I22: RC 402 | O22: Irrigated | P22: CS
B23: JOSE RENE | C23: GRECIA | D23: ENRIQUEZ | F23: 1 | H23: Campong Ulay | I23: RC 18 | O23: Irrigated | P23: CS
B24: WILLIE | C24: GLODOVIE | D24: EROSA | F24: 0.7 | H24: Campong Ulay | I24: RC 18 | O24: Irrigated | P24: CS
B25: JOHN MARK | C25: TORRES | D25: ESPARAGOZA | F25: 0.75 | H25: Campong Ulay | I25: BLANDE | O25: Irrigated | P25: FS
A26: =-A29 -> 0 | B26: MARK JOHN | C26: ENRIQUEZ | D26: ESPURA | F26: 1 | H26: Campong Ulay | I26: HABILIS | O26: Irrigated | P26: H
B27: DANIEL | C27: ENRIQUEZ | D27: ESPURA | F27: 1 | H27: Campong Ulay | I27: HABILIS | O27: Irrigated | P27: H
B28: JOEY | C28: RADOC | D28: EVINA | F28: 3 | H28: Campong Ulay | I28: SYNGENTA | O28: Irrigated | P28: H
B29: EDUARDO | C29: ORDONIO | D29: FLORA | E29: JR | F29: 2 | H29: Campong Ulay | I29: SYNGENTA | O29: Irrigated | P29: H
B30: TOM | C30: ORDONIO | D30: FLORA | F30: 1 | H30: Campong Ulay | I30: RC 402 | O30: Irrigated | P30: CS
B31: FRANCIS | C31: ENRIQUEZ | D31: FRANCISCO | F31: 1.7 | H31: Campong Ulay | I31: RC 222 | O31: Irrigated | P31: CS
B32: GILNIE | C32: AROL | D32: GAPILANGO | F32: 2.5 | H32: Campong Ulay | I32: RC 222 | O32: Irrigated | P32: CS
B33: DIANA JOY | C33: RADOC | D33: GUEMO | F33: 2 | H33: Campong Ulay | I33: RC 402 | O33: Irrigated | P33: CS
B34: IRENE MAE | C34: RADOC | D34: LIMIT | F34: 2 | H34: Campong Ulay | I34: RC 402 | O34: Irrigated | P34: CS
B35: MARILOU | C35: RADOC | D35: LIMIT | F35: 7 | H35: Campong Ulay | I35: RC 18 | O35: Irrigated | P35: CS
B36: ALFREDO | C36: TAMAYO | D36: NONAN | E36: JR | F36: 3.8 | H36: Campong Ulay | I36: BLANDE | O36: Irrigated | P36: FS
B37: TERESITA | C37: ARSENO | D37: ONDONA | F37: 2 | H37: Campong Ulay | I37: BLANDE | O37: Irrigated | P37: FS
B38: DOMINGA | C38: DABATOS | D38: PADON | F38: 3.5 | H38: Campong Ulay | I38: HABILIS | O38: Irrigated | P38: H
B39: ROMIE | C39: TADEJA | D39: RADOC | F39: 3 | H39: Campong Ulay | I39: RC 402 | O39: Irrigated | P39: CS
B40: ASIYA | C40: ANGGOY | D40: ABDULA | F40: 2 | H40: Canipaan | I40: RC 402 | O40: Irrigated | P40: CS
B41: JULHAN | C41: MAULAHA | D41: ABDURAJIK | F41: 2.7 | H41: Canipaan | I41: BLANDE | O41: Rainfed | P41: FS
B42: ELMER | C42: CAISIDO | D42: ABES | F42: 3 | H42: Canipaan | I42: RC 402 | O42: Irrigated | P42: CS
B43: ANIL | C43: BUANGKAN | D43: AHADAN | F43: 5 | H43: Canipaan | I43: RC 18 | O43: Irrigated | P43: CS
B44: MAC MAC | C44: APE | D44: AMIN | F44: 1.5 | H44: Canipaan | I44: RC 18 | O44: Rainfed | P44: CS
B45: ABE MAEL | C45: DUSONG | D45: APOSTOL | F45: 2.8 | H45: Canipaan | I45: BLANDE | O45: Irrigated | P45: FS
B46: VILMA | C46: DUSONG | D46: APOSTOL | F46: 2.5 | H46: Canipaan | I46: BLANDE | O46: Rainfed | P46: FS
B47: YSTAEL | C47: DUSONG | D47: APOSTOL | F47: 3 | H47: Canipaan | I47: HABILIS | O47: Irrigated | P47: H
B48: RUEL | C48: DELA CRUZ | D48: ARCHIE | F48: 1.7 | H48: Canipaan | I48: HABILIS | O48: Rainfed | P48: H
... B59: ERENIO | C59: DUSONG | D59: BUNDAL | F59: 1.6 | H59: Canipaan | I59: SYNGENTA | O59: Rainfed | P59: H
B60: ANTONIO | C60: GAPULAO | D60: CARDIJON | E60: SR | F60: 2.3 | H60: Canipaan | I60: BLANDE | O60: Rainfed | P60: FS
B61: RADSMA | C61: ABDULA | D61: CARDIJON | F61: 2 | H61: Canipaan | I61: RC 402 | O61: Rainfed | P61: CS
B62: ANGELA | C62: TEODORO | D62: CAYAO | F62: 5 | H62: Canipaan | I62: RC 18 | O62: Rainfed | P62: CS
B63: CESAR | C63: TRINIDAD | D63: CAYAO | F63: 1 | H63: Canipaan | I63: RC 18 | O63: Rainfed | P63: CS
B64: JAIME | C64: CARDEJON | D64: CAYAO | E64: JR | F64: 5 | H64: Canipaan | I64: RC 18 | O64: Rainfed | P64: CS
B65: LINDA | C65: BALDOSA | D65: CAYAO | F65: 1.5 | H65: Canipaan | I65: SYNGENTA | O65: Rainfed | P65: H
B66: ARCADIO | C66: VERDE | D66: CHAVEZ | F66: 2 | H66: Canipaan | I66: RC 18 | O66: Rainfed | P66: CS
B67: MARY ANN | C67: NECOR | D67: CLAVERIA | F67: 2 | H67: Canipaan | I67: RC 402 | O67: Rainfed | P67: CS
B68: RACLEM | C68: MELIA | D68: CLAVERIA | F68: 3.5 | H68: Canipaan | I68: RC 402 | O68: Rainfed | P68: CS
B69: ROBELYO | C69: CADOR | D69: CORMAS | F69: 3 | H69: Canipaan | I69: RC 402 | O69: Rainfed | P69: CS
B70: RAUL | C70: HENGCO | D70: ECHAVEZ | F70: 2 | H70: Canipaan | I70: RC 18 | O70: Rainfed | P70: CS
B71: TERESA | C71: HULGUIN | D71: FAVILA | F71: 3.1 | H71: Canipaan | I71: BIGANTE | O71: Rainfed | P71: H
B72: ERGALO | C72: FAVILA | D72: FRANCISCO | F72: 3 | H72: Canipaan | I72: RC 18 | O72: Rainfed | P72: CS
B73: IRENEO | C73: FAVILA | D73: FRANCISCO | F73: 10.5 | H73: Canipaan | I73: RC 402 | O73: Rainfed | P73: CS
B74: ERIC | C74: SANTILLAN | D74: GALICIA | F74: 9 | H74: Canipaan | I74: RC 402 | O74: Rainfed | P74: CS
B75: RODOLFO | C75: GIMOTO | D75: GIGANTO | F75: 4 | H75: Canipaan | I75: BIGANTE | O75: Rainfed | P75: H
B76: ROMULO | C76: FONDAL | D76: GIGANTO | F76: 5.1 | H76: Canipaan | I76: RC 18 | O76: Rainfed | P76: CS
B77: PETER | C77: RONDUKAN | D77: GINDAYA | E77: SR | F77: 3 | H77: Canipaan | I77: RC 222 | O77: Rainfed | P77: CS
B78: RITO | C78: RONDUCAN | D78: GINDAYA | F78: 2.2 | H78: Canipaan | I78: RC 18 | O78: Rainfed | P78: CS
B79: MAHATHER | C79: ABDULHAMID | D79: GUIA | F79: 4.3 | H79: Canipaan | I79: RC 18 | O79: Rainfed | P79: CS
B80: RANILLO | C80: NAGATO | D80: JUANILLO | F80: 4 | H80: Canipaan | I80: RC 18 | O80: Rainfed | P80: CS
B81: PUTONG | C81: CATA | D81: LUBYAG | F81: 2.25 | H81: Canipaan | I81: RC 402 | O81: Rainfed | P81: CS
B82: RAMIR | C82: VELASCO | D82: MACAULING | F82: 2 | H82: Canipaan | I82: RC 402 | O82: Irrigated | P82: CS
B83: RANDY | C83: BLANDO | D83: MACAULING | F83: 7.5 | H83: Canipaan | I83: RC 222 | O83: Irrigated | P83: CS
B84: BENSOR | C84: VILLANUEVA | D84: MAGBANUA | F84: 2 | H84: Canipaan | I84: RC 222 | O84: Rainfed | P84: CS
B85: ELNA | C85: CAYAO | D85: MAGBANUA | F85: 2.5 | H85: Canipaan | I85: RC 222 | O85: Rainfed | P85: CS
B86: RICA VINA | C86: SANCHEZ | D86: MAGBANUA | F86: 2 | H86: Canipaan | I86: RC 402 | O86: Rainfed | P86: CS
B87: ROSARIO | C87: VILLANUEVA | D87: MAGBANUA | F87: 3 | H87: Canipaan | I87: RC 402 | O87: Rainfed | P87: CS
B88: ABIRIN | C88: MALA | D88: MISUARI | F88: 2 | H88: Canipaan | I88: RC 402 | O88: Rainfed | P88: CS
B89: NORCASIM | C89: SABLI | D89: MUSTAFA | F89: 2 | H89: Canipaan | I89: RC 222 | O89: Rainfed | P89: CS
... B101: BABY LYN | C101: BERTO | D101: ATIENZA | F101: 1.6 | H101: Candawaga | I101: RC 18 | O101: Rainfed | P101: CS
B102: FEDERICO | C102: SOPNET | D102: BADUA | E102: JR | F102: 2 | H102: Candawaga | I102: BIGANTE | O102: Irrigated | P102: H
B103: FEDERICO | C103: GANANCIAL | D103: BADUA | F103: 2 | H103: Candawaga | I103: BIGANTE | O103: Irrigated | P103: H
B104: JOCELYN | C104: CLAUD | D104: BALDOVE | F104: 2 | H104: Candawaga | I104: RC 402 | O104: Irrigated | P104: CS
B105: SUSAN | C105: FRANCISCO | D105: BARISON | F105: 3 | H105: Candawaga | I105: RC 222 | O105: Rainfed | P105: CS
B106: ROLLY | C106: PATATAS | D106: BARISON | F106: 3 | H106: Candawaga | I106: RC 18 | O106: Rainfed | P106: CS
B107: RUTH | C107: TIMTIM | D107: BARRIOS | F107: 3 | H107: Candawaga | I107: RC 222 | O107: Irrigated | P107: CS
B108: MART | C108: TIMTIM | D108: BARRIOS | F108: 5 | H108: Candawaga | I108: RC 402 | O108: Irrigated | P108: CS
B109: RICHARD | C109: MANGARAN | D109: BESALES | F109: 3 | H109: Candawaga | I109: RC 222 | O109: Irrigated | P109: CS
B110: ANTONIO | C110: VILLANUEVA | D110: BESALEZ | F110: 2 | H110: Candawaga | I110: RC 402 | O110: Irrigated | P110: CS
B111: ARNEL | C111: MILLENDEZ | D111: CABODILLA | F111: 2 | H111: Candawaga | I111: RC 402 | O111: Irrigated | P111: CS
B112: DANILO | C112: BUENDIA | D112: CABUQUID | F112: 2 | H112: Candawaga | I112: RC 402 | O112: Irrigated | P112: CS
B113: ARLYN | C113: FABURADA | D113: CAMILON | F113: 5 | H113: Candawaga | I113: RC 402 | O113: Irrigated | P113: CS
B114: BERNARDITA | C114: JAMANDRON | D114: CAPULAC | F114: 2 | H114: Candawaga | I114: RC 402 | O114: Rainfed | P114: CS
... B127: GEMMA | C127: MARANG | D127: KHU | F127: 2 | H127: Candawaga | I127: RC 222 | O127: Rainfed | P127: CS
B128: ROGELIO | C128: GAN | D128: LAZARO | E128: JR | F128: 2 | H128: Candawaga | I128: RC 222 | O128: Irrigated | P128: CS
B129: ELIZER | C129: DIDOMO | D129: MABAN | F129: 2 | H129: Candawaga | I129: RC 222 | O129: Irrigated | P129: CS
B130: MARVIN | C130: DUMARIG | D130: MABAN | F130: 2 | H130: Candawaga | I130: HABILIS | O130: Irrigated | P130: H
B131: MARK CARLO | C131: GACAYAN | D131: MAGURA | F131: 2 | H131: Candawaga | I131: HABILIS | O131: Rainfed | P131: H
B132: ALBERT | C132: IGNACIO | D132: MALUNES | F132: 2 | H132: Candawaga | I132: SYNGENTA | O132: Irrigated | P132: H
B133: MARILYN | C133: TAN | D133: MILLENDEZ | F133: 5.5 | H133: Candawaga | I133: SYNGENTA | O133: Irrigated | P133: H
B134: LAIDA | C134: GALITA | D134: MINANO | F134: 2 | H134: Candawaga | I134: SYNGENTA | O134: Irrigated | P134: H
...

Sheet Jan 1-15
A1: Department of Agriculture
A2: REGIONAL FIELD OFFICE MIMAROPA
A3: Rice Program
A5: DRY SEASON 2026 Planting Report
A6: as of Jan 15, 2026
A7: MUNICIPALITY / BARANGAY | B7: NO. OF FARMER PLANTED | C7: IRRIGATED | I7: RAINFED | R7: =A5 -> DRY SEASON 2026 Planting Report | X7: REMARKS
C9: HYBRID SEEDS | D9: REGISTERED SEEDS | E9: CERTIFIED SEEDS | F9: GOOD QUALITY SEEDS | G9: FARMERS HOME SAVED SEEDS / GS | H9: TOTAL | I9: LOWLAND | N9: UPLAND | Q9: TOTAL | R9: HYBRID SEEDS | S9: REGISTERED SEEDS | T9: CERTIFIED SEEDS | U9: GOOD QUALITY SEEDS | V9: FARMERS HOME SAVED SEEDS / GS | W9: TOTAL
I10: HYBRID SEEDS | J10: REGISTERED SEEDS | K10: CERTIFIED SEEDS | L10: GOOD QUALITY SEEDS | M10: FARMERS HOME SAVED SEEDS | N10: CERTIFIED SEEDS | O10: GOOD QUALITY SEEDS | P10: FARMERS HOME SAVED SEEDS / GS
A11: Rizal | B11: =SUM(B12:B23) -> 296 | C11: =SUM(C12:C23) -> 164.2 | D11: =SUM(D12:D23) -> 0 | E11: =SUM(E12:E23) -> 92 | F11: =SUM(F12:F23) -> 0 | G11: =SUM(G12:G23) -> 27.2 | H11: =SUM(H12:H23) -> 0 | I11: =SUM(I12:I23) -> 140.1 | ... W11: =SUM(W12:W23) -> 490.6
A12: Bunog | B12: 19 | C12: 2.7 | E12: 1 | G12: 4.4 | I12: 2.3 | K12: 5 | M12: 4.6 | Q12: =SUM(I12:P12) -> 11.9 | R12: =C12+I12 -> 5 | S12: =D12+J12 -> 0 | T12: =E12+K12+N12 -> 6 | U12: =F12+L12+O12 -> 0 | V12: =G12+M12+P12 -> 9 | W12: =SUM(R12:V12) -> 20
A13: Campong Ulay | B13: 18 | C13: 14 | E13: 6.5 | G13: 2.5 | Q13: =SUM(I13:P13) -> 0 | R13: =C13+I13 -> 14 | S13: =D13+J13 -> 0 | T13: =E13+K13+N13 -> 6.5 | U13: =F13+L13+O13 -> 0 | V13: =G13+M13+P13 -> 2.5 | W13: =SUM(R13:V13) -> 23
A14: Candawaga | B14: 0 | Q14: =SUM(I14:P14) -> 0 | R14: =C14+I14 -> 0 | S14: =D14+J14 -> 0 | T14: =E14+K14+N14 -> 0 | U14: =F14+L14+O14 -> 0 | V14: =G14+M14+P14 -> 0 | W14: =SUM(R14:V14) -> 0
A15: Canipaan | B15: 0 | Q15: =SUM(I15:P15) -> 0 | R15: =C15+I15 -> 0 | S15: =D15+J15 -> 0 | T15: =E15+K15+N15 -> 0 | U15: =F15+L15+O15 -> 0 | V15: =G15+M15+P15 -> 0 | W15: =SUM(R15:V15) -> 0
A16: Culasian | B16: 0 | Q16: =SUM(I16:P16) -> 0 | R16: =C16+I16 -> 0 | S16: =D16+J16 -> 0 | T16: =E16+K16+N16 -> 0 | U16: =F16+L16+O16 -> 0 | V16: =G16+M16+P16 -> 0 | W16: =SUM(R16:V16) -> 0
A17: Iraan | B17: 37 | E17: 30 | G17: 20.3 | K17: 2.1 | M17: 5.9 | Q17: =SUM(I17:P17) -> 8 | R17: =C17+I17 -> 0 | S17: =D17+J17 -> 0 | T17: =E17+K17+N17 -> 32.1 | U17: =F17+L17+O17 -> 0 | V17: =G17+M17+P17 -> 26.2 | W17: =SUM(R17:V17) -> 58.3
A18: Latud | B18: 27 | I18: 40.3 | Q18: =SUM(I18:P18) -> 40.3 | R18: =C18+I18 -> 40.3 | S18: =D18+J18 -> 0 | T18: =E18+K18+N18 -> 0 | U18: =F18+L18+O18 -> 0 | V18: =G18+M18+P18 -> 0 | W18: =SUM(R18:V18) -> 40.3
A19: Panalingaan | B19: 0 | Q19: =SUM(I19:P19) -> 0 | R19: =C19+I19 -> 0 | S19: =D19+J19 -> 0 | T19: =E19+K19+N19 -> 0 | U19: =F19+L19+O19 -> 0 | V19: =G19+M19+P19 -> 0 | W19: =SUM(R19:V19) -> 0
A20: Punta Baja | B20: 59 | C20: 138.5 | E20: 22 | I20: 3 | K20: 10 | Q20: =SUM(I20:P20) -> 13 | R20: =C20+I20 -> 141.5 | S20: =D20+J20 -> 0 | T20: =E20+K20+N20 -> 32 | U20: =F20+L20+O20 -> 0 | V20: =G20+M20+P20 -> 0 | W20: =SUM(R20:V20) -> 173.5
A21: Ransang | B21: 0 | Q21: =SUM(I21:P21) -> 0 | R21: =C21+I21 -> 0 | S21: =D21+J21 -> 0 | T21: =E21+K21+N21 -> 0 | U21: =F21+L21+O21 -> 0 | V21: =G21+M21+P21 -> 0 | W21: =SUM(R21:V21) -> 0
A22: Taburi | B22: 136 | C22: 9 | E22: 32.5 | I22: 94.5 | K22: 39.5 | Q22: =SUM(I22:P22) -> 134 | R22: =C22+I22 -> 103.5 | S22: =D22+J22 -> 0 | T22: =E22+K22+N22 -> 72 | U22: =F22+L22+O22 -> 0 | V22: =G22+M22+P22 -> 0 | W22: =SUM(R22:V22) -> 175.5
A24: - to be submitted every 15th and 30th day of the month
A25: - March 15 submission for terminal planting under DS cropping
A26: =-A29 -> 0

Sheet Jan 1-15 Materlist
A1: Department of Agriculture
A2: REGIONAL FIELD OFFICE MIMAROPA
A3: Rice Program
A5: DRY SEASON 2026 Planting Report | I5: H | K5: CS | M5: FS | P5: S
A6: as of Jan 15
A7: Location | B7: Name of Farmer | F7: Area Planted (Hectares) | G7: Date of Crop Establishent | H7: Location | I7: Type of Seeds and Variety | N7: Seeding Rate (Kg/Ha.) | O7: Field source of water
B8: first_name | C8: middle_name | D8: last_name | E8: ext_name | G8: (Transplanting or Broadcasting) | I8: HYBRID SEEDS | J8: REGISTERED SEEDS | K8: CERTIFIED SEEDS | L8: GOOD QUALITY SEEDS | M8: FARMERS HOME SAVED SEEDS / GS | O8: (Irrigated/ Rainfed Lowland/ Rainfed Upland)
B9: JULIETA | C9: TUBONGBANUA | D9: ALONTAR | F9: 0.7 | H9: Bunog | K9: rc 402 | O9: Rainfed | P9: CS
B10: MARIO | C10: DEMIGILLO | D10: BEPINOSO | F10: 1 | H10: Bunog | K10: rc 18 | O10: Irrigated | P10: CS
A11: Rizal | B11: NOLI | C11: BAYANI | D11: CABASAL | F11: 1.65 | H11: Bunog | I11: sl-19h | O11: Irrigated | P11: H
A12: Bunog | B12: JESSIE | C12: ODONEL | D12: CASAGNAP | F12: 1 | H12: Bunog | K12: rc 402 | O12: Rainfed | P12: CS
A13: Campong Ulay | B13: PRUDENCIO | C13: DOCTO | D13: CASTILLO | F13: 1.6 | H13: Bunog | M13: speed | O13: Irrigated | P13: FS
A14: Candawaga | B14: JORGE | C14: ASUCENA | D14: DEMACLID | F14: 1.5 | H14: Bunog | I14: sl-19h | O14: Rainfed | P14: H
A15: Canipaan | B15: LEONIZA | C15: CORTAJE | D15: DURAN | F15: 1 | H15: Bunog | M15: speed | O15: Rainfed | P15: FS
A16: Culasian | B16: MERCY | C16: LEGARA | D16: FAUSTO | F16: 0.3 | H16: Bunog | M16: b-4 | O16: Rainfed | P16: FS
A17: Iraan | B17: EDMAR | C17: CABALTERA | D17: GARGALLANO | F17: 1 | H17: Bunog | M17: speed | O17: Rainfed | P17: FS
A18: Latud | B18: FE | C18: DELICANA | D18: HARDIN | F18: 0.5 | H18: Bunog | K18: rc 402 | O18: Rainfed | P18: CS
A19: Panalingaan | B19: VICTOR | C19: DELICANA | D19: JARDIN | F19: 0.5 | H19: Bunog | K19: rc 402 | O19: Rainfed | P19: CS
A20: Punta Baja | B20: ARMANDO | C20: PIAMONTE | D20: LIBO ON | F20: 1 | H20: Bunog | I20: sl-19h | O20: Irrigated | P20: H
A21: Ransang | B21: ALVIN | C21: QUIOCSON | D21: MENTOY | F21: 1 | H21: Bunog | M21: speed | O21: Irrigated | P21: FS
A22: Taburi | B22: LEONY | C22: CIPRIANO | D22: NABONG | F22: 1.5 | H22: Bunog | M22: speed | O22: Rainfed | P22: FS
B23: RAYMOND | C23: ALVARES | D23: PAGUNTALAN | F23: 0.8 | H23: Bunog | M23: speed | O23: Rainfed | P23: FS
B24: PONCIANO | C24: SALTIN | D24: QUIOCSON | F24: 1.8 | H24: Bunog | M24: speed | O24: Irrigated | P24: FS
B25: PONCIANO | C25: ARCOYO | D25: QUIOCSON | F25: 0.8 | H25: Bunog | I25: sygenta | O25: Rainfed | P25: H
A26: =-A29 -> 0 | B26: LIEZL | C26: SABLAD | D26: SURAO | F26: 1 | H26: Bunog | K26: rc 402 | O26: Rainfed | P26: CS
B27: SOFIA | C27: DELICANA | D27: GALGO | F27: 1.3 | H27: BUNOG | K27: rc 18 | O27: Rainfed | P27: CS
B28: ALBERT | C28: BONBON | D28: BACUEL | F28: 1.5 | H28: Campong Ulay | K28: RC402 | O28: Irrigated | P28: CS
B29: ROLLY | C29: MADEJA | D29: BADENAS | F29: 1 | H29: Campong Ulay | K29: RC18 | O29: Irrigated | P29: CS
B30: ALBERT | C30: CABANAG | D30: BLANCO | F30: 1 | H30: Campong Ulay | I30: SYNGENTA | O30: Irrigated | P30: H
B31: MERLITA | C31: MAG-ASO | D31: CABRAL | F31: 1 | H31: Campong Ulay | K31: RC402 | O31: Irrigated | P31: CS
B32: NELIA | C32: ENRIQUEZ | D32: DECENA | F32: 1 | H32: Campong Ulay | I32: SYNGENTA | O32: Irrigated | P32: H
B33: JAMES RYAN | C33: TABI | D33: DELES | F33: 2 | H33: Campong Ulay | I33: SYNGENTA | O33: Irrigated | P33: H
B34: LOMER | C34: SORINIO | D34: DOGOL DOGOL | F34: 1 | H34: Campong Ulay | K34: RC222 | O34: Irrigated | P34: CS
B35: JOANNA MARIE | C35: LUBAN | D35: ENRIQUEZ | F35: 1 | H35: Campong Ulay | I35: SYNGENTA | O35: Irrigated | P35: H
B36: IAN | C36: ORDONIO | D36: FLORA | F36: 1 | H36: Campong Ulay | K36: RC402 | O36: Irrigated | P36: CS
B37: LALAINE | C37: SAWALDI | D37: JEMINA | F37: 1.5 | H37: Campong Ulay | M37: CANADOY | O37: Irrigated | P37: FS
B38: JOHNY | C38: KADUSALE | D38: LAPUS | F38: 1 | H38: Campong Ulay | I38: AZ8433 | O38: Irrigated | P38: H
B39: LOUIE GEORGE | C39: ENRIQUEZ | D39: LUBAS | F39: 1 | H39: Campong Ulay | I39: SYNGENTA | O39: Irrigated | P39: H
B40: MAVILLE ANNE | C40: ENRIQUEZ | D40: MESA | F40: 1 | H40: Campong Ulay | I40: SYNGENTA | O40: Irrigated | P40: H
B41: FLORA | C41: CARPENTERO | D41: MONSERATE | F41: 2 | H41: Campong Ulay | I41: SYNGENTA | O41: Irrigated | P41: H
B42: JOEM | C42: BONBON | D42: MORERA | F42: 1 | H42: Campong Ulay | K42: RC402 | O42: Irrigated | P42: CS
B43: JANSEN | C43: ENRIQUEZ | D43: RADAM | F43: 2 | H43: Campong Ulay | I43: SYNGENTA | O43: Irrigated | P43: H
B44: RUBY ELAINE | C44: ENRIQUEZ | D44: RADAM | F44: 1 | H44: Campong Ulay | M44: 8433 | O44: Irrigated | P44: FS
B45: ROBERT | C45: YANDAY | D45: RADAM | F45: 2 | H45: Campong Ulay | I45: SYNGENTA | O45: Irrigated | P45: H
B46: LORETA | C46: SISTEBERIO | D46: ABONO | F46: 3 | H46: Iraan | K46: RC 222 | O46: Irrigated | P46: CS
B47: KIVEN | C47: SANTO | D47: ADLAWAN | F47: 1 | H47: Iraan | K47: RC 222 | O47: Rainfed | P47: CS
B48: ELPEDES | C48: ALAS | D48: ALBOG | F48: 1.1 | H48: Iraan | K48: RC 222 | O48: Rainfed | P48: CS
B49: MARTINO | C49: BUNAG | D49: ALBOG | F49: 1.8 | H49: Iraan | M49: C4 | O49: Rainfed | P49: FS
B50: CANDAO | C50: ALAS | D50: ALBOG | F50: 1.3 | H50: Iraan | M50: C4 | O50: Rainfed | P50: FS
B51: ROBERTO | C51: FERNANDEZ | D51: ANTONIO | F51: 1.1 | H51: Iraan | K51: RC 402 | O51: Irrigated | P51: CS
B52: WILLIAM | C52: JALBONA | D52: APOSTOL | F52: 3 | H52: Iraan | K52: RC 402 | O52: Irrigated | P52: CS
B53: MARIQUITA | C53: CORTASE | D53: BAILLO | F53: 2.8 | H53: Iraan | M53: BLANDI | O53: Irrigated | P53: FS
B54: JOCELYN | C54: CAPUNONG | D54: BAILLO | F54: 1 | H54: Iraan | K54: RC 402 | O54: Irrigated | P54: CS
B55: ROMEO | C55: AMACNA | D55: BAYNO | F55: 2 | H55: Iraan | M55: BLANDI | O55: Irrigated | P55: FS
B56: JORGE | C56: CORTAJE | D56: BELNAS | F56: 6 | H56: Iraan | M56: BLANDI | O56: Irrigated | P56: FS
B57: RICHIELYN | C57: ABONO | D57: CAHAPONON | F57: 1 | H57: Iraan | K57: RC 222 | O57: Irrigated | P57: CS
B58: ROSENDA | C58: MAHUSAY | D58: CALAGO | F58: 3.7 | H58: Iraan | K58: rc 18 | O58: Irrigated | P58: CS
B59: EMILITA | C59: ESCORA | D59: CANETE | F59: 1 | H59: Iraan | M59: BLANDI | O59: Irrigated | P59: FS
B60: JOY | C60: BINTAR | D60: CARMELO | F60: 2 | H60: Iraan | K60: RC 402 | O60: Irrigated | P60: CS
B61: DODOY | C61: CIBOAN | D61: DALADA | F61: 0.8 | H61: Iraan | M61: C4 | O61: Rainfed | P61: FS
B62: JOJO | C62: TABLA | D62: DALADA | F62: 0.5 | H62: Iraan | M62: C4 | O62: Rainfed | P62: FS
B63: IRISH | C63: HERMOSO | D63: ENCONTRO | F63: 1 | H63: Iraan | M63: BLANDI | O63: Irrigated | P63: FS
B64: FELOMINO | C64: BUSTANTE | D64: ESCANO | F64: 1 | H64: Iraan | K64: RC 402 | O64: Irrigated | P64: CS
B65: MARLON | C65: ESPINOSA | D65: FRANCO | F65: 1 | H65: Iraan | K65: RC 18 | O65: Irrigated | P65: CS
B66: RANITA | C66: DALADA | D66: GINTAB | F66: 0.5 | H66: Iraan | M66: C4 | O66: Irrigated | P66: FS
B67: JUHIDA | C67: FRESNILLO | D67: JALBUNA | F67: 1 | H67: Iraan | K67: RC 402 | O67: Irrigated | P67: CS
B68: ELMER | C68: COLON | D68: LAMPON | F68: 2 | H68: Iraan | M68: MILLENIA | O68: Irrigated | P68: FS
B69: ELBERTO | C69: MONTANO | D69: MAMIGO | F69: 1 | H69: Iraan | K69: RC 18 | O69: Irrigated | P69: CS
B70: MYRNA | C70: LAMPON | D70: MARTOS | F70: 2.2 | H70: Iraan | M70: BLANDI | O70: Irrigated | P70: FS
B71: TRANQUILINO | C71: BANTILAN | D71: MELENDRES | E71: JR | F71: 3 | H71: Iraan | K71: RC 18 | O71: Irrigated | P71: CS
B72: ANTONIO | C72: HILADO | D72: REMO | F72: 1 | H72: Iraan | K72: RC 402 | O72: Irrigated | P72: CS
B73: JOHN MARK | C73: CANDARI | D73: RODIL | F73: 1 | H73: Iraan | K73: RC 18 | O73: Irrigated | P73: CS
B74: JOLIBERT | C74: YONGCOL | D74: SAPILAN | F74: 1 | H74: Iraan | M74: SPEED | O74: Rainfed | P74: FS
B75: MELCHOR | D75: SARIL | E75: JR | F75: 1.3 | H75: Iraan | K75: RC 402 | O75: Irrigated | P75: CS
B76: GIRMA | C76: DALADA | D76: SOLIG | F76: 0.5 | H76: Iraan | M76: C4 | O76: Rainfed | P76: FS
B77: FLORANTE | D77: TALEON | F77: 1.8 | H77: Iraan | K77: RC 402 | O77: Irrigated | P77: CS
B78: JUVIC | C78: FRANCISCO | D78: TEVES | F78: 1.8 | H78: Iraan | M78: BLANDI | O78: Irrigated | P78: FS
B79: PONTINO | C79: RULA | D79: TILAD | E79: JR | F79: 1 | H79: Iraan | K79: rc 402 | O79: Irrigated | P79: CS
B80: REMEDIOS | C80: ESOLA | D80: TOLENTINO | F80: 1 | H80: Iraan | M80: BLANDI | O80: Irrigated | P80: FS
B81: RANDY | C81: DE LEON | D81: TREYES | F81: 1 | H81: Iraan | K81: RC 18 | O81: Irrigated | P81: CS
B82: JUDY | C82: AMALLA | D82: YONGCOL | F82: 1.1 | H82: Iraan | K82: RC 402 | O82: Irrigated | P82: CS
B83: ALLAN | C83: INSANI | D83: ALIE | F83: 2.5 | H83: LATUD | I83: NK5017 | O83: Rainfed | P83: H
B84: JOVEN | C84: PULANG | D84: AMBOC | F84: 0.5 | H84: LATUD | I84: NK5017 | O84: Rainfed | P84: H
B85: AMBOY | C85: BANGGALI | D85: AMIN | F85: 1 | H85: LATUD | I85: NK5017 | O85: Rainfed | P85: H
B86: ERIC | C86: CERIACO | D86: ANECITO | F86: 1 | H86: LATUD | I86: NK5017 | O86: Rainfed | P86: H
B87: SAMMY | C87: ULAN | D87: ARCEGA | F87: 2 | H87: LATUD | I87: NK5017 | O87: Rainfed | P87: H
B88: CERIACO | C88: DEMERIN | D88: ARNEL | F88: 1 | H88: LATUD | I88: NK5017 | O88: Rainfed | P88: H
B89: RICKY | C89: LEDESMA | D89: BACALSO | F89: 8 | H89: LATUD | I89: NK5017 | O89: Rainfed | P89: H
B90: SARATON | C90: ANGGAW | D90: BARAWE | F90: 1 | H90: LATUD | I90: NK5017 | O90: Rainfed | P90: H
B91: JOREN | C91: MARCILINO | D91: BUHAWI | F91: 0.5 | H91: LATUD | I91: NK5017 | O91: Rainfed | P91: H
B92: FREVEN | C92: MARCELINO | D92: BUHAWI | F92: 0.5 | H92: LATUD | I92: NK5017 | O92: Rainfed | P92: H
B93: JONALD CRIS | C93: DE ASIS | D93: DEMERIN | F93: 4 | H93: LATUD | I93: NK5017 | O93: Rainfed | P93: H
B94: DORANDIL | C94: ANECITO | D94: GERONIMO | F94: 1.5 | H94: LATUD | I94: NK5017 | O94: Rainfed | P94: H
... B109: TAYBOL | C109: TAMBUYONG | D109: UNOS | F109: 3 | H109: LATUD | I109: NK5017 | O109: Rainfed | P109: H
B110: JOENALYN | C110: ROMILLO | D110: BARCELONA | H110: Punta Baja | K110: RC 402 | O110: Irrigated | P110: CS
B111: JOPAY | C111: ROMILLO | D111: BARCELONA | H111: Punta Baja | K111: RC 402 | O111: Irrigated | P111: CS
B112: RUSTY | C112: TEJADA | D112: BELMONTE | H112: Punta Baja | K112: RC 402 | O112: Irrigated | P112: CS
B113: ROBERTO | C113: TALON | D113: BELMONTE | H113: Punta Baja | K113: RC 222 | O113: Irrigated | P113: CS
B114: BEATRIZ | C114: MAYOLA | D114: BOCOL | H114: Punta Baja | K114: RC 222 | O114: Irrigated | P114: CS
B115: JOEL | C115: FRAGINAL | D115: ALANIS | F115: 1.75 | H115: Punta Baja | I115: HABILIS | O115: Irrigated | P115: H
...

Sheet Jan 16-31
A1: Department of Agriculture
A2: REGIONAL FIELD OFFICE MIMAROPA
A3: Rice Program
A5: DRY SEASON 2026 Planting Report
A6: as of Jan 31, 2026
A7: MUNICIPALITY / BARANGAY | B7: NO. OF FARMER PLANTED | C7: IRRIGATED | I7: RAINFED | R7: =A5 -> DRY SEASON 2026 Planting Report | X7: REMARKS
C9: HYBRID SEEDS | D9: REGISTERED SEEDS | E9: CERTIFIED SEEDS | F9: GOOD QUALITY SEEDS | G9: FARMERS HOME SAVED SEEDS / GS | H9: TOTAL | I9: LOWLAND | N9: UPLAND | Q9: TOTAL | R9: HYBRID SEEDS | S9: REGISTERED SEEDS | T9: CERTIFIED SEEDS | U9: GOOD QUALITY SEEDS | V9: FARMERS HOME SAVED SEEDS / GS | W9: TOTAL
I10: HYBRID SEEDS | J10: REGISTERED SEEDS | K10: CERTIFIED SEEDS | L10: GOOD QUALITY SEEDS | M10: FARMERS HOME SAVED SEEDS | N10: CERTIFIED SEEDS | O10: GOOD QUALITY SEEDS | P10: FARMERS HOME SAVED SEEDS / GS
A11: Rizal | B11: =SUM(B12:B23) -> 125 | C11: =SUM(C12:C23) -> 63.6 | D11: =SUM(D12:D23) -> 0 | E11: =SUM(E12:E23) -> 105.3 | F11: =SUM(F12:F23) -> 0 | G11: =SUM(G12:G23) -> 1 | H11: =SUM(H12:H23) -> 0 | I11: =SUM(I12:I23) -> 19 | ... U11: =SUM(U12:U23) -> 0 | W11: =SUM(W12:W23) -> 204.4
A12: Bunog | B12: 0 | Q12: =SUM(I12:P12) -> 0 | R12: =C12+I12 -> 0 | S12: =D12+J12 -> 0 | T12: =E12+K12+N12 -> 0 | U12: =F12+L12+O12 -> 0 | W12: =SUM(R12:V12) -> 0
A13: Campong Ulay | B13: 11 | C13: 2.5 | E13: 5.5 | K13: 3 | Q13: =SUM(I13:P13) -> 3 | R13: =C13+I13 -> 2.5 | S13: =D13+J13 -> 0 | T13: =E13+K13+N13 -> 8.5 | U13: =F13+L13+O13 -> 0 | W13: =SUM(R13:V13) -> 11
A14: Candawaga | B14: 0 | Q14: =SUM(I14:P14) -> 0 | R14: =C14+I14 -> 0 | S14: =D14+J14 -> 0 | T14: =E14+K14+N14 -> 0 | U14: =F14+L14+O14 -> 0 | W14: =SUM(R14:V14) -> 0
A15: Canipaan | B15: 0 | Q15: =SUM(I15:P15) -> 0 | R15: =C15+I15 -> 0 | S15: =D15+J15 -> 0 | T15: =E15+K15+N15 -> 0 | U15: =F15+L15+O15 -> 0 | W15: =SUM(R15:V15) -> 0
A16: Culasian | B16: 0 | Q16: =SUM(I16:P16) -> 0 | R16: =C16+I16 -> 0 | S16: =D16+J16 -> 0 | T16: =E16+K16+N16 -> 0 | U16: =F16+L16+O16 -> 0 | W16: =SUM(R16:V16) -> 0
A17: Iraan | B17: 4 | K17: 4 | Q17: =SUM(I17:P17) -> 4 | R17: =C17+I17 -> 0 | S17: =D17+J17 -> 0 | T17: =E17+K17+N17 -> 4 | U17: =F17+L17+O17 -> 0 | W17: =SUM(R17:V17) -> 4
A18: Latud | B18: 0 | Q18: =SUM(I18:P18) -> 0 | R18: =C18+I18 -> 0 | S18: =D18+J18 -> 0 | T18: =E18+K18+N18 -> 0 | U18: =F18+L18+O18 -> 0 | W18: =SUM(R18:V18) -> 0
A19: Panalingaan | B19: 35 | C19: 37 | I19: 18 | Q19: =SUM(I19:P19) -> 18 | R19: =C19+I19 -> 55 | S19: =D19+J19 -> 0 | T19: =E19+K19+N19 -> 0 | U19: =F19+L19+O19 -> 0 | W19: =SUM(R19:V19) -> 55
A20: Punta Baja | B20: 75 | C20: 24.1 | E20: 99.8 | G20: 1 | I20: 1 | K20: 9.5 | M20: 4 | Q20: =SUM(I20:P20) -> 14.5 | R20: =C20+I20 -> 25.1 | S20: =D20+J20 -> 0 | T20: =E20+K20+N20 -> 109.3 | U20: =F20+L20+O20 -> 0 | W20: =SUM(R20:V20) -> 134.4
A21: Ransang | B21: 0 | Q21: =SUM(I21:P21) -> 0 | R21: =C21+I21 -> 0 | S21: =D21+J21 -> 0 | T21: =E21+K21+N21 -> 0 | U21: =F21+L21+O21 -> 0 | W21: =SUM(R21:V21) -> 0
A22: Taburi | B22: 0 | Q22: =SUM(I22:P22) -> 0 | R22: =C22+I22 -> 0 | S22: =D22+J22 -> 0 | T22: =E22+K22+N22 -> 0 | U22: =F22+L22+O22 -> 0 | W22: =SUM(R22:V22) -> 0
A24: - to be submitted every 15th and 30th day of the month
A25: - March 15 submission for terminal planting under DS cropping
A26: =-A29 -> 0

Sheet Jan 16-31 Materlist
A1: Department of Agriculture
A2: REGIONAL FIELD OFFICE MIMAROPA
A3: Rice Program
A5: DRY SEASON 2026 Planting Report | I5: h | K5: cs | M5: f
A6: as of Jan 31, 2026
A7: Location | B7: Name of Farmer | F7: Area Planted (Hectares) | G7: Date of Crop Establishent | H7: Location | I7: Type of Seeds and Variety | N7: Seeding Rate (Kg/Ha.) | O7: Field source of water
B8: first_name | C8: middle_name | D8: last_name | E8: ext_name | G8: (Transplanting or Broadcasting) | I8: HYBRID SEEDS | J8: REGISTERED SEEDS | K8: CERTIFIED SEEDS | L8: GOOD QUALITY SEEDS | M8: FARMERS HOME SAVED SEEDS / GS | O8: (Irrigated/ Rainfed Lowland/ Rainfed Upland)
B9: GILBERT | C9: CRUZ | D9: ALVAREZ | F9: 1 | H9: Campong Ulay | K9: RC18 | O9: Irrigated | P9: CS
B10: BRADY | C10: MARIANO | D10: BASAL | F10: 1 | H10: Campong Ulay | K10: RC18 | O10: Rainfed | P10: CS
A11: Rizal | B11: BOLHANIE | C11: CABUTIG | D11: BASAL | F11: 1 | H11: Campong Ulay | K11: RC18 | O11: Rainfed | P11: CS
A12: Bunog | B12: LORENA | C12: ALVAREZ | D12: BESCANO | F12: 1 | H12: Campong Ulay | K12: RC18 | O12: Rainfed | P12: CS
A13: Campong Ulay | B13: LOBIRIO | C13: LABIT | D13: CASTIL | F13: 1 | H13: Campong Ulay | I13: SYNGENTA | O13: Irrigated | P13: H
A14: Candawaga | B14: JOSEPHINE | C14: ALVAREZ | D14: DUGADUGA | F14: 1 | H14: Campong Ulay | K14: RC18 | O14: Irrigated | P14: CS
A15: Canipaan | B15: ROWIE | C15: TRINIDAD | D15: FAVILA | F15: 1.5 | H15: Campong Ulay | K15: RC402 | O15: Irrigated | P15: CS
A16: Culasian | B16: MARIKIEL | C16: LABIT | D16: LENIO | F16: 0.5 | H16: Campong Ulay | I16: AZ8433 | O16: Irrigated | P16: H
A17: Iraan | B17: JOVITO | C17: QUNMADO | D17: OPINA | F17: 1 | H17: Campong Ulay | K17: RC18 | O17: Irrigated | P17: CS
A18: Latud | B18: ANGELITO | C18: GAPILANGO | D18: TABI | F18: 1 | H18: Campong Ulay | I18: AZ8433 | O18: Irrigated | P18: H
A19: Panalingaan | B19: BELTRAN | C19: CATALOGO | D19: T. | F19: 1 | H19: Campong Ulay | K19: RC18 | O19: Irrigated | P19: CS
A20: Punta Baja | B20: CLARITA | C20: LAMPAGO | D20: ASPERA | F20: 0.6 | H20: Iraan | K20: RC 402 | O20: Rainfed | P20: CS
A21: Ransang | B21: MAGELINA | C21: CALAGO | D21: GOMEZ | F21: 1.1 | H21: Iraan | K21: RC 18 | O21: Rainfed | P21: CS
A22: Taburi | B22: LOURDES | C22: TUMIMBANG | D22: PRASIO | F22: 1.2 | H22: Iraan | K22: RC 222 | O22: Rainfed | P22: CS
B23: NELSON | C23: DALDE | D23: SINOY | F23: 1.1 | H23: Iraan | K23: RC 18 | O23: Rainfed | P23: CS
B24: JAY-R | C24: NMN | D24: ALAY | F24: 1 | H24: Panalingaan | I24: syngenta | O24: Irrigated | P24: H
B25: SARIL | C25: TUKARAN | D25: ANANAY | F25: 2 | H25: Panalingaan | I25: AZ8433 | O25: Rainfed | P25: H
A26: =-A29 -> 0 | B26: GILDO | C26: ANGONA | D26: ARBAN | F26: 2 | H26: Panalingaan | I26: syngenta | O26: Rainfed | P26: H
B27: RICHARD | C27: TALLA | D27: BADAJOS | F27: 1 | H27: Panalingaan | I27: SYNGENTA | O27: Irrigated | P27: H
B28: JUANITO | C28: MARTINEZ | D28: BADAJOS | F28: 5 | H28: Panalingaan | I28: SYNGENTA | O28: Irrigated | P28: H
B29: MARLYN | C29: TARBOK | D29: BERNAL | F29: 2 | H29: Panalingaan | I29: syngenta | O29: Rainfed | P29: H
B30: MERCY | C30: ESPLANA | D30: BERNAL | F30: 1 | H30: Panalingaan | I30: syngenta | O30: Irrigated | P30: H
B31: MARVIN | C31: TARBOK | D31: BERNAL | F31: 1 | H31: Panalingaan | I31: syngenta | O31: Irrigated | P31: H
B32: ALBERT | C32: TARBOK | D32: BERNAL | F32: 1 | H32: Panalingaan | I32: syngenta | O32: Rainfed | P32: H
B33: RAFFIE | C33: AGOSTO | D33: CASTILLA | F33: 1 | H33: Panalingaan | I33: AZ8433 | O33: Irrigated | P33: H
B34: CRISPINA | C34: JINO | D34: DECENA | F34: 2 | H34: Panalingaan | I34: SYNGENTA | O34: Irrigated | P34: H
B35: ERIC | C35: FERNANDO | D35: FABRIGAS | F35: 1 | H35: Panalingaan | I35: AZ8433 | O35: Irrigated | P35: H
B36: CHERYL | C36: TAGALA | D36: FERNANDO | F36: 1 | H36: Panalingaan | I36: syngenta | O36: Irrigated | P36: H
B37: WELLIE | C37: CABOTIG | D37: GAPILANGO | F37: 1 | H37: Panalingaan | I37: AZ8433 | O37: Rainfed | P37: H
B38: HERBERT | C38: DUMA O | D38: GASPAR | F38: 1 | H38: Panalingaan | I38: syngenta | O38: Rainfed | P38: H
... B41: SHERYL | C41: GASPAR | D41: NALDA | F41: 2 | H41: Panalingaan | I41: SYNGENTA | O41: Rainfed | P41: H
B42: REX | C42: PALUAY | D42: NIFRAS | E42: SR | F42: 2 | H42: Panalingaan | I42: AZ8433 | O42: Irrigated | P42: H
B43: SHEINAMAE GAY | C43: LLORITO | D43: NIFRAS | F43: 1 | H43: Panalingaan | I43: syngenta | O43: Irrigated | P43: H
B44: JESSIEHM | C44: BADANG | D44: PALU-AY | F44: 2 | H44: Panalingaan | I44: SYNGENTA | O44: Irrigated | P44: H
B45: JULIE FE | C45: FERNANDO | D45: PALU-AY | F45: 1 | H45: Panalingaan | I45: SYNGENTA | O45: Rainfed | P45: H
B46: MICHAEL | C46: PANIS | D46: PARONG | F46: 1 | H46: Panalingaan | I46: syngenta | O46: Irrigated | P46: H
B47: JUN | C47: FERIA | D47: PERALTA | F47: 1 | H47: Panalingaan | I47: syngenta | O47: Rainfed | P47: H
B48: MACARIO | C48: FRANCISCO | D48: RELOTA | F48: 5 | H48: Panalingaan | I48: syngenta | O48: Irrigated | P48: H
B49: MARISSA | C49: TARBOK | D49: ROSS | F49: 1 | H49: Panalingaan | I49: syngenta | O49: Rainfed | P49: H
B50: EDGAR | C50: MOLINA | D50: SANTIAGO | F50: 1 | H50: Panalingaan | I50: syngenta | O50: Irrigated | P50: H
B51: CHRISTOPHER | C51: TOTO | D51: SERATO | F51: 1 | H51: Panalingaan | I51: SYNGENTA | O51: Irrigated | P51: H
B52: TOLAN | C52: ODE | D52: TAMBIS | F52: 1 | H52: Panalingaan | I52: syngenta | O52: Rainfed | P52: H
B53: LIGAYA | C53: BARAYOGA | D53: TOMASIS | F53: 4 | H53: Panalingaan | I53: SYNGENTA | O53: Irrigated | P53: H
B54: LORENZO | C54: TOMESA | D54: TOMASIS | F54: 1 | H54: Panalingaan | I54: SYNGENTA | O54: Irrigated | P54: H
B55: LORENZO | C55: BARAYOGA | D55: TOMASIS | E55: JR | F55: 1 | H55: Panalingaan | I55: SYNGENTA | O55: Irrigated | P55: H
B56: RONEL | C56: KAPONG | D56: TORONG | F56: 1 | H56: Panalingaan | I56: SYNGENTA | O56: Rainfed | P56: H
B57: DON VIER | C57: BORLAZA | D57: VILLANUEVA | F57: 2 | H57: Panalingaan | I57: syngenta | O57: Irrigated | P57: H
B58: PEDRO | C58: ROSTIA | D58: YGOT | E58: JR | F58: 2 | H58: Panalingaan | I58: syngenta | O58: Irrigated | P58: H
B59: JOANS | C59: SALINGUHAY | D59: ABA | F59: 1 | H59: Punta Baja | I59: HABILIS | O59: Rainfed | P59: H
B60: LEO | C60: TRONGCO | D60: ABELLON | F60: 1.6 | H60: Punta Baja | K60: RC 222 | O60: Irrigated | P60: CS
B61: EFRENIA | C61: CAGAS | D61: AGUILAR | F61: 2 | H61: Punta Baja | K61: RC 222 | O61: Irrigated | P61: CS
B62: JOFFREY | C62: CAGAS | D62: AGUILAR | F62: 1.2 | H62: Punta Baja | K62: RC 222 | O62: Irrigated | P62: CS
B63: ANTONIO | C63: TABUENA | D63: AGUILAR | F63: 2 | H63: Punta Baja | K63: RC 222 | O63: Irrigated | P63: CS
B64: MELY | C64: PADON | D64: AGUILAR | F64: 1.4 | H64: Punta Baja | K64: RC 222 | O64: Irrigated | P64: CS
B65: CHRISTIAN | C65: CAGAS | D65: AGUILAR | F65: 2.4 | H65: Punta Baja | K65: RC 222 | O65: Irrigated | P65: CS
B66: BEVERLY | C66: BUAYA | D66: ALAGOS | F66: 2 | H66: Punta Baja | K66: RC 402 | O66: Irrigated | P66: CS
B67: JOSE | C67: REMENTILLA | D67: ALANIS | F67: 1.8 | H67: Punta Baja | K67: RC 18 | O67: Irrigated | P67: CS
B68: RODEL | C68: GALA | D68: ALGOPERA | F68: 0.5 | H68: Punta Baja | K68: RC 18 | O68: Rainfed | P68: CS
B69: EDNA | C69: LIBRE | D69: ALONSABE | F69: 1 | H69: Punta Baja | K69: RC 18 | O69: Irrigated | P69: CS
B70: ABNER | D70: ALONSABE | F70: 2.9 | H70: Punta Baja | K70: RC 402 | O70: Irrigated | P70: CS
B71: BONGBONG | C71: NIGONG | D71: AMNGAN | F71: 1 | H71: Punta Baja | K71: RC 18 | O71: Irrigated | P71: CS
B72: RODGER | C72: BAYOT | D72: APOSAGA | F72: 1 | H72: Punta Baja | K72: RC 402 | O72: Irrigated | P72: CS
B73: JANITO | C73: DAYAWAN | D73: ATO | F73: 1 | H73: Punta Baja | M73: KANADOY | O73: Rainfed | P73: FS
B74: DERNITO | C74: LEGPOS | D74: BANGGOR | F74: 1 | H74: Punta Baja | M74: BLANDE | O74: Rainfed | P74: FS
B75: GERLITO | C75: CALOG | D75: BANGGOR | F75: 1 | H75: Punta Baja | M75: BLANDE | O75: Rainfed | P75: FS
B76: JEMHIL | C76: MONSERAT | D76: BARRIOS | E76: JR | F76: 2.5 | H76: Punta Baja | I76: LONGPING | O76: Irrigated | P76: H
B77: JESSIE | C77: BRINDIRA | D77: BERRY | F77: 2.6 | H77: Punta Baja | I77: LONGPING | O77: Irrigated | P77: H
B78: ERNESTO | C78: SALVADOR | D78: BLAS | F78: 1 | H78: Punta Baja | K78: RC 222 | O78: Irrigated | P78: CS
B79: JOEY | C79: ODE | D79: BLAS | F79: 1 | H79: Punta Baja | K79: RC 222 | O79: Irrigated | P79: CS
B80: BENJIE | C80: JAMILIE | D80: BOCOL | F80: 1 | H80: Punta Baja | K80: RC 222 | O80: Irrigated | P80: CS
B81: ROSELYN | C81: LONTES | D81: BOCOL | F81: 1 | H81: Punta Baja | K81: RC 402 | O81: Rainfed | P81: CS
B82: MARITES | C82: ASUNCION | D82: BURAC | F82: 1 | H82: Punta Baja | K82: RC 18 | O82: Irrigated | P82: CS
B83: REYNALDO | C83: SANTOS | D83: CAABAY | F83: 1.5 | H83: Punta Baja | K83: RC 18 | O83: Irrigated | P83: CS
B84: COSME | C84: ABENOJA | D84: COLONIA | F84: 2.6 | H84: Punta Baja | K84: RC 402 | O84: Irrigated | P84: CS
B85: GERARDO | C85: EVANGELIO | D85: CORTEZ | F85: 2.5 | H85: Punta Baja | K85: RC 402 | O85: Irrigated | P85: CS
B86: JERSON | C86: PAYOS | D86: CRAEL | F86: 1 | H86: Punta Baja | K86: RC 18 | O86: Irrigated | P86: CS
B87: JOSE | C87: DURO | D87: DAGUIA | F87: 2 | H87: Punta Baja | K87: RC 402 | O87: Rainfed | P87: CS
B88: JOSEPHINE | C88: DELOS SANTOS | D88: DAGUIA | F88: 1 | H88: Punta Baja | M88: JASMIN | O88: Rainfed | P88: FS
B89: ANGELITA | C89: BORRES | D89: DAGUIA | F89: 1.5 | H89: Punta Baja | K89: RC 18 | O89: Irrigated | P89: CS
B90: ROPYO | C90: SANDELAN | D90: DAYAWAN | F90: 1 | H90: Punta Baja | M90: BLANDE | O90: Irrigated | P90: FS
B91: DINO | C91: TUMANAN | D91: DE GUZMAN | F91: 2.6 | H91: Punta Baja | I91: HABILIS | O91: Irrigated | P91: H
B92: DIEGO | C92: TINIANO | D92: DELANTES | E92: SR | F92: 1 | H92: Punta Baja | I92: HABILIS | O92: Irrigated | P92: H
B93: MIGUEL | C93: TINIANO | D93: DELANTES | F93: 1.5 | H93: Punta Baja | I93: HABILIS | O93: Irrigated | P93: H
B94: CANUTO | C94: ENGRACIA | D94: DRILON | F94: 2 | H94: Punta Baja | K94: RC 222 | O94: Irrigated | P94: CS
B95: HANIBAL | C95: PELAYO | D95: DUMAGPI | F95: 2.2 | H95: Punta Baja | K95: RC 18 | O95: Irrigated | P95: CS
B96: AIDA | C96: PANGILINAN | D96: DUMAGPI | F96: 2 | H96: Punta Baja | K96: RC 402 | O96: Irrigated | P96: CS
B97: RODEL | C97: VILLANUEVA | D97: DUMLAO | F97: 2 | H97: Punta Baja | K97: RC 402 | O97: Irrigated | P97: CS
B98: YOLANDO | C98: OBILLO | D98: ECHALAS | F98: 2 | H98: Punta Baja | K98: RC 402 | O98: Irrigated | P98: CS
B99: JONNEDY | C99: BALLESTEROS | D99: EDJAN | F99: 1 | H99: Punta Baja | K99: RC 218 | O99: Irrigated | P99: CS
B100: ANGELITO | C100: BAYONETA | D100: ELDO | F100: 1.5 | H100: Punta Baja | K100: RC 219 | O100: Irrigated | P100: CS
B101: AJMER | C101: GUINTOS | D101: ELDO | F101: 1.5 | H101: Punta Baja | K101: RC 220 | O101: Irrigated | P101: CS
B102: JUDITH | C102: GRUZALES | D102: ELLAGA | F102: 1.2 | H102: Punta Baja | I102: JACKPOT | O102: Irrigated | P102: H
B103: NELSON | C103: GRANDE | D103: ERIMAN | F103: 1 | H103: Punta Baja | K103: RC 222 | O103: Rainfed | P103: CS
...

Sheet Feb 1-15
A1: Department of Agriculture
A2: REGIONAL FIELD OFFICE MIMAROPA
A3: Rice Program
A5: DRY SEASON 2026 Planting Report
A6: as of Feb 15, 2026
A7: MUNICIPALITY / BARANGAY | B7: NO. OF FARMER PLANTED | C7: IRRIGATED | I7: RAINFED | R7: =A5 -> DRY SEASON 2026 Planting Report | X7: REMARKS
C9: HYBRID SEEDS | D9: REGISTERED SEEDS | E9: CERTIFIED SEEDS | F9: GOOD QUALITY SEEDS | G9: FARMERS HOME SAVED SEEDS / GS | H9: TOTAL | I9: LOWLAND | N9: UPLAND | Q9: TOTAL | R9: HYBRID SEEDS | S9: REGISTERED SEEDS | T9: CERTIFIED SEEDS | U9: GOOD QUALITY SEEDS | V9: FARMERS HOME SAVED SEEDS / GS | W9: TOTAL
I10: HYBRID SEEDS | J10: REGISTERED SEEDS | K10: CERTIFIED SEEDS | L10: GOOD QUALITY SEEDS | M10: FARMERS HOME SAVED SEEDS | N10: CERTIFIED SEEDS | O10: GOOD QUALITY SEEDS | P10: FARMERS HOME SAVED SEEDS / GS
A11: Rizal | B11: =SUM(B12:B23) -> 382 | C11: =SUM(C12:C23) -> 218.75 | D11: =SUM(D12:D23) -> 0 | E11: =SUM(E12:E23) -> 258.3 | F11: =SUM(F12:F23) -> 0 | G11: =SUM(G12:G23) -> 9.5 | H11: =SUM(H12:H23) -> 0 | I11: =SUM(I12:I23) -> 98.49 | ... W11: =SUM(W12:W23) -> 901.64
A12: Bunog | B12: 30 | C12: 3.5 | I12: 26 | Q12: =SUM(I12:P12) -> 26 | R12: =C12+I12 -> 29.5 | S12: =D12+J12 -> 0 | T12: =E12+K12+N12 -> 0 | U12: =F12+L12+O12 -> 0 | V12: =G12+M12+P12 -> 0 | W12: =SUM(R12:V12) -> 29.5
A13: Campong Ulay | B13: 23 | C13: 17.5 | E13: 5.5 | G13: 1 | I13: 2.5 | K13: 1 | Q13: =SUM(I13:P13) -> 3.5 | R13: =C13+I13 -> 20 | S13: =D13+J13 -> 0 | T13: =E13+K13+N13 -> 6.5 | U13: =F13+L13+O13 -> 0 | V13: =G13+M13+P13 -> 1 | W13: =SUM(R13:V13) -> 27.5
A14: Candawaga | B14: 59 | C14: 192 | I14: 22.49 | Q14: =SUM(I14:P14) -> 22.49 | R14: =C14+I14 -> 214.49 | S14: =D14+J14 -> 0 | T14: =E14+K14+N14 -> 0 | U14: =F14+L14+O14 -> 0 | V14: =G14+M14+P14 -> 0 | W14: =SUM(R14:V14) -> 214.49
A15: Canipaan | B15: 10 | C15: 4 | I15: 47.5 | Q15: =SUM(I15:P15) -> 47.5 | R15: =C15+I15 -> 51.5 | S15: =D15+J15 -> 0 | T15: =E15+K15+N15 -> 0 | U15: =F15+L15+O15 -> 0 | V15: =G15+M15+P15 -> 0 | W15: =SUM(R15:V15) -> 51.5
A16: Culasian | B16: 59 | E16: 64 | G16: 5 | K16: 51.5 | Q16: =SUM(I16:P16) -> 51.5 | R16: =C16+I16 -> 0 | S16: =D16+J16 -> 0 | T16: =E16+K16+N16 -> 115.5 | U16: =F16+L16+O16 -> 0 | V16: =G16+M16+P16 -> 5 | W16: =SUM(R16:V16) -> 120.5
A17: Iraan | B17: 105 | E17: 107.3 | G17: 3.5 | K17: 127.3 | M17: 7.5 | Q17: =SUM(I17:P17) -> 134.8 | R17: =C17+I17 -> 0 | S17: =D17+J17 -> 0 | T17: =E17+K17+N17 -> 234.6 | U17: =F17+L17+O17 -> 0 | V17: =G17+M17+P17 -> 11 | W17: =SUM(R17:V17) -> 245.6
A18: Latud | B18: 27 | E18: 18.5 | K18: 52 | Q18: =SUM(I18:P18) -> 52 | R18: =C18+I18 -> 0 | S18: =D18+J18 -> 0 | T18: =E18+K18+N18 -> 70.5 | U18: =F18+L18+O18 -> 0 | V18: =G18+M18+P18 -> 0 | W18: =SUM(R18:V18) -> 70.5
A19: Panalingaan | B19: 0 | Q19: =SUM(I19:P19) -> 0 | R19: =C19+I19 -> 0 | S19: =D19+J19 -> 0 | T19: =E19+K19+N19 -> 0 | U19: =F19+L19+O19 -> 0 | V19: =G19+M19+P19 -> 0 | W19: =SUM(R19:V19) -> 0
A20: Punta Baja | B20: 28 | C20: 1.75 | E20: 50.7 | K20: 3.3 | Q20: =SUM(I20:P20) -> 3.3 | R20: =C20+I20 -> 1.75 | S20: =D20+J20 -> 0 | T20: =E20+K20+N20 -> 54 | U20: =F20+L20+O20 -> 0 | V20: =G20+M20+P20 -> 0 | W20: =SUM(R20:V20) -> 55.75
A21: Ransang | B21: 0 | Q21: =SUM(I21:P21) -> 0 | R21: =C21+I21 -> 0 | S21: =D21+J21 -> 0 | T21: =E21+K21+N21 -> 0 | U21: =F21+L21+O21 -> 0 | V21: =G21+M21+P21 -> 0 | W21: =SUM(R21:V21) -> 0
A22: Taburi | B22: 41 | E22: 12.3 | K22: 74 | Q22: =SUM(I22:P22) -> 74 | R22: =C22+I22 -> 0 | S22: =D22+J22 -> 0 | T22: =E22+K22+N22 -> 86.3 | U22: =F22+L22+O22 -> 0 | V22: =G22+M22+P22 -> 0 | W22: =SUM(R22:V22) -> 86.3
A24: - to be submitted every 15th and 30th day of the month
A25: - March 15 submission for terminal planting under DS cropping
A26: =-A29 -> 0

Sheet Feb 1-15 Materlist
A1: Department of Agriculture
A2: REGIONAL FIELD OFFICE MIMAROPA
A3: Rice Program
A5: DRY SEASON 2026 Planting Report | I5: H | K5: CS | M5: FS
A6: as of Feb 15 | P6: S
A7: Location | B7: Name of Farmer | F7: Area Planted (Hectares) | G7: Date of Crop Establishent | H7: Location | I7: Type of Seeds and Variety | N7: Seeding Rate (Kg/Ha.) | O7: Field source of water
B8: first_name | C8: middle_name | D8: last_name | E8: ext_name | G8: (Transplanting or Broadcasting) | I8: HYBRID SEEDS | J8: REGISTERED SEEDS | K8: CERTIFIED SEEDS | L8: GOOD QUALITY SEEDS | M8: FARMERS HOME SAVED SEEDS / GS | O8: (Irrigated/ Rainfed Lowland/ Rainfed Upland)
B9: ELMER | C9: ARBAIN | D9: ABDURAJAK | F9: 1.5 | H9: Bunog | I9: SYNGENTA | O9: Rainfed | P9: H
B10: EMMANUEL | C10: MABINI | D10: ARREGLADO | F10: 1 | H10: Bunog | I10: SYNGENTA | O10: Rainfed | P10: H
A11: Rizal | B11: JOHN PAUL | C11: DIAZ | D11: ATAWI | F11: 1 | H11: Bunog | I11: SYNGENTA | O11: Rainfed | P11: H
A12: Bunog | B12: EVELYN | C12: ABORDAJE | D12: CAMIAS | F12: 1 | H12: Bunog | I12: SYNGENTA | O12: Rainfed | P12: H
A13: Campong Ulay | B13: ESPERANZA | C13: EMBORNIZA | D13: CAMIAS | F13: 1 | H13: Bunog | I13: SYNGENTA | O13: Rainfed | P13: H
A14: Candawaga | B14: BABY LYN | C14: EMBORNIZA | D14: CAMIAS | F14: 1 | H14: Bunog | I14: SYNGENTA | O14: Rainfed | P14: H
A15: Canipaan | B15: ROLLY | C15: MAGBANUA | D15: DUHAYLUNGSOD | F15: 1 | H15: Bunog | I15: SYNGENTA | O15: Rainfed | P15: H
A16: Culasian | B16: RODRIGO | C16: AHINGGA | D16: DUMIO | F16: 1 | H16: Bunog | I16: SYNGENTA | O16: Rainfed | P16: H
A17: Iraan | B17: JOSE | C17: ABENIO | D17: DUMIO | F17: 1 | H17: Bunog | I17: SYNGENTA | O17: Rainfed | P17: H
A18: Latud | B18: VERONICA | C18: DRILON | D18: DUMIO | F18: 1 | H18: Bunog | I18: SYNGENTA | O18: Rainfed | P18: H
A19: Panalingaan | B19: RIEZAGENE | C19: CABUENA | D19: GARCIA | F19: 1 | H19: Bunog | I19: SYNGENTA | O19: Rainfed | P19: H
A20: Punta Baja | B20: EDWARDO | C20: LAYES | D20: GARGALLANO | F20: 1 | H20: Bunog | I20: SYNGENTA | O20: Rainfed | P20: H
A21: Ransang | B21: JULIVERT | C21: GAJO | D21: GEANGA | F21: 1 | H21: Bunog | I21: SYNGENTA | O21: Rainfed | P21: H
A22: Taburi | B22: ARJIE | C22: CURTIZ | D22: HELARIA | F22: 1 | H22: Bunog | I22: SYNGENTA | O22: Rainfed | P22: H
B23: MARISSA | C23: BEPINOSO | D23: LACPAO | F23: 1 | H23: Bunog | I23: SYNGENTA | O23: Irrigated | P23: H
B24: RODOLFO | C24: ACEBEZ | D24: LACPAO | F24: 1.5 | H24: Bunog | I24: SYNGENTA | O24: Irrigated | P24: H
B25: SARCINA | C25: SURAO | D25: LACQUIN | F25: 0.5 | H25: Bunog | I25: SYNGENTA | O25: Rainfed | P25: H
A26: =-A29 -> 0 | B26: CRISLETA | C26: RENAMNAM | D26: LAMIN | F26: 1 | H26: Bunog | I26: SYNGENTA | O26: Rainfed | P26: H
B27: JERICK | C27: HARDEN | D27: LANUZA | F27: 1 | H27: Bunog | I27: SYNGENTA | O27: Rainfed | P27: H
B28: ENGELBERT | C28: CABILI | D28: LASCONIA | F28: 1 | H28: Bunog | I28: SYNGENTA | O28: Rainfed | P28: H
B29: RUELAN | C29: TIMBANGAN | D29: LUMPOT | F29: 0.5 | H29: Bunog | I29: SYNGENTA | O29: Rainfed | P29: H
B30: LEMUEL | C30: QUIOCSON | D30: MENTOY | F30: 1 | H30: Bunog | I30: SYNGENTA | O30: Irrigated | P30: H
B31: JOY | C31: QUINDO | D31: MISAL | F31: 1 | H31: Bunog | I31: SYNGENTA | O31: Rainfed | P31: H
B32: RAMON | C32: BESANEZ | D32: MONSERATE | F32: 1 | H32: Bunog | I32: SYNGENTA | O32: Rainfed | P32: H
B33: JENEFER | C33: DRILON | D33: MONTANEZ | F33: 1 | H33: Bunog | I33: SYNGENTA | O33: Rainfed | P33: H
B34: RIC | C34: PALARCA | D34: NAMUCO | F34: 1 | H34: Bunog | I34: SYNGENTA | O34: Rainfed | P34: H
B35: MANDY | C35: ALVAREZ | D35: PAGUNTALAN | F35: 0.5 | H35: Bunog | I35: SYNGENTA | O35: Rainfed | P35: H
B36: ERLINDA | C36: MONSERATE | D36: RICO | F36: 1 | H36: Bunog | I36: SYNGENTA | O36: Rainfed | P36: H
B37: MARILYN | C37: DELICANA | D37: SUMAYO | F37: 1 | H37: Bunog | I37: SYNGENTA | O37: Rainfed | P37: H
B38: ARNEL | C38: SALAM | D38: SURAO | F38: 1 | H38: Bunog | I38: SYNGENTA | O38: Rainfed | P38: H
B39: ADIA | C39: ASAN | D39: ARGUELLES | F39: 1 | H39: Campong Ulay | K39: RC18 | O39: Irrigated | P39: CS
B40: NORENZA | C40: MAMOD | D40: AYOB | F40: 0.5 | H40: Campong Ulay | K40: RC402 | O40: Irrigated | P40: CS
B41: NORPIN | C41: ESONG | D41: AYOB | F41: 1 | H41: Campong Ulay | M41: BLANDIE | O41: Irrigated | P41: FS
B42: SUSAN | C42: PLAZA | D42: BOHOL | F42: 1 | H42: Campong Ulay | I42: SYNGENTA | O42: Irrigated | P42: H
B43: TELESFORO | C43: BUNGALSO | D43: BONBON | F43: 1.5 | H43: Campong Ulay | I43: SYNGENTA | O43: Irrigated | P43: H
B44: FELICIDAD | C44: PEREZ | D44: CARPENTERO | F44: 1 | H44: Campong Ulay | I44: SYNGENTA | O44: Irrigated | P44: H
B45: MERIEL | C45: ALCAIDE | D45: CASABAR | F45: 1 | H45: Campong Ulay | I45: SYNGENTA | O45: Irrigated | P45: H
B46: NAPSAYA | C46: BAHADDA | D46: CASTIL | F46: 1 | H46: Campong Ulay | I46: SYNGENTA | O46: Irrigated | P46: H
B47: ANITA | C47: TABI | D47: DELES | F47: 1 | H47: Campong Ulay | I47: SYNGENTA | O47: Rainfed | P47: H
B48: THRISHA MAE | C48: BADENAS | D48: DIESTA | F48: 1 | H48: Campong Ulay | I48: SYNGENTA | O48: Irrigated | P48: H
B49: ZANDRO | C49: BADENAS | D49: DIESTA | F49: 1 | H49: Campong Ulay | I49: SYNGENTA | O49: Irrigated | P49: H
B50: HECTOR | C50: LEIDO | D50: EDEP | E50: JR | F50: 1 | H50: Campong Ulay | I50: SYNGENTA | O50: Irrigated | P50: H
B51: FREDDIE | C51: LACORTE | D51: ESTIMO | F51: 1 | H51: Campong Ulay | I51: SYNGENTA | O51: Irrigated | P51: H
B52: GINA | C52: FAVILA | D52: GAPILANGO | F52: 1 | H52: Campong Ulay | I52: HABILIS | O52: Irrigated | P52: H
B53: GODFREY | C53: PRESTO | D53: GAPILANGO | F53: 1 | H53: Campong Ulay | I53: HABILIS | O53: Irrigated | P53: H
B54: EDITHA | C54: CAPOCONG | D54: JUAB | F54: 1.5 | H54: Campong Ulay | I54: SYNGENTA | O54: Rainfed | P54: H
B55: DIOSO | C55: AMPONE | D55: KADUSALE | F55: 1 | H55: Campong Ulay | K55: RC 18 | O55: Irrigated | P55: CS
B56: PEDRO | C56: ABRINA | D56: LUBAS | F56: 3 | H56: Campong Ulay | K56: RC 402 | O56: Irrigated | P56: CS
B57: RONNIEL | C57: FEDALIZO | D57: RADOC | F57: 1.5 | H57: Campong Ulay | I57: HABILIS | O57: Irrigated | P57: H
B58: LUZVIMINDA | C58: GAPILANGO | D58: TABI | F58: 1 | H58: Campong Ulay | I58: HABILIS | O58: Irrigated | P58: H
B59: RIZAL | C59: MENDOZA | D59: TUZON | F59: 2 | H59: Campong Ulay | I59: HABILIS | O59: Irrigated | P59: H
B60: IRENE | C60: MENDOZA | D60: TUZON | F60: 1.5 | H60: Campong Ulay | I60: syngenta | O60: Irrigated | P60: H
B61: ALLAN | C61: M. | D61: PONGO | F61: 1 | H61: Campong Ulay | K61: RC18 | P61: CS
B62: JADE | C62: BELGICA | D62: CUELLO | F62: 4 | H62: Canipaan | I62: LONGPING | O62: Irrigated | P62: H
B63: DANIEL | C63: CAYAO | D63: FAVILA | E63: SR | F63: 4 | H63: Canipaan | I63: LONGPING | O63: Rainfed | P63: H
B64: SITTI RANA | C64: MISUARI | D64: HARON | F64: 9.7 | H64: Canipaan | I64: HABILIS | O64: Rainfed | P64: H
B65: HECTOR | C65: DELING | D65: MARINSEL | F65: 5 | H65: Canipaan | I65: EZ8433 | O65: Rainfed | P65: H
B66: MELCHOR | C66: LEQUIN | D66: MINGABON | F66: 3.75 | H66: Canipaan | I66: LONGPING | O66: Rainfed | P66: H
B67: SITTI SARAH | C67: MINULLA | D67: MISUARI | F67: 7.5 | H67: Canipaan | I67: EZ8433 | O67: Rainfed | P67: H
B68: JOSE | C68: HOLGUIN | D68: RAMOS | E68: JR | F68: 5 | H68: Canipaan | I68: LONGPING | O68: Rainfed | P68: H
B69: JONAS | C69: GUNDAO | D69: RODRIGUEZ | F69: 4 | H69: Canipaan | I69: LONGPING | O69: Rainfed | P69: H
B70: GUILLER | C70: BONBON | D70: SANTILLAN | F70: 3.5 | H70: Canipaan | I70: HABILIS | O70: Rainfed | P70: H
B71: FORTUNATO | C71: FAVILA | D71: TUPAL | F71: 5 | H71: Canipaan | I71: HABILIS | O71: Rainfed | P71: H
B72: JENALYN | C72: MARIANO | D72: ADUAN | F72: 2.5 | H72: Candawaga | I72: SYNGENTA | O72: Irrigated | P72: H
B73: MERLITA | C73: ELIJAN | D73: ALEJO | F73: 4.29 | H73: Candawaga | I73: SYNGENTA | O73: Rainfed | P73: H
B74: CHARLEMEN | C74: ACIBRON | D74: ALEPIOSA | F74: 3 | H74: Candawaga | I74: SYNGENTA | O74: Irrigated | P74: H
B75: MAHAMOD | C75: SUYONG | D75: ALHARE | F75: 2.5 | H75: Candawaga | I75: SYNGENTA | O75: Irrigated | P75: H
B76: AIDABEL | C76: LAGUNAY | D76: AMAR | F76: 5 | H76: Candawaga | I76: SYNGENTA | O76: Irrigated | P76: H
B77: EVELYN | C77: GUARIN | D77: BERTO | F77: 8 | H77: Candawaga | I77: SYNGENTA | O77: Irrigated | P77: H
B78: CHARLENE | C78: MAGBANUA | D78: BERTO | F78: 2.4 | H78: Candawaga | I78: SYNGENTA | O78: Irrigated | P78: H
B79: JOSE | C79: VILLANUEVA | D79: BESALES | F79: 2.75 | H79: Candawaga | I79: SYNGENTA | O79: Irrigated | P79: H
B80: MERILYN | C80: MANGARAN | D80: BESALES | F80: 6 | H80: Candawaga | I80: SYNGENTA | O80: Irrigated | P80: H
... B102: DIOSDADO | C102: HILODIALA | D102: MACAHILOS | F102: 4 | H102: Candawaga | I102: SYNGENTA | O102: Irrigated | P102: H
B103: FERNANDO | C103: IGNACIO | D103: MALUNES | E103: JR | F103: 2.5 | H103: Candawaga | I103: SYNGENTA | O103: Irrigated | P103: H
B104: REYNALDO | C104: PUIG | D104: MANGARAN | F104: 3 | H104: Candawaga | I104: SYNGENTA | O104: Irrigated | P104: H
B105: GOERGE | C105: SAMSONA | D105: MARCELINO | F105: 4 | H105: Candawaga | I105: SYNGENTA | O105: Irrigated | P105: H
B106: DANNY | C106: CABOSAS | D106: MENDOZA | F106: 2.4 | H106: Candawaga | I106: SYNGENTA | O106: Irrigated | P106: H
B107: JON JON | C107: JUANITAS | D107: MONTANO | F107: 2.5 | H107: Candawaga | I107: SYNGENTA | O107: Irrigated | P107: H
B108: JORELYN | C108: ADUAN | D108: NALE | F108: 3 | H108: Candawaga | I108: SYNGENTA | O108: Irrigated | P108: H
B109: JOEY | C109: JAKARIA | D109: NARRAZID | F109: 3 | H109: Candawaga | I109: SYNGENTA | O109: Irrigated | P109: H
B110: JHONNY | C110: BERTO | D110: OPERIANO | F110: 2.5 | H110: Candawaga | I110: SYNGENTA | O110: Irrigated | P110: H
B111: LENNIE | C111: BERMIUDEZ | D111: PALARCA | F111: 4 | H111: Candawaga | I111: SYNGENTA | O111: Irrigated | P111: H
B112: JOEL | C112: VILLALVA | D112: PALARCA | E112: SR | F112: 7 | H112: Candawaga | I112: SYNGENTA | O112: Irrigated | P112: H
B113: JERSON | C113: ALAYON | D113: PARADERO | F113: 5 | H113: Candawaga | I113: SYNGENTA | O113: Irrigated | P113: H
B114: ELIGIO | C114: CAABAY | D114: PARANGUE | E114: JR | F114: 2.5 | H114: Candawaga | I114: SYNGENTA | O114: Irrigated | P114: H
B115: SHERLY | C115: CLAUD | D115: PECASIS | F115: 3 | H115: Candawaga | I115: SYNGENTA | O115: Irrigated | P115: H
B116: DIANNE | C116: JAKARIA | D116: SEGURITAN | F116: 3.3 | H116: Candawaga | I116: SYNGENTA | O116: Irrigated | P116: H
B117: PURITA | C117: JAKARIA | D117: SEGURITAN | F117: 4 | H117: Candawaga | I117: SYNGENTA | O117: Irrigated | P117: H
B118: RENIE BOY | C118: SALEM | D118: SUICO | F118: 3 | H118: Candawaga | I118: SYNGENTA | O118: Rainfed | P118: H
B119: RICHIE | C119: CARVAJAL | D119: SUICO | F119: 4 | H119: Candawaga | I119: SYNGENTA | O119: Irrigated | P119: H
B120: DAVID | C120: ALIOS | D120: TALAK | F120: 2.4 | H120: Candawaga | I120: SYNGENTA | O120: Rainfed | P120: H
B121: ALVIN | C121: MANGARAN | D121: TEMBLOR | F121: 3 | H121: Candawaga | I121: SYNGENTA | O121: Irrigated | P121: H
B122: MA THERESA | C122: MANGARAN | D122: TEMBLOR | F122: 3 | H122: Candawaga | I122: SYNGENTA | O122: Irrigated | P122: H
...

Sheet Feb 16-28
A1: Department of Agriculture
A2: REGIONAL FIELD OFFICE MIMAROPA
A3: Rice Program
A5: DRY SEASON 2026 Planting Report
A6: as of Feb 28, 2026
A7: MUNICIPALITY / BARANGAY | B7: NO. OF FARMER PLANTED | C7: IRRIGATED | I7: RAINFED | R7: =A5 -> DRY SEASON 2026 Planting Report | X7: REMARKS
C9: HYBRID SEEDS | D9: REGISTERED SEEDS | E9: CERTIFIED SEEDS | F9: GOOD QUALITY SEEDS | G9: FARMERS HOME SAVED SEEDS / GS | H9: TOTAL | I9: LOWLAND | N9: UPLAND | Q9: TOTAL | R9: HYBRID SEEDS | S9: REGISTERED SEEDS | T9: CERTIFIED SEEDS | U9: GOOD QUALITY SEEDS | V9: FARMERS HOME SAVED SEEDS / GS | W9: TOTAL
I10: HYBRID SEEDS | J10: REGISTERED SEEDS | K10: CERTIFIED SEEDS | L10: GOOD QUALITY SEEDS | M10: FARMERS HOME SAVED SEEDS | N10: CERTIFIED SEEDS | O10: GOOD QUALITY SEEDS | P10: FARMERS HOME SAVED SEEDS / GS
A11: Rizal | B11: =SUM(B12:B23) -> 464 | C11: =SUM(C12:C23) -> 416.0533 | D11: =SUM(D12:D23) -> 0 | E11: =SUM(E12:E23) -> 240.35 | F11: =SUM(F12:F23) -> 0 | G11: =SUM(G12:G23) -> 14.24 | H11: =SUM(H12:H23) -> 0 | I11: =SUM(I12:I23) -> 0 | ... W11: =SUM(W12:W23) -> 700.4433
A12: Bunog | B12: 0 | Q12: =SUM(I12:P12) -> 0 | R12: =C12+I12 -> 0 | S12: =D12+J12 -> 0 | T12: =E12+K12+N12 -> 0 | U12: =F12+L12+O12 -> 0 | V12: =G12+M12+P12 -> 0 | W12: =SUM(R12:V12) -> 0
A13: Campong Ulay | B13: 14 | C13: 21 | E13: 3.8 | G13: 1 | Q13: =SUM(I13:P13) -> 0 | R13: =C13+I13 -> 21 | S13: =D13+J13 -> 0 | T13: =E13+K13+N13 -> 3.8 | U13: =F13+L13+O13 -> 0 | V13: =G13+M13+P13 -> 1 | W13: =SUM(R13:V13) -> 25.8
A14: Candawaga | B14: 113 | C14: 138.1 | E14: 74.6 | G14: 0 | K14: 2 | M14: 25.6 | Q14: =SUM(I14:P14) -> 27.6 | R14: =C14+I14 -> 138.1 | S14: =D14+J14 -> 0 | T14: =E14+K14+N14 -> 76.6 | U14: =F14+L14+O14 -> 0 | V14: =G14+M14+P14 -> 25.6 | W14: =SUM(R14:V14) -> 240.3
A15: Canipaan | B15: 5 | C15: 10.7 | E15: 0 | G15: 0 | Q15: =SUM(I15:P15) -> 0 | R15: =C15+I15 -> 10.7 | S15: =D15+J15 -> 0 | T15: =E15+K15+N15 -> 0 | U15: =F15+L15+O15 -> 0 | V15: =G15+M15+P15 -> 0 | W15: =SUM(R15:V15) -> 10.7
A16: Culasian | B16: 49 | C16: 71.5 | E16: 0 | G16: 0 | Q16: =SUM(I16:P16) -> 0 | R16: =C16+I16 -> 71.5 | S16: =D16+J16 -> 0 | T16: =E16+K16+N16 -> 0 | U16: =F16+L16+O16 -> 0 | V16: =G16+M16+P16 -> 0 | W16: =SUM(R16:V16) -> 71.5
A17: Iraan | B17: 54 | C17: 0 | E17: 51.2 | G17: 4.69 | K17: 2.2 | M17: 0 | Q17: =SUM(I17:P17) -> 2.2 | R17: =C17+I17 -> 0 | S17: =D17+J17 -> 0 | T17: =E17+K17+N17 -> 53.4 | U17: =F17+L17+O17 -> 0 | V17: =G17+M17+P17 -> 4.69 | W17: =SUM(R17:V17) -> 58.09
A18: Latud | B18: 0 | Q18: =SUM(I18:P18) -> 0 | R18: =C18+I18 -> 0 | S18: =D18+J18 -> 0 | T18: =E18+K18+N18 -> 0 | U18: =F18+L18+O18 -> 0 | V18: =G18+M18+P18 -> 0 | W18: =SUM(R18:V18) -> 0
A19: Panalingaan | B19: 68 | C19: 71.91 | E19: 24.75 | G19: 3.8 | Q19: =SUM(I19:P19) -> 0 | R19: =C19+I19 -> 71.91 | S19: =D19+J19 -> 0 | T19: =E19+K19+N19 -> 24.75 | U19: =F19+L19+O19 -> 0 | V19: =G19+M19+P19 -> 3.8 | W19: =SUM(R19:V19) -> 100.46
A20: Punta Baja | B20: 92 | C20: 41.1 | E20: 53.2 | G20: 1 | Q20: =SUM(I20:P20) -> 0 | R20: =C20+I20 -> 41.1 | S20: =D20+J20 -> 0 | T20: =E20+K20+N20 -> 53.2 | U20: =F20+L20+O20 -> 0 | V20: =G20+M20+P20 -> 1 | W20: =SUM(R20:V20) -> 95.3
A21: Ransang | B21: 32 | C21: 61.7433 | E21: 0 | G21: 0 | Q21: =SUM(I21:P21) -> 0 | R21: =C21+I21 -> 61.7433 | S21: =D21+J21 -> 0 | T21: =E21+K21+N21 -> 0 | U21: =F21+L21+O21 -> 0 | V21: =G21+M21+P21 -> 0 | W21: =SUM(R21:V21) -> 61.7433
A22: Taburi | B22: 37 | C22: 0 | E22: 32.8 | G22: 3.75 | Q22: =SUM(I22:P22) -> 0 | R22: =C22+I22 -> 0 | S22: =D22+J22 -> 0 | T22: =E22+K22+N22 -> 32.8 | U22: =F22+L22+O22 -> 0 | V22: =G22+M22+P22 -> 3.75 | W22: =SUM(R22:V22) -> 36.55
A24: - to be submitted every 15th and 30th day of the month
A25: - March 15 submission for terminal planting under DS cropping
A26: =-A29 -> 0

Sheet Feb 16-28 Materlist
A1: Department of Agriculture
A2: REGIONAL FIELD OFFICE MIMAROPA
A3: Rice Program
I4: H | K4: CS | M4: FS | P4: S
A5: DRY SEASON 2026 Planting Report
A6: as of Feb 28, 2028
A7: Location | B7: Name of Farmer | F7: Area Planted (Hectares) | G7: Date of Crop Establishent | H7: Location | I7: Type of Seeds and Variety | N7: Seeding Rate (Kg/Ha.) | O7: Field source of water
B8: first_name | C8: middle_name | D8: last_name | E8: ext_name | G8: (Transplanting or Broadcasting) | I8: HYBRID SEEDS | J8: REGISTERED SEEDS | K8: CERTIFIED SEEDS | L8: GOOD QUALITY SEEDS | M8: FARMERS HOME SAVED SEEDS / GS | O8: (Irrigated/ Rainfed Lowland/ Rainfed Upland)
B9: MARIELLE | C9: BONBON | D9: ACEPCION | F9: 1.5 | H9: Campong Ulay | I9: SYNGENTA | O9: Irrigated
B10: ARMANDO | C10: ANTOC | D10: ALA | F10: 1 | H10: Campong Ulay | I10: JACKPOT | O10: Irrigated
A11: Rizal | B11: CARLOS | C11: VILLAGRACIA | D11: ALBANO | E11: JR | F11: 1.5 | H11: Campong Ulay | I11: SYNGENTA | O11: Irrigated
A12: Bunog | B12: EPLITO | C12: SALDIN | D12: ANDONA | F12: 0.75 | H12: Campong Ulay | K12: RC18 | O12: Irrigated
A13: Campong Ulay | B13: JOHN PAUL | C13: RADOC | D13: BONBON | F13: 1 | H13: Campong Ulay | K13: RC 18 | O13: Irrigated
A14: Candawaga | B14: GIRLIE | C14: INTAL | D14: ENRIQUEZ | F14: 5.58 | H14: Campong Ulay | I14: SYNGENTA | O14: Irrigated
A15: Canipaan | B15: RYAN | C15: JEMINA | D15: FRANCISCO | F15: 1.7 | H15: Campong Ulay | I15: SYNGENTA | O15: Irrigated
A16: Culasian | B16: ROY | C16: ARAGON | D16: JUANILO | F16: 2 | H16: Campong Ulay | I16: SYNGENTA | O16: Irrigated
A17: Iraan | B17: ELMER | C17: NALNALAN | D17: LALAY | F17: 2.75 | H17: Campong Ulay | I17: AZ8433 | O17: Irrigated
A18: Latud | B18: IRENEO | C18: LUBATON | D18: LIMIT | F18: 2 | H18: Campong Ulay | I18: SYNGENTA | O18: Irrigated
A19: Panalingaan | B19: MARIO | C19: QUEMADO | D19: OPINA | F19: 1 | H19: Campong Ulay | K19: RC 222 | O19: Irrigated
A20: Punta Baja | B20: ADELA | C20: ENRIQUEZ | D20: RADOC | F20: 1 | H20: Campong Ulay | K20: RC18 | O20: Irrigated
A21: Ransang | B21: DANILO | C21: PAQUIAO | D21: SANCHES | F21: 3 | H21: Campong Ulay | I21: SYNGENTA | O21: Irrigated
A22: Taburi | B22: ROWEL | D22: PATRIARCA | F22: 1 | H22: Campong Ulay | M22: BLANDIE | O22: Irrigated
B23: ELVIRA | C23: FAVILA | D23: OMBI-ON | F23: 2 | H23: Canipaan | I23: HABILIS | O23: Irrigated
B24: BUCAYRA | C24: INSANI | D24: PONDO | F24: 2 | H24: Canipaan | I24: HABILIS | O24: Irrigated
B25: MARIO | C25: ARTILADO | D25: PONDO | F25: 2 | H25: Canipaan | I25: HABILIS | O25: Irrigated
A26: =-A29 -> 0 | B26: MARJUN | C26: BONBON | D26: SANTILLAN | F26: 2.7 | H26: Canipaan | I26: HABILIS | O26: Irrigated
B27: RAFFY | C27: CAYAO | D27: TUPAL | F27: 2 | H27: Canipaan | I27: HABILIS | O27: Irrigated
B28: RANIE | C28: SUYAO | D28: ABAJAR | F28: 10 | H28: Candawaga | I28: SYNGENTA | O28: Irrigated
B29: MARVIN | C29: TRAYFALGAR | D29: ABANILLA | F29: 2 | H29: Candawaga | K29: RC 18 | O29: Irrigated
B30: MARK | C30: TRAYFALGAR | D30: ABANILLA | F30: 1 | H30: Candawaga | K30: RC 222 | O30: Irrigated
B31: EVELYN | C31: PEDRO | D31: ALABADO | F31: 2 | H31: Candawaga | I31: AZ 8433 | O31: Irrigated
B32: HAZEL | C32: CARATAO | D32: ALAVE | F32: 1 | H32: Candawaga | I32: AZ 8433 | O32: Irrigated
B33: SATURNINA | C33: TOTO | D33: ALBA | F33: 1.6 | H33: Candawaga | K33: RC 18 | O33: Irrigated
B34: ARTURO | C34: GALLARDO | D34: ALBA | F34: 2 | H34: Candawaga | I34: HABILIS | O34: Irrigated
B35: MARLYN | C35: MONTEJO | D35: ALBEO | F35: 1.8 | H35: Candawaga | K35: RC 18 | O35: Irrigated
B36: GRACE | C36: MANLIKO | D36: ANGGUHAN | F36: 1.2 | H36: Candawaga | M36: KANADOY | O36: Rainfed
B37: ROGELIO | C37: MONRANO | D37: ARAGON | F37: 1.2 | H37: Candawaga | K37: RC 222 | O37: Irrigated
B38: GERRY | C38: BENEDICTO | D38: ARSENIO | F38: 2 | H38: Candawaga | I38: SYNGENTA | O38: Irrigated
B39: ROSIE | C39: ALIPIOSA | D39: BADUA | F39: 2 | H39: Candawaga | K39: RC 18 | O39: Irrigated
B40: JIMMY | C40: ALMEDA | D40: BALDOVE | F40: 1 | H40: Candawaga | I40: SYNGENTA | O40: Irrigated
B41: ARLIE | C41: ALBA | D41: BALDOVE | F41: 1 | H41: Candawaga | I41: AZ 8433 | O41: Irrigated
B42: CHARLIE | C42: ALBA | D42: BALDOVE | E42: JR | F42: 1 | H42: Candawaga | I42: HABILIS | O42: Irrigated
B43: CONCHETA | C43: ALMEDA | D43: BALDOVE | F43: 1.5 | H43: Candawaga | K43: RC 222 | O43: Irrigated
B44: MARK | C44: TIMTIM | D44: BARRIOS | F44: 1.5 | H44: Candawaga | K44: RC 18 | O44: Irrigated
B45: ASER | C45: SALVADOR | D45: BASILIO | F45: 3.5 | H45: Candawaga | K45: RC 18 | O45: Irrigated
B46: ELMAR CHRISTIAN | C46: SAMSONA | D46: BASILIO | F46: 1 | H46: Candawaga | I46: HABILIS | O46: Irrigated
B47: ERLINDA | C47: SALVADOR | D47: BASILIO | F47: 2 | H47: Candawaga | I47: SYNGENTA | O47: Irrigated
B48: LENELYN MAE | C48: FERNANDO | D48: BASILIO | F48: 2 | H48: Candawaga | I48: SYNGENTA | O48: Irrigated
B49: DANILO | C49: VILLANUEVA | D49: BASILIO | F49: 1.7 | H49: Candawaga | K49: RC 18 | O49: Irrigated
B50: JHON VER | C50: QUILIOPE | D50: BERNABE | F50: 1.5 | H50: Candawaga | K50: RC 18 | O50: Irrigated
B51: ELVIE | C51: DECERA | D51: BERTO | F51: 1.5 | H51: Candawaga | K51: RC 18 | O51: Irrigated
B52: ORLANDO | C52: VILLANUEVA | D52: BESALES | F52: 1.5 | H52: Candawaga | K52: RC 222 | O52: Irrigated
B53: ORLY | C53: LEOCADIO | D53: BESALES | F53: 1 | H53: Candawaga | I53: HABILIS | O53: Irrigated
B54: ALBERT | C54: BALADJAY | D54: BESALES | F54: 1 | H54: Candawaga | I54: AZ 8433 | O54: Irrigated
B55: TERESITA | C55: TOTO | D55: BURDADO | F55: 1 | H55: Candawaga | I55: SYNGENTA | O55: Irrigated
B56: ROGER | C56: JAUD | D56: CALAOGAO | F56: 2 | H56: Candawaga | I56: SYNGENTA | O56: Irrigated
B57: MARGIE | C57: PORRAS | D57: CALDINO | F57: 1.5 | H57: Candawaga | K57: RC 222 | O57: Irrigated
B58: JAIME | C58: GALGANERA | D58: CAMILON | F58: 2 | H58: Candawaga | M58: B4 | O58: Rainfed
B59: FITERO | C59: CABANGAL | D59: CAMOT | F59: 7 | H59: Candawaga | I59: SYNGENTA | O59: Irrigated
B60: BERNIE | C60: FABURADA | D60: CAMOT | F60: 4 | H60: Candawaga | I60: TH 82 | O60: Irrigated
B61: PJ | C61: MANGARAN | D61: CANETE | F61: 2 | H61: Candawaga | I61: SYNGENTA | O61: Irrigated
B62: RODOLFO | C62: GAMOS | D62: CLAUD | F62: 2 | H62: Candawaga | I62: SYNGENTA | O62: Irrigated
B63: WARLITO | C63: ALVIOR | D63: COLLADO | E63: JR | F63: 2 | H63: Candawaga | K63: RC 18 | O63: Irrigated
B64: JULIE MAY | C64: AMADA | D64: COPIAS | F64: 3 | H64: Candawaga | K64: RC 222 | O64: Irrigated
B65: MENCHIE | C65: GADOR | D65: DALUMPINES | F65: 8.4 | H65: Candawaga | M65: B4 | O65: Rainfed
B66: JHEB | C66: ONOS | D66: DALUMPINES | F66: 2 | H66: Candawaga | M66: KANADOY | O66: Rainfed
B67: MARILOU | C67: NUNEZ | D67: DELOS SANTOS | F67: 2 | H67: Candawaga | I67: SYNGENTA | O67: Irrigated
B68: LOUIE | C68: NUNEZ | D68: DELOS SANTOS | F68: 2 | H68: Candawaga | I68: SYNGENTA | O68: Irrigated
B69: EVELYN | C69: TIOZON | D69: DOMINGO | F69: 1.5 | H69: Candawaga | K69: RC 222 | O69: Irrigated
B70: VIOLETA | C70: BASILIO | D70: DOMINGO | F70: 2 | H70: Candawaga | I70: SYNGENTA | O70: Irrigated
B71: SALVADOR | C71: FRESNILLO | D71: ELIJAN | E71: JR | F71: 2 | H71: Candawaga | M71: B4 | O71: Rainfed
B72: JERWIN | C72: PARADERO | D72: ENERO | F72: 2 | H72: Candawaga | M72: B4 | O72: Rainfed
B73: CHRISTIAN | C73: OLPOS | D73: ESPANOLA | F73: 2 | H73: Candawaga | I73: SYNGENTA | O73: Irrigated
B74: ARNEL | C74: ALBA | D74: ESPARTERO | F74: 1.5 | H74: Candawaga | K74: RC 402 | O74: Irrigated
B75: NITA | C75: EUSEBIO | D75: ESTEBAN | F75: 2 | H75: Candawaga | I75: SYNGENTA | O75: Irrigated
B76: JULIE | C76: MAGBANUA | D76: FRESNILLO | F76: 2 | H76: Candawaga | I76: SYNGENTA | O76: Irrigated
B77: EDESON | C77: OBOGAN | D77: FUERTE | F77: 2 | H77: Candawaga | I77: SYNGENTA | O77: Irrigated
B78: ERWIN | C78: ONG | D78: GABAYNO | F78: 1.5 | H78: Candawaga | K78: RC 18 | O78: Irrigated
B79: JELO | C79: ALIPIOSA | D79: GRAPA | E79: JR | F79: 2 | H79: Candawaga | M79: KANADOY | O79: Rainfed
B80: JEMUEL | C80: ALIPIOSA | D80: GRAPA | F80: 2 | H80: Candawaga | M80: B4 | O80: Rainfed
B81: AMBIC | C81: ANGCAR | D81: KHU | F81: 1.5 | H81: Candawaga | K81: RC 18 | O81: Irrigated
B82: JOLITA | C82: KHU | D82: LAPU | F82: 1.5 | H82: Candawaga | K82: RC 18 | O82: Irrigated
B83: MADELYN | C83: VILLANUEVA | D83: LECADIO | F83: 2 | H83: Candawaga | I83: SYNGENTA | O83: Irrigated
B84: MARK ERNIE | C84: VILLANUEVA | D84: LEOCADIO | F84: 2 | H84: Candawaga | I84: SYNGENTA | O84: Irrigated
B85: JUAN | C85: FERRER | D85: LEOCADIO | E85: JR | F85: 2 | H85: Candawaga | I85: SYNGENTA | O85: Irrigated
B86: MANUEL | C86: FERRER | D86: LEOCADIO | F86: 2 | H86: Candawaga | I86: SYNGENTA | O86: Irrigated
B87: DAMASO | C87: CASIBUAL | D87: LISUD | F87: 2 | H87: Candawaga | I87: SYNGENTA | O87: Irrigated
B88: NANETH | C88: SAMSONA | D88: LONGWA | F88: 1.6 | H88: Candawaga | K88: RC 18 | O88: Irrigated
B89: JUDY | C89: ALIPIOSA | D89: LUCAS | F89: 2 | H89: Candawaga | I89: SYNGENTA | O89: Irrigated
B90: RONNIE | C90: GREGAS | D90: MABAYAG | F90: 2 | H90: Candawaga | K90: RC 18 | O90: Irrigated
B91: FELISA | C91: DEMAYO | D91: MAGBANUA | F91: 2 | H91: Candawaga | I91: SYNGENTA | O91: Irrigated
B92: DANTE | C92: CARPENTERO | D92: MANGARAN | F92: 1.5 | H92: Candawaga | K92: RC 18 | O92: Irrigated
B93: JEFREY | C93: PEDRO | D93: MARIANO | F93: 2 | H93: Candawaga | I93: SYNGENTA | O93: Irrigated
B94: BILLY BOY | C94: RUBIO | D94: MARTINEZ | F94: 2 | H94: Candawaga | K94: RC 402 | O94: Irrigated
B95: REYMOND | C95: ENDINO | D95: MIRAL | F95: 1.5 | H95: Candawaga | K95: RC 18 | O95: Irrigated
B96: ALMANA | C96: ODA | D96: MONDIN | F96: 1.5 | H96: Candawaga | K96: RC 222 | O96: Irrigated
B97: ZUELA | C97: ROCO | D97: MONTANO | F97: 1.5 | H97: Candawaga | K97: RC 402 | O97: Irrigated
B98: JESSICA | C98: DEGVIL | D98: MONTANO | F98: 2 | H98: Candawaga | K98: RC 18 | O98: Irrigated
B99: FATIMA | C99: GUARIN | D99: MONTANO | F99: 9 | H99: Candawaga | I99: SYNGENTA | O99: Irrigated
B100: JOSEF | C100: MALUNES | D100: NAGATO | F100: 2.1 | H100: Candawaga | K100: RC 222 | O100: Irrigated
...

Sheet Mar 1-15
A1: Department of Agriculture
A2: REGIONAL FIELD OFFICE MIMAROPA
A3: Rice Program
D4: terminal
A5: DRY SEASON 2026 Planting Report
A6: as of March 15, 2026
A7: MUNICIPALITY / BARANGAY | B7: NO. OF FARMER PLANTED | C7: IRRIGATED | I7: RAINFED | R7: =A5 -> DRY SEASON 2026 Planting Report | X7: REMARKS
C9: HYBRID SEEDS | D9: REGISTERED SEEDS | E9: CERTIFIED SEEDS | F9: GOOD QUALITY SEEDS | G9: FARMERS HOME SAVED SEEDS / GS | H9: TOTAL | I9: LOWLAND | N9: UPLAND | Q9: TOTAL | R9: HYBRID SEEDS | S9: REGISTERED SEEDS | T9: CERTIFIED SEEDS | U9: GOOD QUALITY SEEDS | V9: FARMERS HOME SAVED SEEDS / GS | W9: TOTAL
I10: HYBRID SEEDS | J10: REGISTERED SEEDS | K10: CERTIFIED SEEDS | L10: GOOD QUALITY SEEDS | M10: FARMERS HOME SAVED SEEDS | N10: CERTIFIED SEEDS | O10: GOOD QUALITY SEEDS | P10: FARMERS HOME SAVED SEEDS / GS
A11: Rizal | B11: =SUM(B12:B23) -> 74 | C11: =SUM(C12:C23) -> 52.65 | D11: =SUM(D12:D23) -> 0 | E11: =SUM(E12:E23) -> 20.2 | F11: =SUM(F12:F23) -> 0 | G11: =SUM(G12:G23) -> 5.5 | H11: =SUM(H12:H23) -> 0 | I11: =SUM(I12:I23) -> 0 | ... W11: =SUM(W12:W23) -> 78.35
A12: Bunog | B12: 0 | Q12: =SUM(I12:P12) -> 0 | R12: =C12+I12 -> 0 | S12: =D12+J12 -> 0 | T12: =E12+K12+N12 -> 0 | U12: =F12+L12+O12 -> 0 | V12: =G12+M12+P12 -> 0 | W12: =SUM(R12:V12) -> 0 | X12: terminal
A13: Campong Ulay | B13: 0 | Q13: =SUM(I13:P13) -> 0 | R13: =C13+I13 -> 0 | S13: =D13+J13 -> 0 | T13: =E13+K13+N13 -> 0 | U13: =F13+L13+O13 -> 0 | V13: =G13+M13+P13 -> 0 | W13: =SUM(R13:V13) -> 0
A14: Candawaga | B14: 19 | C14: 16.3 | E14: 5 | G14: 2 | Q14: =SUM(I14:P14) -> 0 | R14: =C14+I14 -> 16.3 | S14: =D14+J14 -> 0 | T14: =E14+K14+N14 -> 5 | U14: =F14+L14+O14 -> 0 | V14: =G14+M14+P14 -> 2 | W14: =SUM(R14:V14) -> 23.3
A15: Canipaan | B15: 0 | Q15: =SUM(I15:P15) -> 0 | R15: =C15+I15 -> 0 | S15: =D15+J15 -> 0 | T15: =E15+K15+N15 -> 0 | U15: =F15+L15+O15 -> 0 | V15: =G15+M15+P15 -> 0 | W15: =SUM(R15:V15) -> 0
A16: Culasian | B16: 6 | C16: 3 | E16: 0 | G16: 0 | Q16: =SUM(I16:P16) -> 0 | R16: =C16+I16 -> 3 | S16: =D16+J16 -> 0 | T16: =E16+K16+N16 -> 0 | U16: =F16+L16+O16 -> 0 | V16: =G16+M16+P16 -> 0 | W16: =SUM(R16:V16) -> 3
A17: Iraan | B17: 7 | C17: 0 | E17: 3 | G17: 0.5 | Q17: =SUM(I17:P17) -> 0 | R17: =C17+I17 -> 0 | S17: =D17+J17 -> 0 | T17: =E17+K17+N17 -> 3 | U17: =F17+L17+O17 -> 0 | V17: =G17+M17+P17 -> 0.5 | W17: =SUM(R17:V17) -> 3.5
A18: Latud | B18: 0 | Q18: =SUM(I18:P18) -> 0 | R18: =C18+I18 -> 0 | S18: =D18+J18 -> 0 | T18: =E18+K18+N18 -> 0 | U18: =F18+L18+O18 -> 0 | V18: =G18+M18+P18 -> 0 | W18: =SUM(R18:V18) -> 0
A19: Panalingaan | B19: 13 | C19: 10.3 | E19: 0 | G19: 0 | Q19: =SUM(I19:P19) -> 0 | R19: =C19+I19 -> 10.3 | S19: =D19+J19 -> 0 | T19: =E19+K19+N19 -> 0 | U19: =F19+L19+O19 -> 0 | V19: =G19+M19+P19 -> 0 | W19: =SUM(R19:V19) -> 10.3
A20: Punta Baja | B20: 10 | C20: 2 | E20: 7.2 | G20: 1 | Q20: =SUM(I20:P20) -> 0 | R20: =C20+I20 -> 2 | S20: =D20+J20 -> 0 | T20: =E20+K20+N20 -> 7.2 | U20: =F20+L20+O20 -> 0 | V20: =G20+M20+P20 -> 1 | W20: =SUM(R20:V20) -> 10.2
A21: Ransang | B21: 12 | C21: 21.05 | E21: 0 | G21: 0 | Q21: =SUM(I21:P21) -> 0 | R21: =C21+I21 -> 21.05 | S21: =D21+J21 -> 0 | T21: =E21+K21+N21 -> 0 | U21: =F21+L21+O21 -> 0 | V21: =G21+M21+P21 -> 0 | W21: =SUM(R21:V21) -> 21.05
A22: Taburi | B22: 7 | C22: 0 | E22: 5 | G22: 2 | Q22: =SUM(I22:P22) -> 0 | R22: =C22+I22 -> 0 | S22: =D22+J22 -> 0 | T22: =E22+K22+N22 -> 5 | U22: =F22+L22+O22 -> 0 | V22: =G22+M22+P22 -> 2 | W22: =SUM(R22:V22) -> 7
A24: - to be submitted every 15th and 30th day of the month
A25: - March 15 submission for terminal planting under DS cropping
A26: =-A29 -> 0

Sheet Mar 1-15 Materlist
A1: Department of Agriculture
A2: REGIONAL FIELD OFFICE MIMAROPA
A3: Rice Program
A5: DRY SEASON 2026 Planting Report | I5: h | K5: cs | M5: fs
A6: as of Mar 15, 2026 | P6: s
A7: Location | B7: Name of Farmer | F7: Area Planted (Hectares) | G7: Date of Crop Establishent | H7: Location | I7: Type of Seeds and Variety | N7: Seeding Rate (Kg/Ha.) | O7: Field source of water
B8: first_name | C8: middle_name | D8: last_name | E8: ext_name | G8: (Transplanting or Broadcasting) | I8: HYBRID SEEDS | J8: REGISTERED SEEDS | K8: CERTIFIED SEEDS | L8: GOOD QUALITY SEEDS | M8: FARMERS HOME SAVED SEEDS / GS | O8: (Irrigated/ Rainfed Lowland/ Rainfed Upland)
B9: ROBEN | C9: BANTIGI | D9: ALBEO | F9: 1.5 | H9: Candawaga | K9: RC 18 | O9: Irrigated
B10: ALLAN | C10: SUYONG | D10: ALHARE | F10: 2 | H10: Candawaga | I10: SYNGENTA | O10: Irrigated
A11: Rizal | B11: JESSICA | C11: OBANIANA | D11: ALORO | F11: 1.3 | H11: Candawaga | I11: syngenta | O11: Irrigated
A12: Bunog | B12: WILLIAM RENGH | C12: SANTE | D12: AMAR | F12: 1 | H12: Candawaga | I12: AZ 8433 | O12: Irrigated
A13: Campong Ulay | B13: SAREPA | C13: NALUN | D13: ANGCAR | F13: 3 | H13: Candawaga | I13: AZ 8433 | O13: Irrigated
A14: Candawaga | B14: RAEL | C14: BERTO | D14: ARAGON | F14: 1 | H14: Candawaga | K14: RC 402 | O14: Irrigated
A15: Canipaan | B15: RONILO | C15: MONTANO | D15: ARAGON | F15: 1 | H15: Candawaga | K15: RC 18 | O15: Irrigated
A16: Culasian | B16: MOLINA | C16: HERMOSO | D16: BASILIO | F16: 1 | H16: Candawaga | K16: RC 222 | O16: Irrigated
A17: Iraan | B17: JEANELYN | C17: MONTERO | D17: BASILIO | F17: 1 | H17: Candawaga | I17: HABILIS | O17: Irrigated
A18: Latud | B18: RONNIE | C18: MARODJE | D18: BATSI | F18: 0.5 | H18: Candawaga | K18: RC 18 | O18: Irrigated
A19: Panalingaan | B19: MARICEL | C19: ARAGON | D19: BELO | F19: 1 | H19: Candawaga | I19: HABILIS | O19: Irrigated
A20: Punta Baja | B20: BONIFACIO | C20: COQUILLA | D20: BERDOS | E20: JR | F20: 1 | H20: Candawaga | I20: HABILIS | O20: Irrigated
A21: Ransang | B21: VIRGILIO | C21: LEOCADIO | D21: BESALES | F21: 1 | H21: Candawaga | I21: AZ 8433 | O21: Irrigated
A22: Taburi | B22: ADELFA | C22: CANAS | D22: BESALES | F22: 1 | H22: Candawaga | I22: HABILIS | O22: Irrigated
B23: GIRILYN | C23: BALADJAY | D23: BESALES | F23: 1 | H23: Candawaga | I23: HABILIS | O23: Irrigated
B24: RITCHEL | C24: CAUTIBAR | D24: BEUP | F24: 1 | H24: Candawaga | I24: SYNGENTA | O24: Irrigated
B25: REYMON | C25: CAUTIBAR | D25: BEUP | F25: 1 | H25: Candawaga | I25: HABILIS | O25: Irrigated
A26: =-A29 -> 0 | B26: OFELIA | C26: CORTEL | D26: BEUP | F26: 1 | H26: Candawaga | I26: AZ 8433 | O26: Irrigated
B27: NADIA | C27: SAMBAY | D27: BINANA | F27: 2 | H27: Candawaga | M27: B4 | O27: Irrigated
B28: ROGER | C28: OSHITA | D28: BUNDAL | F28: 0.5 | H28: Culasian | I28: HABILIS | O28: Irrigated
B29: JOY | C29: SERNA | D29: FLORIDO | F29: 0.5 | H29: Culasian | I29: HABILIS | O29: Irrigated
B30: LEONITO | C30: ROMERO | D30: REMEGIO | F30: 0.5 | H30: Culasian | I30: HABILIS | O30: Irrigated
B31: LANDO | C31: SUMAN | D31: SAMBER | F31: 0.5 | H31: Culasian | I31: syngenta | O31: Irrigated
B32: RONEL | C32: SAMBAY | D32: TAWADI | F32: 0.5 | H32: Culasian | I32: HABILIS | O32: Irrigated
B33: MARY JANE | C33: OLIVERIO | D33: TUIZA | F33: 0.5 | H33: Culasian | I33: HABILIS | O33: Irrigated
B34: MILA | C34: VALOR | D34: ARCUYO | F34: 0.5 | H34: Iraan | K34: RC 18 | O34: Irrigated
B35: PERLA | C35: LARAYA | D35: CABODILLO | F35: 0.5 | H35: Iraan | K35: RC 18 | O35: Irrigated
B36: PERLA | C36: LARAYA | D36: CABODILLO | F36: 0.5 | H36: Iraan | K36: RC 18 | O36: Irrigated
B37: PERLA | C37: LARAYA | D37: CABODILLO | F37: 0.5 | H37: Iraan | K37: RC 18 | O37: Irrigated
B38: CRISELDA | C38: VASQUEZ | D38: NODALO | F38: 0.5 | H38: Iraan | K38: RC 18 | O38: Irrigated
B39: RICKY | C39: SOBRETODA | D39: OLARTE | F39: 0.5 | H39: Iraan | M39: C4 | O39: Irrigated
B40: LILY | C40: GAGA A | D40: SIENES | F40: 0.5 | H40: Iraan | K40: RC 18 | O40: Irrigated
B41: JOCELYN | C41: REVILLO | D41: ENLAWOD | F41: 0.25 | H41: Panalingaan | I41: HABILIS | O41: Irrigated
B42: BENJAMIN | C42: BAJARO | D42: FABRIGAS | F42: 0.5 | H42: Panalingaan | I42: HABILIS | O42: Irrigated
B43: MARGIE | C43: LACSON | D43: GARDOSE | F43: 0.5 | H43: Panalingaan | I43: HABILIS | O43: Irrigated
B44: JERRY | C44: SUAY | D44: JATUHAN | F44: 0.5 | H44: Panalingaan | I44: HABILIS | O44: Irrigated
B45: DAVE | C45: FERNANDO | D45: JATUHAN | F45: 0.5 | H45: Panalingaan | I45: HABILIS | O45: Irrigated
B46: WILBERT | C46: DELOS SANTOS | D46: JIMENEZ | F46: 1 | H46: Panalingaan | I46: HABILIS | O46: Irrigated
B47: NILO | C47: ALEGRE | D47: JONTILLANO | F47: 1 | H47: Panalingaan | I47: HABILIS | O47: Irrigated
B48: VILMA | C48: JABAGAT | D48: JURILLA | F48: 1 | H48: Panalingaan | I48: HABILIS | O48: Irrigated
B49: BRYAN | C49: JABAGAT | D49: JURILLA | F49: 0.75 | H49: Panalingaan | I49: HABILIS | O49: Irrigated
B50: CARLITO | C50: HIPA-HIPA | D50: KHU | F50: 1 | H50: Panalingaan | I50: HABILIS | O50: Irrigated
B51: JENNY ANN | C51: VARONA | D51: KHU | F51: 1 | H51: Panalingaan | I51: HABILIS | O51: Irrigated
B52: MOISES | C52: BUNGAY | D52: LICAWAN | F52: 1.8 | H52: Panalingaan | I52: HABILIS | O52: Irrigated
B53: ALLAN | C53: VALLER | D53: TIONGSON | E53: SR | F53: 0.5 | H53: Panalingaan | I53: HABILIS | O53: Irrigated
B54: JAMES | C54: AGUELO | D54: CARBONILLA | F54: 1 | H54: Punta Baja | K54: RC 18 | O54: Irrigated
B55: SALVACION | C55: CATIMBANG | D55: CARDAMA | F55: 1 | H55: Punta Baja | K55: RC 18 | O55: Irrigated
B56: LEAH | C56: TRONGCO | D56: CASTILLOTE | F56: 1.2 | H56: Punta Baja | K56: RC 18 | O56: Irrigated
B57: ANAR-LEE | C57: MATU-UG | D57: CHAVEZ | F57: 1 | H57: Punta Baja | K57: RC 18 | O57: Irrigated
B58: BRAYAN | C58: GALLEGO | D58: COLONIA | F58: 1 | H58: Punta Baja | K58: RC 18 | O58: Irrigated
B59: ISIDRO | C59: NGALOT | D59: CUADRA | E59: JR | F59: 1 | H59: Punta Baja | M59: SPEED | O59: Irrigated
B60: JAYSON | C60: VILAR | D60: DELANTES | F60: 1 | H60: Punta Baja | K60: RC 402 | O60: Irrigated
B61: FRANKIE | C61: JACOBA | D61: DELOS SANTOS | F61: 1 | H61: Punta Baja | K61: RC 18 | O61: Irrigated
B62: GERARDO | C62: JAINAR | D62: DIAMA | F62: 1 | H62: Punta Baja | I62: SYNGENTA | O62: Irrigated
B63: CLEMENTE | C63: CONDE | D63: DUMAGPI | F63: 1 | H63: Punta Baja | I63: SYNGENTA | O63: Irrigated
B64: JEMUEL | C64: GALICHA | D64: GALANGA | F64: 3.25 | H64: Ransang | I64: SL 20 | O64: Irrigated
B65: ELVIE | C65: GAPILANGO | D65: GALANGA | F65: 1 | H65: Ransang | I65: SL 20 | O65: Irrigated
B66: MAYLEN | C66: LOSARITO | D66: GALENDEZ | F66: 1 | H66: Ransang | I66: SL 19 | O66: Irrigated
B67: JEREL | C67: LETEG | D67: JIOL | F67: 1 | H67: Ransang | I67: SL 20 | O67: Irrigated
